Type,Days for shipping (real),Days for shipment (scheduled),Benefit per order,Sales per customer,Delivery Status,Late_delivery_risk,Category Id,Category Name,Customer City,Customer Country,Customer Email,Customer Fname,Customer Id,Customer Lname,Customer Password,Customer Segment,Customer State,Customer Street,Customer Zipcode,Department Id,Department Name,Latitude,Longitude,Market,Order City,Order Country,Order Customer Id,order date (DateOrders),Order Id,Order Item Cardprod Id,Order Item Discount,Order Item Discount Rate,Order Item Id,Order Item Product Price,Order Item Profit Ratio,Order Item Quantity,Sales,Order Item Total,Order Profit Per Order,Order Region,Order Status,Order Zipcode,Product Card Id,Product Category Id,Product Description,Product Image,Product Price,Product Status,shipping date (DateOrders),Shipping Mode,Product Name,Index
DEBIT,2,1,32.03,283.48,Late delivery,1,43,Camping & Hiking,Bend,EE. UU.,XXXXXXXXX,Mary,123,Mann,XXXXXXXXX,Corporate,OR,7676 Colonial Towers,97701,7,Fan Shop,44.06,-12.13,Europe,Ustinad Labem,Republic checa,123,42560,42158,957,16.5,0.06,105279,299.98,0.11,1,299.98,283.48,32.03,Eastern Europe,ON_HOLD,,957,43,,http://images.acmesports.sports/Diamondback+Women%27s+Serene+Classic+Comfort+Bike+2014,299.98,0,42622.39444,First Class,Diamondback Women's Serene Classic Comfort Bi,0
DEBIT,2,1,66.4,278.98,Late delivery,1,43,Camping & Hiking,Bend,EE. UU.,XXXXXXXXX,Mary,123,Mann,XXXXXXXXX,Corporate,OR,7676 Colonial Towers,97701,7,Fan Shop,44.06,-12.13,Europe,Ustinad Labem,Republic checa,123,42560,42158,957,21,0.07,105278,299.98,0.24,1,299.98,278.98,66.4,Eastern Europe,ON_HOLD,,957,43,,http://images.acmesports.sports/Diamondback+Women%27s+Serene+Classic+Comfort+Bike+2014,299.98,0,42622.39444,First Class,Diamondback Women's Serene Classic Comfort Bi,1
DEBIT,2,1,26.98,83,Late delivery,1,24,Women's Apparel,Bend,EE. UU.,XXXXXXXXX,Mary,123,Mann,XXXXXXXXX,Corporate,OR,7676 Colonial Towers,97701,5,Golf,44.06,-12.13,Europe,Ustinad Labem,Republic checa,123,42560,42158,502,17,0.17,105280,50,0.33,2,100,83,26.98,Eastern Europe,ON_HOLD,,502,24,,http://images.acmesports.sports/Nike+Men%27s+Dri-FIT+Victory+Golf+Polo,50,0,42622.39444,First Class,Nike Men's Dri-FIT Victory Golf Polo,2
DEBIT,3,2,18.97,55.79,Late delivery,1,17,Cleats,Caguas,Puerto Rico,XXXXXXXXX,Ann,7455,Smith,XXXXXXXXX,Corporate,PR,9775 Middle River Townline,725,4,Apparel,18.22,-66.37,Europe,Ustinad Labem,Republic checa,7455,43040,50767,365,4.199999809,0.07,126871,59.99,0.34,1,59.99,55.79,18.97,Eastern Europe,ON_HOLD,,365,17,,http://images.acmesports.sports/Perfect+Fitness+Perfect+Rip+Deck,59.99,0,42749.06597,Second Class,Perfect Fitness Perfect Rip Deck,3
DEBIT,3,2,68.85,254.98,Late delivery,1,43,Camping & Hiking,Caguas,Puerto Rico,XXXXXXXXX,Ann,7455,Smith,XXXXXXXXX,Corporate,PR,9775 Middle River Townline,725,7,Fan Shop,18.22,-66.37,Europe,Ustinad Labem,Republic checa,7455,43040,50767,957,45,0.15,126874,299.98,0.27,1,299.98,254.98,68.85,Eastern Europe,ON_HOLD,,957,43,,http://images.acmesports.sports/Diamondback+Women%27s+Serene+Classic+Comfort+Bike+2014,299.98,0,42749.06597,Second Class,Diamondback Women's Serene Classic Comfort Bi,4
DEBIT,3,2,49.89,113.38,Late delivery,1,17,Cleats,Caguas,Puerto Rico,XXXXXXXXX,Ann,7455,Smith,XXXXXXXXX,Corporate,PR,9775 Middle River Townline,725,4,Apparel,18.22,-66.37,Europe,Ustinad Labem,Republic checa,7455,43040,50767,365,6.599999905,0.06,126873,59.99,0.44,2,119.98,113.38,49.89,Eastern Europe,ON_HOLD,,365,17,,http://images.acmesports.sports/Perfect+Fitness+Perfect+Rip+Deck,59.99,0,42749.06597,Second Class,Perfect Fitness Perfect Rip Deck,5
DEBIT,3,2,33.47,111.58,Late delivery,1,17,Cleats,Caguas,Puerto Rico,XXXXXXXXX,Ann,7455,Smith,XXXXXXXXX,Corporate,PR,9775 Middle River Townline,725,4,Apparel,18.22,-66.37,Europe,Ustinad Labem,Republic checa,7455,43040,50767,365,8.399999619,0.07,126872,59.99,0.3,2,119.98,111.58,33.47,Eastern Europe,ON_HOLD,,365,17,,http://images.acmesports.sports/Perfect+Fitness+Perfect+Rip+Deck,59.99,0,42749.06597,Second Class,Perfect Fitness Perfect Rip Deck,6
DEBIT,2,1,22.6,199.99,Late delivery,1,48,Water Sports,Bend,EE. UU.,XXXXXXXXX,Mary,123,Mann,XXXXXXXXX,Corporate,OR,7676 Colonial Towers,97701,7,Fan Shop,44.06,-12.13,Europe,Ustinad Labem,Republic checa,123,42560,42158,1073,0,0,105277,199.99,0.11,1,199.99,199.99,22.6,Eastern Europe,ON_HOLD,,1073,48,,http://images.acmesports.sports/Pelican+Sunstream+100+Kayak,199.99,0,42622.39444,First Class,Pelican Sunstream 100 Kayak,7
DEBIT,6,4,25.19,83.97,Late delivery,1,46,Indoor/Outdoor Games,Modesto,EE. UU.,XXXXXXXXX,Danielle,315,Hampton,XXXXXXXXX,Home Office,CA,1846 Cotton Oak Parkway,95350,7,Fan Shop,37.67,-121.03,Europe,Ustinad Labem,Republic checa,315,43040,50770,1014,15.98999977,0.16,126879,49.98,0.3,2,99.96,83.97,25.19,Eastern Europe,COMPLETE,,1014,46,,http://images.acmesports.sports/O%27Brien+Men%27s+Neoprene+Life+Vest,49.98,0,42752.10972,Standard Class,O'Brien Men's Neoprene Life Vest,8
PAYMENT,5,4,-371.85,239.9,Late delivery,1,46,Indoor/Outdoor Games,Brooklyn,EE. UU.,XXXXXXXXX,Laura,4959,Baldwin,XXXXXXXXX,Home Office,NY,226 Rustic Highlands,11218,7,Fan Shop,40.67,-73.95,Europe,Ustinad Labem,Republic checa,4959,43040,50769,1014,10,0.04,126878,49.98,-1.55,5,249.9,239.9,-371.85,Eastern Europe,PENDING_PAYMENT,,1014,46,,http://images.acmesports.sports/O%27Brien+Men%27s+Neoprene+Life+Vest,49.98,0,42751.09514,Standard Class,O'Brien Men's Neoprene Life Vest,9
PAYMENT,5,4,2.83,141.69,Late delivery,1,46,Indoor/Outdoor Games,Brooklyn,EE. UU.,XXXXXXXXX,Laura,4959,Baldwin,XXXXXXXXX,Home Office,NY,226 Rustic Highlands,11218,7,Fan Shop,40.67,-73.95,Europe,Ustinad Labem,Republic checa,4959,43040,50769,1014,8.25,0.06,126877,49.98,0.02,3,149.94,141.69,2.83,Eastern Europe,PENDING_PAYMENT,,1014,46,,http://images.acmesports.sports/O%27Brien+Men%27s+Neoprene+Life+Vest,49.98,0,42751.09514,Standard Class,O'Brien Men's Neoprene Life Vest,10
PAYMENT,5,4,49.86,237.41,Late delivery,1,46,Indoor/Outdoor Games,Brooklyn,EE. UU.,XXXXXXXXX,Laura,4959,Baldwin,XXXXXXXXX,Home Office,NY,226 Rustic Highlands,11218,7,Fan Shop,40.67,-73.95,Europe,Ustinad Labem,Republic checa,4959,43040,50769,1014,12.5,0.05,126875,49.98,0.21,5,249.9,237.41,49.86,Eastern Europe,PENDING_PAYMENT,,1014,46,,http://images.acmesports.sports/O%27Brien+Men%27s+Neoprene+Life+Vest,49.98,0,42751.09514,Standard Class,O'Brien Men's Neoprene Life Vest,11
DEBIT,6,4,98.6,339.98,Late delivery,1,45,Fishing,Modesto,EE. UU.,XXXXXXXXX,Danielle,315,Hampton,XXXXXXXXX,Home Office,CA,1846 Cotton Oak Parkway,95350,7,Fan Shop,37.67,-121.03,Europe,Ustinad Labem,Republic checa,315,43040,50770,1004,60,0.15,126880,399.98,0.29,1,399.98,339.98,98.6,Eastern Europe,COMPLETE,,1004,45,,http://images.acmesports.sports/Field+%26+Stream+Sportsman+16+Gun+Fire+Safe,399.98,0,42752.10972,Standard Class,Field & Stream Sportsman 16 Gun Fire Safe,12
PAYMENT,5,4,24.94,56.69,Late delivery,1,17,Cleats,Brooklyn,EE. UU.,XXXXXXXXX,Laura,4959,Baldwin,XXXXXXXXX,Home Office,NY,226 Rustic Highlands,11218,4,Apparel,40.67,-73.95,Europe,Ustinad Labem,Republic checa,4959,43040,50769,365,3.299999952,0.06,126876,59.99,0.44,1,59.99,56.69,24.94,Eastern Europe,PENDING_PAYMENT,,365,17,,http://images.acmesports.sports/Perfect+Fitness+Perfect+Rip+Deck,59.99,0,42751.09514,Standard Class,Perfect Fitness Perfect Rip Deck,13
TRANSFER,3,2,33.69,76.56,Late delivery,1,7,Hockey,Lombard,EE. UU.,XXXXXXXXX,Victoria,12355,Smith,XXXXXXXXX,Consumer,IL,8569 Emerald Blossom Concession,60148,2,Fitness,41.85,-88.01,Africa,Mbandaka,Republica Democratica del Congo,12355,42715,46687,135,11.43999958,0.13,116725,22,0.44,4,88,76.56,33.69,Central Africa,PROCESSING,,135,7,,http://images.acmesports.sports/Nike+Dri-FIT+Crew+Sock+6+Pack,22,0,42689.50764,Second Class,Nike Dri-FIT Crew Sock 6 Pack,14
DEBIT,6,4,11.44,114.39,Late delivery,1,18,Men's Footwear,Caguas,Puerto Rico,XXXXXXXXX,Jacqueline,754,Smith,XXXXXXXXX,Consumer,PR,529 Blue Grove Rise,725,4,Apparel,18.23,-66.05,Africa,Mbandaka,Republica Democratica del Congo,754,42715,46690,403,15.60000038,0.12,116736,129.99,0.1,1,129.99,114.39,11.44,Central Africa,COMPLETE,,403,18,,http://images.acmesports.sports/Nike+Men%27s+CJ+Elite+2+TD+Football+Cleat,129.99,0,42692.55139,Standard Class,Nike Men's CJ Elite 2 TD Football Cleat,15
DEBIT,6,4,42.41,113.09,Late delivery,1,18,Men's Footwear,Caguas,Puerto Rico,XXXXXXXXX,Jacqueline,754,Smith,XXXXXXXXX,Consumer,PR,529 Blue Grove Rise,725,4,Apparel,18.23,-66.05,Africa,Mbandaka,Republica Democratica del Congo,754,42715,46690,403,16.89999962,0.13,116734,129.99,0.38,1,129.99,113.09,42.41,Central Africa,COMPLETE,,403,18,,http://images.acmesports.sports/Nike+Men%27s+CJ+Elite+2+TD+Football+Cleat,129.99,0,42692.55139,Standard Class,Nike Men's CJ Elite 2 TD Football Cleat,16
CASH,0,0,21.75,217.5,Shipping on time,0,24,Women's Apparel,Longmont,EE. UU.,XXXXXXXXX,Roger,11068,Smith,XXXXXXXXX,Consumer,CO,2088 Misty Woods,80501,5,Golf,40.19,-105.1,Africa,Mbandaka,Republica Democratica del Congo,11068,,42544,502,32.5,0.13,106205,50,0.1,5,250,217.5,21.75,Central Africa,CLOSED,,502,24,,http://images.acmesports.sports/Nike+Men%27s+Dri-FIT+Victory+Golf+Polo,50,0,42626.52917,Same Day,Nike Men's Dri-FIT Victory Golf Polo,17
PAYMENT,2,2,38.22,109.19,Shipping on time,0,18,Men's Footwear,Chicago,EE. UU.,XXXXXXXXX,Michael,763,Carpenter,XXXXXXXXX,Consumer,IL,3329 Green Butterfly Pines,60638,4,Apparel,41.9,-87.71,Africa,Mbandaka,Republica Democratica del Congo,763,42715,46686,403,20.79999924,0.16,116722,129.99,0.35,1,129.99,109.19,38.22,Central Africa,PENDING_PAYMENT,,403,18,,http://images.acmesports.sports/Nike+Men%27s+CJ+Elite+2+TD+Football+Cleat,129.99,0,42688.49306,Second Class,Nike Men's CJ Elite 2 TD Football Cleat,18
PAYMENT,2,2,-81.79,111.58,Shipping on time,0,17,Cleats,Chicago,EE. UU.,XXXXXXXXX,Michael,763,Carpenter,XXXXXXXXX,Consumer,IL,3329 Green Butterfly Pines,60638,4,Apparel,41.9,-87.71,Africa,Mbandaka,Republica Democratica del Congo,763,42715,46686,365,8.399999619,0.07,116720,59.99,-0.73,2,119.98,111.58,-81.79,Central Africa,PENDING_PAYMENT,,365,17,,http://images.acmesports.sports/Perfect+Fitness+Perfect+Rip+Deck,59.99,0,42688.49306,Second Class,Perfect Fitness Perfect Rip Deck,19
PAYMENT,2,2,99.74,284.97,Shipping on time,0,9,Cardio Equipment,Chicago,EE. UU.,XXXXXXXXX,Michael,763,Carpenter,XXXXXXXXX,Consumer,IL,3329 Green Butterfly Pines,60638,3,Footwear,41.9,-87.71,Africa,Mbandaka,Republica Democratica del Congo,763,42715,46686,191,15,0.05,116723,99.99,0.35,3,299.97,284.97,99.74,Central Africa,PENDING_PAYMENT,,191,9,,http://images.acmesports.sports/Nike+Men%27s+Free+5.0%2B+Running+Shoe,99.99,0,42688.49306,Second Class,Nike Men's Free 5.0+ Running Shoe,20
PAYMENT,2,2,74.25,148.5,Shipping on time,0,24,Women's Apparel,Chicago,EE. UU.,XXXXXXXXX,Michael,763,Carpenter,XXXXXXXXX,Consumer,IL,3329 Green Butterfly Pines,60638,5,Golf,41.9,-87.71,Africa,Mbandaka,Republica Democratica del Congo,763,42715,46686,502,1.5,0.01,116724,50,0.5,3,150,148.5,74.25,Central Africa,PENDING_PAYMENT,,502,24,,http://images.acmesports.sports/Nike+Men%27s+Dri-FIT+Victory+Golf+Polo,50,0,42688.49306,Second Class,Nike Men's Dri-FIT Victory Golf Polo,21
DEBIT,4,4,-146.99,97.99,Shipping on time,0,9,Cardio Equipment,Caguas,Puerto Rico,XXXXXXXXX,Joseph,8403,Smith,XXXXXXXXX,Corporate,PR,6502 Misty Forest,725,3,Footwear,18.28,-66.37,Africa,Mbandaka,Republica Democratica del Congo,8403,42715,46693,191,2,0.02,116745,99.99,-1.5,1,99.99,97.99,-146.99,Central Africa,COMPLETE,,191,9,,http://images.acmesports.sports/Nike+Men%27s+Free+5.0%2B+Running+Shoe,99.99,0,42690.59514,Standard Class,Nike Men's Free 5.0+ Running Shoe,22
DEBIT,6,2,76.43,293.98,Late delivery,1,43,Camping & Hiking,Tampa,EE. UU.,XXXXXXXXX,Mary,11523,Mayer,XXXXXXXXX,Consumer,FL,9173 Little River Place,33624,7,Fan Shop,28.1,-82.51,Africa,Mbandaka,Republica Democratica del Congo,11523,42715,46685,957,6,0.02,116719,299.98,0.26,1,299.98,293.98,76.43,Central Africa,COMPLETE,,957,43,,http://images.acmesports.sports/Diamondback+Women%27s+Serene+Classic+Comfort+Bike+2014,299.98,0,42692.47847,Second Class,Diamondback Women's Serene Classic Comfort Bi,23
DEBIT,6,2,23.69,50.4,Late delivery,1,29,Shop By Sport,Tampa,EE. UU.,XXXXXXXXX,Mary,11523,Mayer,XXXXXXXXX,Consumer,FL,9173 Little River Place,33624,5,Golf,28.1,-82.51,Africa,Mbandaka,Republica Democratica del Congo,11523,42715,46685,642,9.600000381,0.16,116717,30,0.47,2,60,50.4,23.69,Central Africa,COMPLETE,,642,29,,http://images.acmesports.sports/Columbia+Men%27s+PFG+Anchor+Tough+T-Shirt,30,0,42692.47847,Second Class,Columbia Men's PFG Anchor Tough T-Shirt,24
DEBIT,6,2,64.9,192,Late delivery,1,24,Women's Apparel,Tampa,EE. UU.,XXXXXXXXX,Mary,11523,Mayer,XXXXXXXXX,Consumer,FL,9173 Little River Place,33624,5,Golf,28.1,-82.51,Africa,Mbandaka,Republica Democratica del Congo,11523,42715,46685,502,8,0.04,116716,50,0.34,4,200,192,64.9,Central Africa,COMPLETE,,502,24,,http://images.acmesports.sports/Nike+Men%27s+Dri-FIT+Victory+Golf+Polo,50,0,42692.47847,Second Class,Nike Men's Dri-FIT Victory Golf Polo,25
DEBIT,6,2,141.1,293.95,Late delivery,1,17,Cleats,Tampa,EE. UU.,XXXXXXXXX,Mary,11523,Mayer,XXXXXXXXX,Consumer,FL,9173 Little River Place,33624,4,Apparel,28.1,-82.51,Africa,Mbandaka,Republica Democratica del Congo,11523,42715,46685,365,6,0.02,116718,59.99,0.48,5,299.95,293.95,141.1,Central Africa,COMPLETE,,365,17,,http://images.acmesports.sports/Perfect+Fitness+Perfect+Rip+Deck,59.99,0,42692.47847,Second Class,Perfect Fitness Perfect Rip Deck,26
DEBIT,5,4,-24.6,113.38,Late delivery,1,17,Cleats,Caguas,Puerto Rico,XXXXXXXXX,Matthew,1826,Smith,XXXXXXXXX,Corporate,PR,3150 Noble Walk,725,4,Apparel,18.22,-66.37,Africa,Mbandaka,Republica Democratica del Congo,1826,42715,46689,365,6.599999905,0.06,116732,59.99,-0.22,2,119.98,113.38,-24.6,Central Africa,COMPLETE,,365,17,,http://images.acmesports.sports/Perfect+Fitness+Perfect+Rip+Deck,59.99,0,42691.53681,Standard Class,Perfect Fitness Perfect Rip Deck,27
TRANSFER,3,4,56.78,167.99,Advance shipping,0,48,Water Sports,Brooklyn,EE. UU.,XXXXXXXXX,William,6176,Garza,XXXXXXXXX,Home Office,NY,9634 Bright Robin Circle,11211,7,Fan Shop,40.71,-73.96,Africa,Mbandaka,Republica Democratica del Congo,6176,42715,46692,1073,32,0.16,116742,199.99,0.34,1,199.99,167.99,56.78,Central Africa,PROCESSING,,1073,48,,http://images.acmesports.sports/Pelican+Sunstream+100+Kayak,199.99,0,42689.58056,Standard Class,Pelican Sunstream 100 Kayak,28
TRANSFER,3,2,59.76,165.99,Late delivery,1,48,Water Sports,Lombard,EE. UU.,XXXXXXXXX,Victoria,12355,Smith,XXXXXXXXX,Consumer,IL,8569 Emerald Blossom Concession,60148,7,Fan Shop,41.85,-88.01,Africa,Mbandaka,Republica Democratica del Congo,12355,42715,46687,1073,34,0.17,116726,199.99,0.36,1,199.99,165.99,59.76,Central Africa,PROCESSING,,1073,48,,http://images.acmesports.sports/Pelican+Sunstream+100+Kayak,199.99,0,42689.50764,Second Class,Pelican Sunstream 100 Kayak,29
DEBIT,6,4,60.25,165.99,Late delivery,1,48,Water Sports,Caguas,Puerto Rico,XXXXXXXXX,Sarah,5728,Montoya,XXXXXXXXX,Home Office,PR,8736 Merry Extension,725,7,Fan Shop,18.23,-66.37,Africa,Mbandaka,Republica Democratica del Congo,5728,,45290,1073,34,0.17,113164,199.99,0.36,1,199.99,165.99,60.25,Central Africa,COMPLETE,,1073,48,,http://images.acmesports.sports/Pelican+Sunstream+100+Kayak,199.99,0,42672.11458,Standard Class,Pelican Sunstream 100 Kayak,30
CASH,0,0,-14.99,149.94,Shipping on time,0,46,Indoor/Outdoor Games,Longmont,EE. UU.,XXXXXXXXX,Roger,11068,Smith,XXXXXXXXX,Consumer,CO,2088 Misty Woods,80501,7,Fan Shop,40.19,-105.1,Africa,Mbandaka,Republica Democratica del Congo,11068,,42544,1014,49.97999954,0.25,106207,49.98,-0.1,4,199.92,149.94,-14.99,Central Africa,CLOSED,,1014,46,,http://images.acmesports.sports/O%27Brien+Men%27s+Neoprene+Life+Vest,49.98,0,42626.52917,Same Day,O'Brien Men's Neoprene Life Vest,31
CASH,0,0,26.94,97.96,Shipping on time,0,46,Indoor/Outdoor Games,Longmont,EE. UU.,XXXXXXXXX,Roger,11068,Smith,XXXXXXXXX,Consumer,CO,2088 Misty Woods,80501,7,Fan Shop,40.19,-105.1,Africa,Mbandaka,Republica Democratica del Congo,11068,,42544,1014,2,0.02,106206,49.98,0.28,2,99.96,97.96,26.94,Central Africa,CLOSED,,1014,46,,http://images.acmesports.sports/O%27Brien+Men%27s+Neoprene+Life+Vest,49.98,0,42626.52917,Same Day,O'Brien Men's Neoprene Life Vest,32
DEBIT,4,4,11.9,191.92,Shipping on time,0,46,Indoor/Outdoor Games,Caguas,Puerto Rico,XXXXXXXXX,Joseph,8403,Smith,XXXXXXXXX,Corporate,PR,6502 Misty Forest,725,7,Fan Shop,18.28,-66.37,Africa,Mbandaka,Republica Democratica del Congo,8403,42715,46693,1014,8,0.04,116746,49.98,0.06,4,199.92,191.92,11.9,Central Africa,COMPLETE,,1014,46,,http://images.acmesports.sports/O%27Brien+Men%27s+Neoprene+Life+Vest,49.98,0,42690.59514,Standard Class,O'Brien Men's Neoprene Life Vest,33
CASH,2,4,-1.45,49.98,Advance shipping,0,46,Indoor/Outdoor Games,Caguas,Puerto Rico,XXXXXXXXX,Alexander,361,Shaw,XXXXXXXXX,Consumer,PR,6183 Tawny Elk Concession,725,7,Fan Shop,18.25,-66.03,Africa,Mbandaka,Republica Democratica del Congo,361,42715,46691,1014,0,0,116741,49.98,-0.03,1,49.98,49.98,-1.45,Central Africa,CLOSED,,1014,46,,http://images.acmesports.sports/O%27Brien+Men%27s+Neoprene+Life+Vest,49.98,0,42688.56597,Standard Class,O'Brien Men's Neoprene Life Vest,34
PAYMENT,2,2,-37.57,48.98,Shipping on time,0,46,Indoor/Outdoor Games,Chicago,EE. UU.,XXXXXXXXX,Michael,763,Carpenter,XXXXXXXXX,Consumer,IL,3329 Green Butterfly Pines,60638,7,Fan Shop,41.9,-87.71,Africa,Mbandaka,Republica Democratica del Congo,763,42715,46686,1014,1,0.02,116721,49.98,-0.77,1,49.98,48.98,-37.57,Central Africa,PENDING_PAYMENT,,1014,46,,http://images.acmesports.sports/O%27Brien+Men%27s+Neoprene+Life+Vest,49.98,0,42688.49306,Second Class,O'Brien Men's Neoprene Life Vest,35
DEBIT,6,2,93.06,244.9,Late delivery,1,46,Indoor/Outdoor Games,Tampa,EE. UU.,XXXXXXXXX,Mary,11523,Mayer,XXXXXXXXX,Consumer,FL,9173 Little River Place,33624,7,Fan Shop,28.1,-82.51,Africa,Mbandaka,Republica Democratica del Congo,11523,42715,46685,1014,5,0.02,116715,49.98,0.38,5,249.9,244.9,93.06,Central Africa,COMPLETE,,1014,46,,http://images.acmesports.sports/O%27Brien+Men%27s+Neoprene+Life+Vest,49.98,0,42692.47847,Second Class,O'Brien Men's Neoprene Life Vest,36
TRANSFER,3,2,145.52,296.98,Late delivery,1,43,Camping & Hiking,Lombard,EE. UU.,XXXXXXXXX,Victoria,12355,Smith,XXXXXXXXX,Consumer,IL,8569 Emerald Blossom Concession,60148,7,Fan Shop,41.85,-88.01,Africa,Mbandaka,Republica Democratica del Congo,12355,42715,46687,957,3,0.01,116727,299.98,0.49,1,299.98,296.98,145.52,Central Africa,PROCESSING,,957,43,,http://images.acmesports.sports/Diamondback+Women%27s+Serene+Classic+Comfort+Bike+2014,299.98,0,42689.50764,Second Class,Diamondback Women's Serene Classic Comfort Bi,37
CASH,4,4,5.82,77.56,Shipping on time,0,36,Golf Balls,Caguas,Puerto Rico,XXXXXXXXX,Mary,4056,Smith,XXXXXXXXX,Home Office,PR,7988 Red Boulevard,725,6,Outdoors,18.27,-66.37,Africa,Mbandaka,Republica Democratica del Congo,4056,,42543,804,2.400000095,0.03,106204,19.99,0.08,4,79.96,77.56,5.82,Central Africa,CLOSED,,804,36,,http://images.acmesports.sports/Glove+It+Women%27s+Imperial+Golf+Glove,19.99,0,42630.01458,Standard Class,Glove It Women's Imperial Golf Glove,38
DEBIT,4,4,-64,319.98,Shipping on time,0,45,Fishing,Caguas,Puerto Rico,XXXXXXXXX,Joseph,8403,Smith,XXXXXXXXX,Corporate,PR,6502 Misty Forest,725,7,Fan Shop,18.28,-66.37,Africa,Mbandaka,Republica Democratica del Congo,8403,42715,46693,1004,80,0.2,116747,399.98,-0.2,1,399.98,319.98,-64,Central Africa,COMPLETE,,1004,45,,http://images.acmesports.sports/Field+%26+Stream+Sportsman+16+Gun+Fire+Safe,399.98,0,42690.59514,Standard Class,Field & Stream Sportsman 16 Gun Fire Safe,39
DEBIT,6,4,24,299.99,Late delivery,1,45,Fishing,Caguas,Puerto Rico,XXXXXXXXX,Jacqueline,754,Smith,XXXXXXXXX,Consumer,PR,529 Blue Grove Rise,725,7,Fan Shop,18.23,-66.05,Africa,Mbandaka,Republica Democratica del Congo,754,42715,46690,1004,100,0.25,116735,399.98,0.08,1,399.98,299.99,24,Central Africa,COMPLETE,,1004,45,,http://images.acmesports.sports/Field+%26+Stream+Sportsman+16+Gun+Fire+Safe,399.98,0,42692.55139,Standard Class,Field & Stream Sportsman 16 Gun Fire Safe,40
DEBIT,5,4,111.99,399.98,Late delivery,1,45,Fishing,Caguas,Puerto Rico,XXXXXXXXX,Matthew,1826,Smith,XXXXXXXXX,Corporate,PR,3150 Noble Walk,725,7,Fan Shop,18.22,-66.37,Africa,Mbandaka,Republica Democratica del Congo,1826,42715,46689,1004,0,0,116733,399.98,0.28,1,399.98,399.98,111.99,Central Africa,COMPLETE,,1004,45,,http://images.acmesports.sports/Field+%26+Stream+Sportsman+16+Gun+Fire+Safe,399.98,0,42691.53681,Standard Class,Field & Stream Sportsman 16 Gun Fire Safe,41
DEBIT,3,4,42.24,383.98,Advance shipping,0,45,Fishing,Meridian,EE. UU.,XXXXXXXXX,Carl,7123,Smith,XXXXXXXXX,Consumer,ID,4502 Hazy Run,83642,7,Fan Shop,43.56,-116.39,Africa,Mbandaka,Republica Democratica del Congo,7123,,45292,1004,16,0.04,113170,399.98,0.11,1,399.98,383.98,42.24,Central Africa,COMPLETE,,1004,45,,http://images.acmesports.sports/Field+%26+Stream+Sportsman+16+Gun+Fire+Safe,399.98,0,42669.14375,Standard Class,Field & Stream Sportsman 16 Gun Fire Safe,42
DEBIT,6,4,-45.69,191.98,Late delivery,1,9,Cardio Equipment,Caguas,Puerto Rico,XXXXXXXXX,Sarah,5728,Montoya,XXXXXXXXX,Home Office,PR,8736 Merry Extension,725,3,Footwear,18.23,-66.37,Africa,Mbandaka,Republica Democratica del Congo,5728,,45290,191,8,0.04,113165,99.99,-0.24,2,199.98,191.98,-45.69,Central Africa,COMPLETE,,191,9,,http://images.acmesports.sports/Nike+Men%27s+Free+5.0%2B+Running+Shoe,99.99,0,42672.11458,Standard Class,Nike Men's Free 5.0+ Running Shoe,43
DEBIT,6,4,-395.18,254.96,Late delivery,1,17,Cleats,Caguas,Puerto Rico,XXXXXXXXX,Sarah,5728,Montoya,XXXXXXXXX,Home Office,PR,8736 Merry Extension,725,4,Apparel,18.23,-66.37,Africa,Mbandaka,Republica Democratica del Congo,5728,,45290,365,44.99000168,0.15,113163,59.99,-1.55,5,299.95,254.96,-395.18,Central Africa,COMPLETE,,365,17,,http://images.acmesports.sports/Perfect+Fitness+Perfect+Rip+Deck,59.99,0,42672.11458,Standard Class,Perfect Fitness Perfect Rip Deck,44
TRANSFER,4,4,41.43,110.49,Shipping canceled,0,18,Men's Footwear,Caguas,Puerto Rico,XXXXXXXXX,Mary,1613,Smith,XXXXXXXXX,Consumer,PR,3307 Broad Beacon Wood,725,4,Apparel,18.2,-66.37,Africa,Mbandaka,Republica Democratica del Congo,1613,42715,46688,403,19.5,0.15,116729,129.99,0.38,1,129.99,110.49,41.43,Central Africa,SUSPECTED_FRAUD,,403,18,,http://images.acmesports.sports/Nike+Men%27s+CJ+Elite+2+TD+Football+Cleat,129.99,0,42690.52222,Standard Class,Nike Men's CJ Elite 2 TD Football Cleat,45
TRANSFER,4,4,14.35,49.48,Shipping canceled,0,40,Accessories,Caguas,Puerto Rico,XXXXXXXXX,Mary,1613,Smith,XXXXXXXXX,Consumer,PR,3307 Broad Beacon Wood,725,6,Outdoors,18.2,-66.37,Africa,Mbandaka,Republica Democratica del Congo,1613,42715,46688,905,0.5,0.01,116731,24.99,0.29,2,49.98,49.48,14.35,Central Africa,SUSPECTED_FRAUD,,905,40,,http://images.acmesports.sports/Team+Golf+Texas+Longhorns+Putter+Grip,24.99,0,42690.52222,Standard Class,Team Golf Texas Longhorns Putter Grip,46
TRANSFER,4,4,108.27,230.36,Shipping canceled,0,17,Cleats,Caguas,Puerto Rico,XXXXXXXXX,Mary,1613,Smith,XXXXXXXXX,Consumer,PR,3307 Broad Beacon Wood,725,4,Apparel,18.2,-66.37,Africa,Mbandaka,Republica Democratica del Congo,1613,42715,46688,365,9.600000381,0.04,116728,59.99,0.47,4,239.96,230.36,108.27,Central Africa,SUSPECTED_FRAUD,,365,17,,http://images.acmesports.sports/Perfect+Fitness+Perfect+Rip+Deck,59.99,0,42690.52222,Standard Class,Perfect Fitness Perfect Rip Deck,47
TRANSFER,5,2,-17.59,107.89,Late delivery,1,18,Men's Footwear,Carol Stream,EE. UU.,XXXXXXXXX,Ruth,6357,Moore,XXXXXXXXX,Home Office,IL,5103 Burning Embers Green,60188,4,Apparel,41.89,-88.1,Africa,Mbandaka,Republica Democratica del Congo,6357,42715,46684,403,22.10000038,0.17,116714,129.99,-0.16,1,129.99,107.89,-17.59,Central Africa,PENDING,,403,18,,http://images.acmesports.sports/Nike+Men%27s+CJ+Elite+2+TD+Football+Cleat,129.99,0,42691.46389,Second Class,Nike Men's CJ Elite 2 TD Football Cleat,48
TRANSFER,5,2,10.66,106.59,Late delivery,1,18,Men's Footwear,Carol Stream,EE. UU.,XXXXXXXXX,Ruth,6357,Moore,XXXXXXXXX,Home Office,IL,5103 Burning Embers Green,60188,4,Apparel,41.89,-88.1,Africa,Mbandaka,Republica Democratica del Congo,6357,42715,46684,403,23.39999962,0.18,116713,129.99,0.1,1,129.99,106.59,10.66,Central Africa,PENDING,,403,18,,http://images.acmesports.sports/Nike+Men%27s+CJ+Elite+2+TD+Football+Cleat,129.99,0,42691.46389,Second Class,Nike Men's CJ Elite 2 TD Football Cleat,49
TRANSFER,5,2,5.2,103.99,Late delivery,1,18,Men's Footwear,Carol Stream,EE. UU.,XXXXXXXXX,Ruth,6357,Moore,XXXXXXXXX,Home Office,IL,5103 Burning Embers Green,60188,4,Apparel,41.89,-88.1,Africa,Mbandaka,Republica Democratica del Congo,6357,42715,46684,403,26,0.2,116712,129.99,0.05,1,129.99,103.99,5.2,Central Africa,PENDING,,403,18,,http://images.acmesports.sports/Nike+Men%27s+CJ+Elite+2+TD+Football+Cleat,129.99,0,42691.46389,Second Class,Nike Men's CJ Elite 2 TD Football Cleat,50
TRANSFER,3,4,54.99,116.99,Advance shipping,0,18,Men's Footwear,Brooklyn,EE. UU.,XXXXXXXXX,William,6176,Garza,XXXXXXXXX,Home Office,NY,9634 Bright Robin Circle,11211,4,Apparel,40.71,-73.96,Africa,Mbandaka,Republica Democratica del Congo,6176,42715,46692,403,13,0.1,116744,129.99,0.47,1,129.99,116.99,54.99,Central Africa,PROCESSING,,403,18,,http://images.acmesports.sports/Nike+Men%27s+CJ+Elite+2+TD+Football+Cleat,129.99,0,42689.58056,Standard Class,Nike Men's CJ Elite 2 TD Football Cleat,51
TRANSFER,3,4,52.81,122.82,Advance shipping,0,6,Tennis & Racquet,Brooklyn,EE. UU.,XXXXXXXXX,William,6176,Garza,XXXXXXXXX,Home Office,NY,9634 Bright Robin Circle,11211,2,Fitness,40.71,-73.96,Africa,Mbandaka,Republica Democratica del Congo,6176,42715,46692,116,12.14999962,0.09,116743,44.99,0.43,3,134.97,122.82,52.81,Central Africa,PROCESSING,,116,6,,http://images.acmesports.sports/Nike+Men%27s+Comfort+2+Slide,44.99,0,42689.58056,Standard Class,Nike Men's Comfort 2 Slide,52
CASH,2,4,-23.57,96.99,Advance shipping,0,9,Cardio Equipment,Caguas,Puerto Rico,XXXXXXXXX,Alexander,361,Shaw,XXXXXXXXX,Consumer,PR,6183 Tawny Elk Concession,725,3,Footwear,18.25,-66.03,Africa,Mbandaka,Republica Democratica del Congo,361,42715,46691,191,3,0.03,116740,99.99,-0.24,1,99.99,96.99,-23.57,Central Africa,CLOSED,,191,9,,http://images.acmesports.sports/Nike+Men%27s+Free+5.0%2B+Running+Shoe,99.99,0,42688.56597,Standard Class,Nike Men's Free 5.0+ Running Shoe,53
CASH,2,4,27.2,85,Advance shipping,0,24,Women's Apparel,Caguas,Puerto Rico,XXXXXXXXX,Alexander,361,Shaw,XXXXXXXXX,Consumer,PR,6183 Tawny Elk Concession,725,5,Golf,18.25,-66.03,Africa,Mbandaka,Republica Democratica del Congo,361,42715,46691,502,15,0.15,116739,50,0.32,2,100,85,27.2,Central Africa,CLOSED,,502,24,,http://images.acmesports.sports/Nike+Men%27s+Dri-FIT+Victory+Golf+Polo,50,0,42688.56597,Standard Class,Nike Men's Dri-FIT Victory Golf Polo,54
CASH,2,4,13.69,84,Advance shipping,0,24,Women's Apparel,Caguas,Puerto Rico,XXXXXXXXX,Alexander,361,Shaw,XXXXXXXXX,Consumer,PR,6183 Tawny Elk Concession,725,5,Golf,18.25,-66.03,Africa,Mbandaka,Republica Democratica del Congo,361,42715,46691,502,16,0.16,116738,50,0.16,2,100,84,13.69,Central Africa,CLOSED,,502,24,,http://images.acmesports.sports/Nike+Men%27s+Dri-FIT+Victory+Golf+Polo,50,0,42688.56597,Standard Class,Nike Men's Dri-FIT Victory Golf Polo,55
CASH,2,4,17.69,156.57,Advance shipping,0,17,Cleats,Caguas,Puerto Rico,XXXXXXXXX,Alexander,361,Shaw,XXXXXXXXX,Consumer,PR,6183 Tawny Elk Concession,725,4,Apparel,18.25,-66.03,Africa,Mbandaka,Republica Democratica del Congo,361,42715,46691,365,23.39999962,0.13,116737,59.99,0.11,3,179.97,156.57,17.69,Central Africa,CLOSED,,365,17,,http://images.acmesports.sports/Perfect+Fitness+Perfect+Rip+Deck,59.99,0,42688.56597,Standard Class,Perfect Fitness Perfect Rip Deck,56
TRANSFER,4,4,-28.61,484.95,Shipping canceled,0,9,Cardio Equipment,Caguas,Puerto Rico,XXXXXXXXX,Mary,1613,Smith,XXXXXXXXX,Consumer,PR,3307 Broad Beacon Wood,725,3,Footwear,18.2,-66.37,Africa,Mbandaka,Republica Democratica del Congo,1613,42715,46688,191,15,0.03,116730,99.99,-0.06,5,499.95,484.95,-28.61,Central Africa,SUSPECTED_FRAUD,,191,9,,http://images.acmesports.sports/Nike+Men%27s+Free+5.0%2B+Running+Shoe,99.99,0,42690.52222,Standard Class,Nike Men's Free 5.0+ Running Shoe,57
DEBIT,2,1,20.8,129.99,Late delivery,1,18,Men's Footwear,Garden Grove,EE. UU.,XXXXXXXXX,Eric,9667,Perry,XXXXXXXXX,Consumer,CA,5583 Burning Zephyr Mall ,92843,4,Apparel,33.77,-118.03,Pacific Asia,Canakkale,Turkey,9667,,43620,403,0,0,108942,129.99,0.16,1,129.99,129.99,20.8,West Asia,ON_HOLD,,403,18,,http://images.acmesports.sports/Nike+Men%27s+CJ+Elite+2+TD+Football+Cleat,129.99,0,42643.73611,First Class,Nike Men's CJ Elite 2 TD Football Cleat,58
PAYMENT,6,4,-177.47,260.98,Late delivery,1,43,Camping & Hiking,Brooklyn,EE. UU.,XXXXXXXXX,Michael,8364,Smith,XXXXXXXXX,Corporate,NY,2376 Misty Apple Crescent,11238,7,Fan Shop,40.68,-73.96,Pacific Asia,Canakkale,Turkey,8364,,43405,957,39,0.13,108415,299.98,-0.68,1,299.98,260.98,-177.47,West Asia,PENDING_PAYMENT,,957,43,,http://images.acmesports.sports/Diamondback+Women%27s+Serene+Classic+Comfort+Bike+2014,299.98,0,42644.59792,Standard Class,Diamondback Women's Serene Classic Comfort Bi,59
PAYMENT,6,4,36.03,109.18,Late delivery,1,17,Cleats,Brooklyn,EE. UU.,XXXXXXXXX,Michael,8364,Smith,XXXXXXXXX,Corporate,NY,2376 Misty Apple Crescent,11238,4,Apparel,40.68,-73.96,Pacific Asia,Canakkale,Turkey,8364,,43405,365,10.80000019,0.09,108414,59.99,0.33,2,119.98,109.18,36.03,West Asia,PENDING_PAYMENT,,365,17,,http://images.acmesports.sports/Perfect+Fitness+Perfect+Rip+Deck,59.99,0,42644.59792,Standard Class,Perfect Fitness Perfect Rip Deck,60
PAYMENT,6,4,44.26,163.93,Late delivery,1,46,Indoor/Outdoor Games,Brooklyn,EE. UU.,XXXXXXXXX,Michael,8364,Smith,XXXXXXXXX,Corporate,NY,2376 Misty Apple Crescent,11238,7,Fan Shop,40.68,-73.96,Pacific Asia,Canakkale,Turkey,8364,,43405,1014,35.99000168,0.18,108413,49.98,0.27,4,199.92,163.93,44.26,West Asia,PENDING_PAYMENT,,1014,46,,http://images.acmesports.sports/O%27Brien+Men%27s+Neoprene+Life+Vest,49.98,0,42644.59792,Standard Class,O'Brien Men's Neoprene Life Vest,61
PAYMENT,6,4,1.32,131.95,Late delivery,1,46,Indoor/Outdoor Games,Brooklyn,EE. UU.,XXXXXXXXX,Michael,8364,Smith,XXXXXXXXX,Corporate,NY,2376 Misty Apple Crescent,11238,7,Fan Shop,40.68,-73.96,Pacific Asia,Canakkale,Turkey,8364,,43405,1014,17.98999977,0.12,108412,49.98,0.01,3,149.94,131.95,1.32,West Asia,PENDING_PAYMENT,,1014,46,,http://images.acmesports.sports/O%27Brien+Men%27s+Neoprene+Life+Vest,49.98,0,42644.59792,Standard Class,O'Brien Men's Neoprene Life Vest,62
CASH,6,2,27.3,97.49,Late delivery,1,18,Men's Footwear,Caguas,Puerto Rico,XXXXXXXXX,Katherine,5828,Oconnell,XXXXXXXXX,Consumer,PR,2127 Middle Goose Mews,725,4,Apparel,18.21,-66.37,Pacific Asia,Canakkale,Turkey,5828,,42675,403,32.5,0.25,106519,129.99,0.28,1,129.99,97.49,27.3,West Asia,CLOSED,,403,18,,http://images.acmesports.sports/Nike+Men%27s+CJ+Elite+2+TD+Football+Cleat,129.99,0,42633.94167,Second Class,Nike Men's CJ Elite 2 TD Football Cleat,63
CASH,5,4,-290.97,193.98,Late delivery,1,9,Cardio Equipment,Columbus,EE. UU.,XXXXXXXXX,Patrick,8408,Smith,XXXXXXXXX,Consumer,OH,4232 Rustic Pine Canyon,43229,3,Footwear,40.09,-82.99,Europe,Zilina,Eslovaquia,8408,,42934,191,6,0.03,107249,99.99,-1.5,2,199.98,193.98,-290.97,Eastern Europe,CLOSED,,191,9,,http://images.acmesports.sports/Nike+Men%27s+Free+5.0%2B+Running+Shoe,99.99,0,42636.72222,Standard Class,Nike Men's Free 5.0+ Running Shoe,64
DEBIT,1,0,77.08,163.99,Late delivery,1,48,Water Sports,Caguas,Puerto Rico,XXXXXXXXX,Mary,6018,Smith,XXXXXXXXX,Consumer,PR,8547 Misty Carrefour,725,7,Fan Shop,18.28,-66.37,Europe,Zilina,Eslovaquia,6018,,42935,1073,36,0.18,107252,199.99,0.47,1,199.99,163.99,77.08,Eastern Europe,COMPLETE,,1073,48,,http://images.acmesports.sports/Pelican+Sunstream+100+Kayak,199.99,0,42632.23681,Same Day,Pelican Sunstream 100 Kayak,65
CASH,5,4,182.39,379.98,Late delivery,1,45,Fishing,Columbus,EE. UU.,XXXXXXXXX,Patrick,8408,Smith,XXXXXXXXX,Consumer,OH,4232 Rustic Pine Canyon,43229,7,Fan Shop,40.09,-82.99,Europe,Zilina,Eslovaquia,8408,,42934,1004,20,0.05,107251,399.98,0.48,1,399.98,379.98,182.39,Eastern Europe,CLOSED,,1004,45,,http://images.acmesports.sports/Field+%26+Stream+Sportsman+16+Gun+Fire+Safe,399.98,0,42636.72222,Standard Class,Field & Stream Sportsman 16 Gun Fire Safe,66
CASH,5,4,-22.68,377.98,Late delivery,1,45,Fishing,Columbus,EE. UU.,XXXXXXXXX,Patrick,8408,Smith,XXXXXXXXX,Consumer,OH,4232 Rustic Pine Canyon,43229,7,Fan Shop,40.09,-82.99,Europe,Zilina,Eslovaquia,8408,,42934,1004,22,0.06,107250,399.98,-0.06,1,399.98,377.98,-22.68,Eastern Europe,CLOSED,,1004,45,,http://images.acmesports.sports/Field+%26+Stream+Sportsman+16+Gun+Fire+Safe,399.98,0,42636.72222,Standard Class,Field & Stream Sportsman 16 Gun Fire Safe,67
DEBIT,1,0,91.88,187.5,Late delivery,1,24,Women's Apparel,Caguas,Puerto Rico,XXXXXXXXX,Mary,6018,Smith,XXXXXXXXX,Consumer,PR,8547 Misty Carrefour,725,5,Golf,18.28,-66.37,Europe,Zilina,Eslovaquia,6018,,42935,502,62.5,0.25,107253,50,0.49,5,250,187.5,91.88,Eastern Europe,COMPLETE,,502,24,,http://images.acmesports.sports/Nike+Men%27s+Dri-FIT+Victory+Golf+Polo,50,0,42632.23681,Same Day,Nike Men's Dri-FIT Victory Golf Polo,68
PAYMENT,6,4,-64.15,272.98,Late delivery,1,43,Camping & Hiking,Caguas,Puerto Rico,XXXXXXXXX,Mary,8072,Rogers,XXXXXXXXX,Home Office,PR,9304 Emerald Oak Plaza,725,7,Fan Shop,18.27,-66.37,Europe,Siauliai,Lituania,8072,42500,44065,957,27,0.09,110073,299.98,-0.24,1,299.98,272.98,-64.15,Northern Europe,PENDING_PAYMENT,,957,43,,http://images.acmesports.sports/Diamondback+Women%27s+Serene+Classic+Comfort+Bike+2014,299.98,0,42654.23194,Standard Class,Diamondback Women's Serene Classic Comfort Bi,69
DEBIT,2,4,10.5,210,Advance shipping,0,26,Girls' Apparel,Brooklyn,EE. UU.,XXXXXXXXX,Donald,8325,Smith,XXXXXXXXX,Corporate,NY,698 Blue Deer Farms,11218,5,Golf,40.66,-73.95,Europe,Siauliai,Lituania,8325,42500,44066,565,70,0.25,110075,70,0.05,4,280,210,10.5,Northern Europe,COMPLETE,,565,26,,http://images.acmesports.sports/adidas+Youth+Germany+Black%2FRed+Away+Match+Soccer+Jersey,70,0,42650.24653,Standard Class,adidas Youth Germany Black/Red Away Match Soc,70
DEBIT,2,4,45.98,99.96,Advance shipping,0,40,Accessories,Brooklyn,EE. UU.,XXXXXXXXX,Donald,8325,Smith,XXXXXXXXX,Corporate,NY,698 Blue Deer Farms,11218,6,Outdoors,40.66,-73.95,Europe,Siauliai,Lituania,8325,42500,44066,897,24.98999977,0.2,110077,24.99,0.46,5,124.95,99.96,45.98,Northern Europe,COMPLETE,,897,40,,http://images.acmesports.sports/Team+Golf+New+England+Patriots+Putter+Grip,24.99,0,42650.24653,Standard Class,Team Golf New England Patriots Putter Grip,71
DEBIT,2,4,38.22,127.39,Advance shipping,0,18,Men's Footwear,Brooklyn,EE. UU.,XXXXXXXXX,Donald,8325,Smith,XXXXXXXXX,Corporate,NY,698 Blue Deer Farms,11218,4,Apparel,40.66,-73.95,Europe,Siauliai,Lituania,8325,42500,44066,403,2.599999905,0.02,110076,129.99,0.3,1,129.99,127.39,38.22,Northern Europe,COMPLETE,,403,18,,http://images.acmesports.sports/Nike+Men%27s+CJ+Elite+2+TD+Football+Cleat,129.99,0,42650.24653,Standard Class,Nike Men's CJ Elite 2 TD Football Cleat,72
DEBIT,2,4,36.57,126.09,Advance shipping,0,18,Men's Footwear,Brooklyn,EE. UU.,XXXXXXXXX,Donald,8325,Smith,XXXXXXXXX,Corporate,NY,698 Blue Deer Farms,11218,4,Apparel,40.66,-73.95,Europe,Siauliai,Lituania,8325,42500,44066,403,3.900000095,0.03,110074,129.99,0.29,1,129.99,126.09,36.57,Northern Europe,COMPLETE,,403,18,,http://images.acmesports.sports/Nike+Men%27s+CJ+Elite+2+TD+Football+Cleat,129.99,0,42650.24653,Standard Class,Nike Men's CJ Elite 2 TD Football Cleat,73
DEBIT,2,4,18.6,185.99,Advance shipping,0,48,Water Sports,Brooklyn,EE. UU.,XXXXXXXXX,Donald,8325,Smith,XXXXXXXXX,Corporate,NY,698 Blue Deer Farms,11218,7,Fan Shop,40.66,-73.95,Europe,Siauliai,Lituania,8325,42500,44066,1073,14,0.07,110078,199.99,0.1,1,199.99,185.99,18.6,Northern Europe,COMPLETE,,1073,48,,http://images.acmesports.sports/Pelican+Sunstream+100+Kayak,199.99,0,42650.24653,Standard Class,Pelican Sunstream 100 Kayak,74
TRANSFER,3,4,-14.25,56.99,Advance shipping,0,17,Cleats,Denver,EE. UU.,XXXXXXXXX,Michael,1766,Myers,XXXXXXXXX,Home Office,CO,2056 Misty Lookout,80219,4,Apparel,39.69,-105.02,Europe,Siauliai,Lituania,1766,42441,48117,365,3,0.05,120331,59.99,-0.25,1,59.99,56.99,-14.25,Northern Europe,PENDING,,365,17,,http://images.acmesports.sports/Perfect+Fitness+Perfect+Rip+Deck,59.99,0,42710.38194,Standard Class,Perfect Fitness Perfect Rip Deck,75
TRANSFER,3,4,-51.48,114.39,Advance shipping,0,18,Men's Footwear,Denver,EE. UU.,XXXXXXXXX,Michael,1766,Myers,XXXXXXXXX,Home Office,CO,2056 Misty Lookout,80219,4,Apparel,39.69,-105.02,Europe,Siauliai,Lituania,1766,42441,48117,403,15.60000038,0.12,120330,129.99,-0.45,1,129.99,114.39,-51.48,Northern Europe,PENDING,,403,18,,http://images.acmesports.sports/Nike+Men%27s+CJ+Elite+2+TD+Football+Cleat,129.99,0,42710.38194,Standard Class,Nike Men's CJ Elite 2 TD Football Cleat,76
DEBIT,5,4,13.64,90.95,Late delivery,1,36,Golf Balls,San Antonio,EE. UU.,XXXXXXXXX,Donald,1249,Odom,XXXXXXXXX,Consumer,TX,6759 Foggy Limits,78207,6,Outdoors,29.43,-98.52,Europe,Zurich,Suiza,1249,,18069,810,9,0.09,45157,19.99,0.15,5,99.95,90.95,13.64,Western Europe,COMPLETE,,810,36,,http://images.acmesports.sports/Glove+It+Women%27s+Mod+Oval+Golf+Glove,19.99,0,42273.75069,Standard Class,Glove It Women's Mod Oval Golf Glove,77
DEBIT,4,4,-49.79,248.96,Shipping on time,0,17,Cleats,South El Monte,EE. UU.,XXXXXXXXX,Mary,6064,Smith,XXXXXXXXX,Consumer,CA,8696 Silent Beacon Landing,91733,4,Apparel,34.05,-118.05,Europe,Winterthur,Suiza,6064,,12023,365,50.99000168,0.17,30037,59.99,-0.2,5,299.95,248.96,-49.79,Western Europe,ON_HOLD,,365,17,,http://images.acmesports.sports/Perfect+Fitness+Perfect+Rip+Deck,59.99,0,42184.49306,Standard Class,Perfect Fitness Perfect Rip Deck,78
PAYMENT,6,4,22.8,47.5,Late delivery,1,24,Women's Apparel,Caguas,Puerto Rico,XXXXXXXXX,Mary,6268,Summers,XXXXXXXXX,Home Office,PR,1607 Hazy Butterfly Swale,725,5,Golf,18.25,-66.37,Europe,Zurich,Suiza,6268,43076,63280,502,2.5,0.05,158213,50,0.48,1,50,47.5,22.8,Western Europe,PENDING_PAYMENT,,502,24,,http://images.acmesports.sports/Nike+Men%27s+Dri-FIT+Victory+Golf+Polo,50,0,42934.72708,Standard Class,Nike Men's Dri-FIT Victory Golf Polo,79
PAYMENT,6,4,5.91,47.25,Late delivery,1,24,Women's Apparel,Caguas,Puerto Rico,XXXXXXXXX,Mary,6268,Summers,XXXXXXXXX,Home Office,PR,1607 Hazy Butterfly Swale,725,5,Golf,18.25,-66.37,Europe,Zurich,Suiza,6268,43076,63280,502,2.75,0.06,158212,50,0.13,1,50,47.25,5.91,Western Europe,PENDING_PAYMENT,,502,24,,http://images.acmesports.sports/Nike+Men%27s+Dri-FIT+Victory+Golf+Polo,50,0,42934.72708,Standard Class,Nike Men's Dri-FIT Victory Golf Polo,80
CASH,2,1,23.66,75.58,Late delivery,1,29,Shop By Sport,Westerville,EE. UU.,XXXXXXXXX,Judy,3708,Miller,XXXXXXXXX,Consumer,OH,7774 Broad Crossing,43081,5,Golf,40.12,-82.93,Europe,Winterthur,Suiza,3708,,63311,627,4.400000095,0.06,158292,39.99,0.31,2,79.98,75.58,23.66,Western Europe,CLOSED,,627,29,,http://images.acmesports.sports/Under+Armour+Girls%27+Toddler+Spine+Surge+Running+Shoe,39.99,0,42931.17917,First Class,Under Armour Girls' Toddler Spine Surge Runni,81
PAYMENT,2,1,2.64,52.79,Late delivery,1,17,Cleats,Garden Grove,EE. UU.,XXXXXXXXX,Mary,4409,Foster,XXXXXXXXX,Consumer,CA,9780 Misty Pike,92840,4,Apparel,33.77,-117.96,Europe,Zurich,Suiza,4409,,18070,365,7.199999809,0.12,45161,59.99,0.05,1,59.99,52.79,2.64,Western Europe,PENDING_PAYMENT,,365,17,,http://images.acmesports.sports/Perfect+Fitness+Perfect+Rip+Deck,59.99,0,42270.76528,First Class,Perfect Fitness Perfect Rip Deck,82
PAYMENT,2,1,75.6,359.98,Late delivery,1,45,Fishing,Garden Grove,EE. UU.,XXXXXXXXX,Mary,4409,Foster,XXXXXXXXX,Consumer,CA,9780 Misty Pike,92840,7,Fan Shop,33.77,-117.96,Europe,Zurich,Suiza,4409,,18070,1004,40,0.1,45162,399.98,0.21,1,399.98,359.98,75.6,Western Europe,PENDING_PAYMENT,,1004,45,,http://images.acmesports.sports/Field+%26+Stream+Sportsman+16+Gun+Fire+Safe,399.98,0,42270.76528,First Class,Field & Stream Sportsman 16 Gun Fire Safe,83
PAYMENT,6,4,-167.98,419.96,Late delivery,1,9,Cardio Equipment,Caguas,Puerto Rico,XXXXXXXXX,Mary,6268,Summers,XXXXXXXXX,Home Office,PR,1607 Hazy Butterfly Swale,725,3,Footwear,18.25,-66.37,Europe,Zurich,Suiza,6268,43076,63280,191,79.98999786,0.16,158211,99.99,-0.4,5,499.95,419.96,-167.98,Western Europe,PENDING_PAYMENT,,191,9,,http://images.acmesports.sports/Nike+Men%27s+Free+5.0%2B+Running+Shoe,99.99,0,42934.72708,Standard Class,Nike Men's Free 5.0+ Running Shoe,84
DEBIT,6,4,4.88,10.16,Late delivery,1,61,CDs ,Caguas,Puerto Rico,XXXXXXXXX,Hadley,12913,Patel,XXXXXXXXX,Consumer,PR,3810 Crystal Plaza ,725,9,Discs Shop,18.27,-66.04,Europe,Zurich,Suiza,12913,42988,69360,1348,1.129999995,0.1,172675,11.29,0.48,1,11.29,10.16,4.88,Western Europe,COMPLETE,,1348,61,,http://images.acmesports.sports/CDs+of+rock,11.29,0,43023.48056,Standard Class,CDs of rock,85
CASH,6,2,60.09,191.97,Late delivery,1,17,Cleats,Washington,EE. UU.,XXXXXXXXX,William,8632,Hunter,XXXXXXXXX,Consumer,DC,18 Golden Point,20020,4,Apparel,38.89,-77.08,Europe,Winterthur,Suiza,8632,,12020,365,47.99000168,0.2,30024,59.99,0.31,4,239.96,191.97,60.09,Western Europe,CLOSED,,365,17,,http://images.acmesports.sports/Perfect+Fitness+Perfect+Rip+Deck,59.99,0,42186.44931,Second Class,Perfect Fitness Perfect Rip Deck,86
CASH,6,2,76.99,245.96,Late delivery,1,17,Cleats,Washington,EE. UU.,XXXXXXXXX,William,8632,Hunter,XXXXXXXXX,Consumer,DC,18 Golden Point,20020,4,Apparel,38.89,-77.08,Europe,Winterthur,Suiza,8632,,12020,365,53.99000168,0.18,30023,59.99,0.31,5,299.95,245.96,76.99,Western Europe,CLOSED,,365,17,,http://images.acmesports.sports/Perfect+Fitness+Perfect+Rip+Deck,59.99,0,42186.44931,Second Class,Perfect Fitness Perfect Rip Deck,87
PAYMENT,2,1,5.31,11.06,Late delivery,1,61,CDs ,Hyattsville,EE. UU.,XXXXXXXXX,Miriam,12920,Patrick,XXXXXXXXX,Consumer,MD,19 Gentle Shadow Mall,20783,9,Discs Shop,38.99,-76.97,Europe,Zurich,Suiza,12920,42988,69367,1348,0.230000004,0.02,172682,11.29,0.48,1,11.29,11.06,5.31,Western Europe,PENDING_PAYMENT,,1348,61,,http://images.acmesports.sports/CDs+of+rock,11.29,0,43019.58264,First Class,CDs of rock,88
PAYMENT,2,1,1.1,10.95,Late delivery,1,61,CDs ,Granada Hills,EE. UU.,XXXXXXXXX,Danielle,12919,May,XXXXXXXXX,Consumer,CA,7176 Bright Timber Passage,91344,9,Discs Shop,33.73,-117.81,Europe,Zurich,Suiza,12919,42988,69366,1348,0.340000004,0.03,172681,11.29,0.1,1,11.29,10.95,1.1,Western Europe,PENDING_PAYMENT,,1348,61,,http://images.acmesports.sports/CDs+of+rock,11.29,0,43019.56806,First Class,CDs of rock,89
DEBIT,3,4,68.04,141.75,Advance shipping,0,24,Women's Apparel,Caguas,Puerto Rico,XXXXXXXXX,Joan,6621,Hayes,XXXXXXXXX,Consumer,PR,4906 Umber Lookout,725,5,Golf,18.27,-66.37,Europe,Zurich,Suiza,6621,,63722,502,8.25,0.06,159289,50,0.48,3,150,141.75,68.04,Western Europe,COMPLETE,,502,24,,http://images.acmesports.sports/Nike+Men%27s+Dri-FIT+Victory+Golf+Polo,50,0,42938.17917,Standard Class,Nike Men's Dri-FIT Victory Golf Polo,90
CASH,5,4,11.44,129.99,Late delivery,1,18,Men's Footwear,Bowling Green,EE. UU.,XXXXXXXXX,Jose,12351,Deleon,XXXXXXXXX,Corporate,KY,6528 Round Private,42101,4,Apparel,37.13,-86.3,Europe,Winterthur,Suiza,12351,42345,13194,403,0,0,33018,129.99,0.09,1,129.99,129.99,11.44,Western Europe,CLOSED,,403,18,,http://images.acmesports.sports/Nike+Men%27s+CJ+Elite+2+TD+Football+Cleat,129.99,0,42202.58681,Standard Class,Nike Men's CJ Elite 2 TD Football Cleat,91
CASH,5,4,97,387.98,Late delivery,1,45,Fishing,Bowling Green,EE. UU.,XXXXXXXXX,Jose,12351,Deleon,XXXXXXXXX,Corporate,KY,6528 Round Private,42101,7,Fan Shop,37.13,-86.3,Europe,Winterthur,Suiza,12351,42345,13194,1004,12,0.03,33017,399.98,0.25,1,399.98,387.98,97,Western Europe,CLOSED,,1004,45,,http://images.acmesports.sports/Field+%26+Stream+Sportsman+16+Gun+Fire+Safe,399.98,0,42202.58681,Standard Class,Field & Stream Sportsman 16 Gun Fire Safe,92
CASH,5,4,28.8,383.98,Late delivery,1,45,Fishing,Bowling Green,EE. UU.,XXXXXXXXX,Jose,12351,Deleon,XXXXXXXXX,Corporate,KY,6528 Round Private,42101,7,Fan Shop,37.13,-86.3,Europe,Winterthur,Suiza,12351,42345,13194,1004,16,0.04,33016,399.98,0.08,1,399.98,383.98,28.8,Western Europe,CLOSED,,1004,45,,http://images.acmesports.sports/Field+%26+Stream+Sportsman+16+Gun+Fire+Safe,399.98,0,42202.58681,Standard Class,Field & Stream Sportsman 16 Gun Fire Safe,93
CASH,6,4,-182.5,248.98,Late delivery,1,43,Camping & Hiking,Zanesville,EE. UU.,XXXXXXXXX,Brian,6740,Smith,XXXXXXXXX,Corporate,OH,1304 Rustic Isle,43701,7,Fan Shop,39.92,-82,Europe,Zurich,Suiza,6740,,67570,957,51,0.17,168932,299.98,-0.73,1,299.98,248.98,-182.5,Western Europe,CLOSED,,957,43,,http://images.acmesports.sports/Diamondback+Women%27s+Serene+Classic+Comfort+Bike+2014,299.98,0,42997.35069,Standard Class,Diamondback Women's Serene Classic Comfort Bi,94
CASH,5,4,14.78,168,Late delivery,1,24,Women's Apparel,Bowling Green,EE. UU.,XXXXXXXXX,Jose,12351,Deleon,XXXXXXXXX,Corporate,KY,6528 Round Private,42101,5,Golf,37.13,-86.3,Europe,Winterthur,Suiza,12351,42345,13194,502,32,0.16,33015,50,0.09,4,200,168,14.78,Western Europe,CLOSED,,502,24,,http://images.acmesports.sports/Nike+Men%27s+Dri-FIT+Victory+Golf+Polo,50,0,42202.58681,Standard Class,Nike Men's Dri-FIT Victory Golf Polo,95
TRANSFER,5,4,50.79,149.38,Shipping canceled,0,17,Cleats,Caguas,Puerto Rico,XXXXXXXXX,Mary,2851,Huffman,XXXXXXXXX,Home Office,PR,1795 Thunder Ramp,725,4,Apparel,18.3,-66.37,Europe,Zurich,Suiza,2851,,67569,365,30.59000015,0.17,168931,59.99,0.34,3,179.97,149.38,50.79,Western Europe,SUSPECTED_FRAUD,,365,17,,http://images.acmesports.sports/Perfect+Fitness+Perfect+Rip+Deck,59.99,0,42996.33611,Standard Class,Perfect Fitness Perfect Rip Deck,96
TRANSFER,5,4,18.7,212.5,Shipping canceled,0,24,Women's Apparel,Caguas,Puerto Rico,XXXXXXXXX,Mary,2851,Huffman,XXXXXXXXX,Home Office,PR,1795 Thunder Ramp,725,5,Golf,18.3,-66.37,Europe,Zurich,Suiza,2851,,67569,502,37.5,0.15,168930,50,0.09,5,250,212.5,18.7,Western Europe,SUSPECTED_FRAUD,,502,24,,http://images.acmesports.sports/Nike+Men%27s+Dri-FIT+Victory+Golf+Polo,50,0,42996.33611,Standard Class,Nike Men's Dri-FIT Victory Golf Polo,97
PAYMENT,4,4,13.19,45.48,Shipping on time,0,35,Golf Gloves,Caguas,Puerto Rico,XXXXXXXXX,Roy,11681,Jackson,XXXXXXXXX,Consumer,PR,8510 Green River Acres,725,6,Outdoors,18.24,-66.37,Europe,Zurich,Suiza,11681,,18068,778,4.5,0.09,45152,24.99,0.29,2,49.98,45.48,13.19,Western Europe,PENDING_PAYMENT,,778,35,,http://images.acmesports.sports/Bag+Boy+Beverage+Holder,24.99,0,42272.73611,Standard Class,Bag Boy Beverage Holder,98
DEBIT,2,1,8.29,110.49,Late delivery,1,18,Men's Footwear,Milford,EE. UU.,XXXXXXXXX,Brenda,4901,Smith,XXXXXXXXX,Consumer,CT,3504 Dusty View Loop,6460,4,Apparel,41.2,-73.09,Europe,Zurich,Suiza,4901,42045,18783,403,19.5,0.15,46969,129.99,0.08,1,129.99,110.49,8.29,Western Europe,COMPLETE,,403,18,,http://images.acmesports.sports/Nike+Men%27s+CJ+Elite+2+TD+Football+Cleat,129.99,0,42281.17361,First Class,Nike Men's CJ Elite 2 TD Football Cleat,99
DEBIT,2,1,10.92,109.19,Late delivery,1,18,Men's Footwear,Milford,EE. UU.,XXXXXXXXX,Brenda,4901,Smith,XXXXXXXXX,Consumer,CT,3504 Dusty View Loop,6460,4,Apparel,41.2,-73.09,Europe,Zurich,Suiza,4901,42045,18783,403,20.79999924,0.16,46968,129.99,0.1,1,129.99,109.19,10.92,Western Europe,COMPLETE,,403,18,,http://images.acmesports.sports/Nike+Men%27s+CJ+Elite+2+TD+Football+Cleat,129.99,0,42281.17361,First Class,Nike Men's CJ Elite 2 TD Football Cleat,100
PAYMENT,6,2,13.49,107.89,Late delivery,1,18,Men's Footwear,Warren,EE. UU.,XXXXXXXXX,Mary,6518,Smith,XXXXXXXXX,Consumer,MI,9070 Quaking Gate,48093,4,Apparel,42.51,-83.02,Europe,Zurich,Suiza,6518,,16130,403,22.10000038,0.17,40277,129.99,0.13,1,129.99,107.89,13.49,Western Europe,PENDING_PAYMENT,,403,18,,http://images.acmesports.sports/Nike+Men%27s+CJ+Elite+2+TD+Football+Cleat,129.99,0,42246.44583,Second Class,Nike Men's CJ Elite 2 TD Football Cleat,101
PAYMENT,5,2,31.98,106.59,Late delivery,1,18,Men's Footwear,York,EE. UU.,XXXXXXXXX,Mary,1111,Smith,XXXXXXXXX,Consumer,PA,2456 Lost Front,17404,4,Apparel,39.95,-76.78,Europe,Zurich,Suiza,1111,42162,12789,403,23.39999962,0.18,31993,129.99,0.3,1,129.99,106.59,31.98,Western Europe,PENDING_PAYMENT,,403,18,,http://images.acmesports.sports/Nike+Men%27s+CJ+Elite+2+TD+Football+Cleat,129.99,0,42196.675,Second Class,Nike Men's CJ Elite 2 TD Football Cleat,102
PAYMENT,6,2,111.51,327.98,Late delivery,1,45,Fishing,Warren,EE. UU.,XXXXXXXXX,Mary,6518,Smith,XXXXXXXXX,Consumer,MI,9070 Quaking Gate,48093,7,Fan Shop,42.51,-83.02,Europe,Zurich,Suiza,6518,,16130,1004,72,0.18,40276,399.98,0.34,1,399.98,327.98,111.51,Western Europe,PENDING_PAYMENT,,1004,45,,http://images.acmesports.sports/Field+%26+Stream+Sportsman+16+Gun+Fire+Safe,399.98,0,42246.44583,Second Class,Field & Stream Sportsman 16 Gun Fire Safe,103
PAYMENT,5,2,76.43,235.16,Late delivery,1,17,Cleats,Philadelphia,EE. UU.,XXXXXXXXX,Anthony,728,Rosario,XXXXXXXXX,Consumer,PA,4079 Blue End,19104,4,Apparel,39.98,-76.69,Europe,Zurich,Suiza,728,42011,12434,365,4.800000191,0.02,31108,59.99,0.33,4,239.96,235.16,76.43,Western Europe,PENDING_PAYMENT,,365,17,,http://images.acmesports.sports/Perfect+Fitness+Perfect+Rip+Deck,59.99,0,42191.49306,Second Class,Perfect Fitness Perfect Rip Deck,104
PAYMENT,5,2,75.65,232.76,Late delivery,1,17,Cleats,Philadelphia,EE. UU.,XXXXXXXXX,Anthony,728,Rosario,XXXXXXXXX,Consumer,PA,4079 Blue End,19104,4,Apparel,39.98,-76.69,Europe,Zurich,Suiza,728,42011,12434,365,7.199999809,0.03,31107,59.99,0.33,4,239.96,232.76,75.65,Western Europe,PENDING_PAYMENT,,365,17,,http://images.acmesports.sports/Perfect+Fitness+Perfect+Rip+Deck,59.99,0,42191.49306,Second Class,Perfect Fitness Perfect Rip Deck,105
PAYMENT,5,2,-97.09,145.56,Late delivery,1,29,Shop By Sport,Philadelphia,EE. UU.,XXXXXXXXX,Anthony,728,Rosario,XXXXXXXXX,Consumer,PA,4079 Blue End,19104,5,Golf,39.98,-76.69,Europe,Zurich,Suiza,728,42011,12434,627,14.39999962,0.09,31105,39.99,-0.67,4,159.96,145.56,-97.09,Western Europe,PENDING_PAYMENT,,627,29,,http://images.acmesports.sports/Under+Armour+Girls%27+Toddler+Spine+Surge+Running+Shoe,39.99,0,42191.49306,Second Class,Under Armour Girls' Toddler Spine Surge Runni,106
PAYMENT,5,2,14.4,191.95,Late delivery,1,29,Shop By Sport,Philadelphia,EE. UU.,XXXXXXXXX,Anthony,728,Rosario,XXXXXXXXX,Consumer,PA,4079 Blue End,19104,5,Golf,39.98,-76.69,Europe,Zurich,Suiza,728,42011,12434,627,8,0.04,31106,39.99,0.08,5,199.95,191.95,14.4,Western Europe,PENDING_PAYMENT,,627,29,,http://images.acmesports.sports/Under+Armour+Girls%27+Toddler+Spine+Surge+Running+Shoe,39.99,0,42191.49306,Second Class,Under Armour Girls' Toddler Spine Surge Runni,107
DEBIT,2,2,17.15,49,Shipping on time,0,24,Women's Apparel,Caguas,Puerto Rico,XXXXXXXXX,Mary,843,Smith,XXXXXXXXX,Corporate,PR,2643 Sunny Circle,725,5,Golf,18.35,-65.97,Europe,Zurich,Suiza,843,,62256,502,1,0.02,155667,50,0.35,1,50,49,17.15,Western Europe,COMPLETE,,502,24,,http://images.acmesports.sports/Nike+Men%27s+Dri-FIT+Victory+Golf+Polo,50,0,42915.77847,Second Class,Nike Men's Dri-FIT Victory Golf Polo,108
DEBIT,5,2,11.47,70.38,Late delivery,1,29,Shop By Sport,Caguas,Puerto Rico,XXXXXXXXX,Mary,6025,Smith,XXXXXXXXX,Corporate,PR,8734 Dewy Expressway,725,5,Golf,18.21,-66.37,Europe,Zurich,Suiza,6025,,11709,627,9.600000381,0.12,29283,39.99,0.16,2,79.98,70.38,11.47,Western Europe,COMPLETE,,627,29,,http://images.acmesports.sports/Under+Armour+Girls%27+Toddler+Spine+Surge+Running+Shoe,39.99,0,42180.90972,Second Class,Under Armour Girls' Toddler Spine Surge Runni,109
DEBIT,5,2,35.13,103.92,Late delivery,1,11,Fitness Accessories,Caguas,Puerto Rico,XXXXXXXXX,Mary,6025,Smith,XXXXXXXXX,Corporate,PR,8734 Dewy Expressway,725,3,Footwear,18.21,-66.37,Europe,Zurich,Suiza,6025,,11709,235,1.049999952,0.01,29281,34.99,0.34,3,104.97,103.92,35.13,Western Europe,COMPLETE,,235,11,,http://images.acmesports.sports/Under+Armour+Hustle+Storm+Medium+Duffle+Bag,34.99,0,42180.90972,Second Class,Under Armour Hustle Storm Medium Duffle Bag,110
DEBIT,2,2,44.36,152.97,Shipping on time,0,17,Cleats,Caguas,Puerto Rico,XXXXXXXXX,Mary,843,Smith,XXXXXXXXX,Corporate,PR,2643 Sunny Circle,725,4,Apparel,18.35,-65.97,Europe,Zurich,Suiza,843,,62256,365,27,0.15,155665,59.99,0.29,3,179.97,152.97,44.36,Western Europe,COMPLETE,,365,17,,http://images.acmesports.sports/Perfect+Fitness+Perfect+Rip+Deck,59.99,0,42915.77847,Second Class,Perfect Fitness Perfect Rip Deck,111
DEBIT,5,2,-362.82,226.76,Late delivery,1,17,Cleats,Caguas,Puerto Rico,XXXXXXXXX,Mary,6025,Smith,XXXXXXXXX,Corporate,PR,8734 Dewy Expressway,725,4,Apparel,18.21,-66.37,Europe,Zurich,Suiza,6025,,11709,365,13.19999981,0.06,29284,59.99,-1.6,4,239.96,226.76,-362.82,Western Europe,COMPLETE,,365,17,,http://images.acmesports.sports/Perfect+Fitness+Perfect+Rip+Deck,59.99,0,42180.90972,Second Class,Perfect Fitness Perfect Rip Deck,112
DEBIT,2,2,86.67,201.57,Shipping on time,0,17,Cleats,Caguas,Puerto Rico,XXXXXXXXX,Mary,843,Smith,XXXXXXXXX,Corporate,PR,2643 Sunny Circle,725,4,Apparel,18.35,-65.97,Europe,Zurich,Suiza,843,,62256,365,38.38999939,0.16,155666,59.99,0.43,4,239.96,201.57,86.67,Western Europe,COMPLETE,,365,17,,http://images.acmesports.sports/Perfect+Fitness+Perfect+Rip+Deck,59.99,0,42915.77847,Second Class,Perfect Fitness Perfect Rip Deck,113
DEBIT,2,1,-18.04,97,Late delivery,1,24,Women's Apparel,Honolulu,EE. UU.,XXXXXXXXX,Juan,4321,Tanner,XXXXXXXXX,Consumer,HI,1066 Hidden Green,96818,5,Golf,21.34,-157.91,Europe,Zurich,Suiza,4321,,13660,502,3,0.03,34238,50,-0.19,2,100,97,-18.04,Western Europe,COMPLETE,,502,24,,http://images.acmesports.sports/Nike+Men%27s+Dri-FIT+Victory+Golf+Polo,50,0,42206.38958,First Class,Nike Men's Dri-FIT Victory Golf Polo,114
DEBIT,2,1,91.18,189.95,Late delivery,1,29,Shop By Sport,Garden Grove,EE. UU.,XXXXXXXXX,Amanda,8469,Smith,XXXXXXXXX,Consumer,CA,4599 Crystal Avenue,92843,5,Golf,33.77,-117.94,Europe,Zurich,Suiza,8469,,16640,627,10,0.05,41583,39.99,0.48,5,199.95,189.95,91.18,Western Europe,COMPLETE,,627,29,,http://images.acmesports.sports/Under+Armour+Girls%27+Toddler+Spine+Surge+Running+Shoe,39.99,0,42249.89028,First Class,Under Armour Girls' Toddler Spine Surge Runni,115
PAYMENT,6,2,78.81,315.25,Late delivery,1,33,Golf Shoes,Warren,EE. UU.,XXXXXXXXX,Mary,6518,Smith,XXXXXXXXX,Consumer,MI,9070 Quaking Gate,48093,6,Outdoors,42.51,-83.02,Europe,Zurich,Suiza,6518,,16130,728,9.75,0.03,40278,65,0.25,5,325,315.25,78.81,Western Europe,PENDING_PAYMENT,,728,33,,http://images.acmesports.sports/LIJA+Women%27s+Eyelet+Sleeveless+Golf+Polo,65,0,42246.44583,Second Class,LIJA Women's Eyelet Sleeveless Golf Polo,116
PAYMENT,6,4,63.88,188.99,Late delivery,1,48,Water Sports,Victorville,EE. UU.,XXXXXXXXX,Emily,6005,Alexander,XXXXXXXXX,Consumer,CA,5995 Dusty Highway,92392,7,Fan Shop,34.51,-117.33,Europe,Zurich,Suiza,6005,43048,67420,1073,11,0.06,168525,199.99,0.34,1,199.99,188.99,63.88,Western Europe,PAYMENT_REVIEW,,1073,48,,http://images.acmesports.sports/Pelican+Sunstream+100+Kayak,199.99,0,42995.16111,Standard Class,Pelican Sunstream 100 Kayak,117
PAYMENT,2,1,77.22,197.99,Late delivery,1,48,Water Sports,Caguas,Puerto Rico,XXXXXXXXX,Martha,2652,Santiago,XXXXXXXXX,Consumer,PR,8335 Little Rise Downs,725,7,Fan Shop,18.29,-66.37,Europe,Zurich,Suiza,2652,42894,64950,1073,2,0.01,162373,199.99,0.39,1,199.99,197.99,77.22,Western Europe,PENDING_PAYMENT,,1073,48,,http://images.acmesports.sports/Pelican+Sunstream+100+Kayak,199.99,0,42955.10486,First Class,Pelican Sunstream 100 Kayak,118
TRANSFER,2,1,63.05,193.99,Shipping canceled,0,48,Water Sports,Jacksonville,EE. UU.,XXXXXXXXX,Mary,3032,Wilson,XXXXXXXXX,Consumer,NC,7790 Misty Elk Line,28540,7,Fan Shop,34.75,-77.43,Europe,Zurich,Suiza,3032,,64079,1073,6,0.03,160211,199.99,0.33,1,199.99,193.99,63.05,Western Europe,CANCELED,,1073,48,,http://images.acmesports.sports/Pelican+Sunstream+100+Kayak,199.99,0,42942.39028,First Class,Pelican Sunstream 100 Kayak,119
TRANSFER,2,1,69.69,191.99,Shipping canceled,0,48,Water Sports,Jacksonville,EE. UU.,XXXXXXXXX,Mary,3032,Wilson,XXXXXXXXX,Consumer,NC,7790 Misty Elk Line,28540,7,Fan Shop,34.75,-77.43,Europe,Zurich,Suiza,3032,,64079,1073,8,0.04,160210,199.99,0.36,1,199.99,191.99,69.69,Western Europe,CANCELED,,1073,48,,http://images.acmesports.sports/Pelican+Sunstream+100+Kayak,199.99,0,42942.39028,First Class,Pelican Sunstream 100 Kayak,120
DEBIT,3,4,11.72,185.99,Advance shipping,0,48,Water Sports,Caguas,Puerto Rico,XXXXXXXXX,Joan,6621,Hayes,XXXXXXXXX,Consumer,PR,4906 Umber Lookout,725,7,Fan Shop,18.27,-66.37,Europe,Zurich,Suiza,6621,,63722,1073,14,0.07,159286,199.99,0.06,1,199.99,185.99,11.72,Western Europe,COMPLETE,,1073,48,,http://images.acmesports.sports/Pelican+Sunstream+100+Kayak,199.99,0,42938.17917,Standard Class,Pelican Sunstream 100 Kayak,121
CASH,2,1,57.46,169.99,Late delivery,1,48,Water Sports,Westerville,EE. UU.,XXXXXXXXX,Judy,3708,Miller,XXXXXXXXX,Consumer,OH,7774 Broad Crossing,43081,7,Fan Shop,40.12,-82.93,Europe,Winterthur,Suiza,3708,,63311,1073,30,0.15,158293,199.99,0.34,1,199.99,169.99,57.46,Western Europe,CLOSED,,1073,48,,http://images.acmesports.sports/Pelican+Sunstream+100+Kayak,199.99,0,42931.17917,First Class,Pelican Sunstream 100 Kayak,122
CASH,2,1,54.6,167.99,Late delivery,1,48,Water Sports,Westerville,EE. UU.,XXXXXXXXX,Judy,3708,Miller,XXXXXXXXX,Consumer,OH,7774 Broad Crossing,43081,7,Fan Shop,40.12,-82.93,Europe,Winterthur,Suiza,3708,,63311,1073,32,0.16,158291,199.99,0.33,1,199.99,167.99,54.6,Western Europe,CLOSED,,1073,48,,http://images.acmesports.sports/Pelican+Sunstream+100+Kayak,199.99,0,42931.17917,First Class,Pelican Sunstream 100 Kayak,123
DEBIT,2,2,49.8,165.99,Shipping on time,0,48,Water Sports,Caguas,Puerto Rico,XXXXXXXXX,Mary,843,Smith,XXXXXXXXX,Corporate,PR,2643 Sunny Circle,725,7,Fan Shop,18.35,-65.97,Europe,Zurich,Suiza,843,,62256,1073,34,0.17,155668,199.99,0.3,1,199.99,165.99,49.8,Western Europe,COMPLETE,,1073,48,,http://images.acmesports.sports/Pelican+Sunstream+100+Kayak,199.99,0,42915.77847,Second Class,Pelican Sunstream 100 Kayak,124
DEBIT,3,4,112.5,225,Advance shipping,0,24,Women's Apparel,Caguas,Puerto Rico,XXXXXXXXX,Joan,6621,Hayes,XXXXXXXXX,Consumer,PR,4906 Umber Lookout,725,5,Golf,18.27,-66.37,Europe,Zurich,Suiza,6621,,63722,502,25,0.1,159288,50,0.5,5,250,225,112.5,Western Europe,COMPLETE,,502,24,,http://images.acmesports.sports/Nike+Men%27s+Dri-FIT+Victory+Golf+Polo,50,0,42938.17917,Standard Class,Nike Men's Dri-FIT Victory Golf Polo,125
DEBIT,3,4,9.51,27.97,Advance shipping,0,59,Books ,Knoxville,EE. UU.,XXXXXXXXX,Imogene,12515,Briggs,XXXXXXXXX,Corporate,TN,1315 Honey Rabbit Link,37922,8,Book Shop,35.89,-84.03,Europe,Zurich,Suiza,12515,42804,68962,1346,3.109999895,0.1,172277,31.08,0.34,1,31.08,27.97,9.51,Western Europe,COMPLETE,,1346,59,,http://images.acmesports.sports/Sports+Books,31.08,0,43014.67083,Standard Class,Sports Books ,126
TRANSFER,3,4,61.5,149.99,Advance shipping,0,48,Water Sports,Caguas,Puerto Rico,XXXXXXXXX,Peter,9822,Goodman,XXXXXXXXX,Consumer,PR,7177 Little Lagoon Parade,725,7,Fan Shop,18.26,-66.37,Europe,Winterthur,Suiza,9822,,12022,1073,50,0.25,30033,199.99,0.41,1,199.99,149.99,61.5,Western Europe,PENDING,,1073,48,,http://images.acmesports.sports/Pelican+Sunstream+100+Kayak,199.99,0,42183.47847,Standard Class,Pelican Sunstream 100 Kayak,127
PAYMENT,2,1,-278.99,179.99,Late delivery,1,48,Water Sports,Caguas,Puerto Rico,XXXXXXXXX,Charles,3160,Jensen,XXXXXXXXX,Corporate,PR,521 Quiet Pioneer Towers,725,7,Fan Shop,18.21,-66.37,Europe,Zurich,Suiza,3160,,11989,1073,20,0.1,29955,199.99,-1.55,1,199.99,179.99,-278.99,Western Europe,PENDING_PAYMENT,,1073,48,,http://images.acmesports.sports/Pelican+Sunstream+100+Kayak,199.99,0,42181.99653,First Class,Pelican Sunstream 100 Kayak,128
CASH,2,2,18.78,59.99,Shipping on time,0,17,Cleats,Greensboro,EE. UU.,XXXXXXXXX,Mary,6819,Ali,XXXXXXXXX,Home Office,NC,5926 Blue Rabbit Wharf,27410,4,Apparel,36.09,-79.89,Europe,Winterthur,Suiza,6819,,12021,365,0,0,30027,59.99,0.31,1,59.99,59.99,18.78,Western Europe,CLOSED,,365,17,,http://images.acmesports.sports/Perfect+Fitness+Perfect+Rip+Deck,59.99,0,42182.46389,Second Class,Perfect Fitness Perfect Rip Deck,129
CASH,2,2,49.03,106.59,Shipping on time,0,18,Men's Footwear,Greensboro,EE. UU.,XXXXXXXXX,Mary,6819,Ali,XXXXXXXXX,Home Office,NC,5926 Blue Rabbit Wharf,27410,4,Apparel,36.09,-79.89,Europe,Winterthur,Suiza,6819,,12021,403,23.39999962,0.18,30025,129.99,0.46,1,129.99,106.59,49.03,Western Europe,CLOSED,,403,18,,http://images.acmesports.sports/Nike+Men%27s+CJ+Elite+2+TD+Football+Cleat,129.99,0,42182.46389,Second Class,Nike Men's CJ Elite 2 TD Football Cleat,130
CASH,2,2,127.57,283.48,Shipping on time,0,43,Camping & Hiking,Greensboro,EE. UU.,XXXXXXXXX,Mary,6819,Ali,XXXXXXXXX,Home Office,NC,5926 Blue Rabbit Wharf,27410,7,Fan Shop,36.09,-79.89,Europe,Winterthur,Suiza,6819,,12021,957,16.5,0.06,30029,299.98,0.45,1,299.98,283.48,127.57,Western Europe,CLOSED,,957,43,,http://images.acmesports.sports/Diamondback+Women%27s+Serene+Classic+Comfort+Bike+2014,299.98,0,42182.46389,Second Class,Diamondback Women's Serene Classic Comfort Bi,131
CASH,2,2,137.99,299.97,Shipping on time,0,9,Cardio Equipment,Greensboro,EE. UU.,XXXXXXXXX,Mary,6819,Ali,XXXXXXXXX,Home Office,NC,5926 Blue Rabbit Wharf,27410,3,Footwear,36.09,-79.89,Europe,Winterthur,Suiza,6819,,12021,191,0,0,30028,99.99,0.46,3,299.97,299.97,137.99,Western Europe,CLOSED,,191,9,,http://images.acmesports.sports/Nike+Men%27s+Free+5.0%2B+Running+Shoe,99.99,0,42182.46389,Second Class,Nike Men's Free 5.0+ Running Shoe,132
CASH,2,2,14.88,148.76,Shipping on time,0,29,Shop By Sport,Greensboro,EE. UU.,XXXXXXXXX,Mary,6819,Ali,XXXXXXXXX,Home Office,NC,5926 Blue Rabbit Wharf,27410,5,Golf,36.09,-79.89,Europe,Winterthur,Suiza,6819,,12021,627,11.19999981,0.07,30026,39.99,0.1,4,159.96,148.76,14.88,Western Europe,CLOSED,,627,29,,http://images.acmesports.sports/Under+Armour+Girls%27+Toddler+Spine+Surge+Running+Shoe,39.99,0,42182.46389,Second Class,Under Armour Girls' Toddler Spine Surge Runni,133
DEBIT,6,2,48.9,128.69,Late delivery,1,18,Men's Footwear,Elk Grove,EE. UU.,XXXXXXXXX,Debra,5791,Lutz,XXXXXXXXX,Consumer,CA,5500 Noble Brook Circuit,95758,4,Apparel,38.41,-121.44,Europe,Zurich,Suiza,5791,,67930,403,1.299999952,0.01,169822,129.99,0.38,1,129.99,128.69,48.9,Western Europe,ON_HOLD,,403,18,,http://images.acmesports.sports/Nike+Men%27s+CJ+Elite+2+TD+Football+Cleat,129.99,0,43002.60625,Second Class,Nike Men's CJ Elite 2 TD Football Cleat,134
DEBIT,6,2,11.83,91,Late delivery,1,24,Women's Apparel,Elk Grove,EE. UU.,XXXXXXXXX,Debra,5791,Lutz,XXXXXXXXX,Consumer,CA,5500 Noble Brook Circuit,95758,5,Golf,38.41,-121.44,Europe,Zurich,Suiza,5791,,67930,502,9,0.09,169821,50,0.13,2,100,91,11.83,Western Europe,ON_HOLD,,502,24,,http://images.acmesports.sports/Nike+Men%27s+Dri-FIT+Victory+Golf+Polo,50,0,43002.60625,Second Class,Nike Men's Dri-FIT Victory Golf Polo,135
DEBIT,5,4,26.39,91,Late delivery,1,24,Women's Apparel,Caguas,Puerto Rico,XXXXXXXXX,David,6242,Smith,XXXXXXXXX,Corporate,PR,9174 Umber Zephyr Run,725,5,Golf,18.26,-66.37,Europe,Winterthur,Suiza,6242,,64484,502,9,0.09,161183,50,0.29,2,100,91,26.39,Western Europe,COMPLETE,,502,24,,http://images.acmesports.sports/Nike+Men%27s+Dri-FIT+Victory+Golf+Polo,50,0,42951.30278,Standard Class,Nike Men's Dri-FIT Victory Golf Polo,136
PAYMENT,2,1,-5.04,387.98,Late delivery,1,45,Fishing,Caguas,Puerto Rico,XXXXXXXXX,Charles,3160,Jensen,XXXXXXXXX,Corporate,PR,521 Quiet Pioneer Towers,725,7,Fan Shop,18.21,-66.37,Europe,Zurich,Suiza,3160,,11989,1004,12,0.03,29956,399.98,-0.01,1,399.98,387.98,-5.04,Western Europe,PENDING_PAYMENT,,1004,45,,http://images.acmesports.sports/Field+%26+Stream+Sportsman+16+Gun+Fire+Safe,399.98,0,42181.99653,First Class,Field & Stream Sportsman 16 Gun Fire Safe,137
PAYMENT,2,1,-72.99,99.58,Late delivery,1,17,Cleats,Caguas,Puerto Rico,XXXXXXXXX,Charles,3160,Jensen,XXXXXXXXX,Corporate,PR,521 Quiet Pioneer Towers,725,4,Apparel,18.21,-66.37,Europe,Zurich,Suiza,3160,,11989,365,20.39999962,0.17,29953,59.99,-0.73,2,119.98,99.58,-72.99,Western Europe,PENDING_PAYMENT,,365,17,,http://images.acmesports.sports/Perfect+Fitness+Perfect+Rip+Deck,59.99,0,42181.99653,First Class,Perfect Fitness Perfect Rip Deck,138
PAYMENT,2,1,30.42,90,Late delivery,1,24,Women's Apparel,Caguas,Puerto Rico,XXXXXXXXX,Charles,3160,Jensen,XXXXXXXXX,Corporate,PR,521 Quiet Pioneer Towers,725,5,Golf,18.21,-66.37,Europe,Zurich,Suiza,3160,,11989,502,10,0.1,29954,50,0.34,2,100,90,30.42,Western Europe,PENDING_PAYMENT,,502,24,,http://images.acmesports.sports/Nike+Men%27s+Dri-FIT+Victory+Golf+Polo,50,0,42181.99653,First Class,Nike Men's Dri-FIT Victory Golf Polo,139
TRANSFER,5,2,29.67,107.89,Late delivery,1,18,Men's Footwear,Ontario,EE. UU.,XXXXXXXXX,Mary,10609,Smith,XXXXXXXXX,Corporate,CA,5492 Blue View,91761,4,Apparel,35.22,-120.7,Europe,Zurich,Suiza,10609,,16279,403,22.10000038,0.17,40649,129.99,0.28,1,129.99,107.89,29.67,Western Europe,PENDING,,403,18,,http://images.acmesports.sports/Nike+Men%27s+CJ+Elite+2+TD+Football+Cleat,129.99,0,42247.62083,Second Class,Nike Men's CJ Elite 2 TD Football Cleat,140
TRANSFER,5,2,27.71,106.59,Late delivery,1,18,Men's Footwear,Ontario,EE. UU.,XXXXXXXXX,Mary,10609,Smith,XXXXXXXXX,Corporate,CA,5492 Blue View,91761,4,Apparel,35.22,-120.7,Europe,Zurich,Suiza,10609,,16279,403,23.39999962,0.18,40648,129.99,0.26,1,129.99,106.59,27.71,Western Europe,PENDING,,403,18,,http://images.acmesports.sports/Nike+Men%27s+CJ+Elite+2+TD+Football+Cleat,129.99,0,42247.62083,Second Class,Nike Men's CJ Elite 2 TD Football Cleat,141
TRANSFER,5,2,-299.23,284.98,Late delivery,1,43,Camping & Hiking,Ontario,EE. UU.,XXXXXXXXX,Mary,10609,Smith,XXXXXXXXX,Corporate,CA,5492 Blue View,91761,7,Fan Shop,35.22,-120.7,Europe,Zurich,Suiza,10609,,16279,957,15,0.05,40647,299.98,-1.05,1,299.98,284.98,-299.23,Western Europe,PENDING,,957,43,,http://images.acmesports.sports/Diamondback+Women%27s+Serene+Classic+Comfort+Bike+2014,299.98,0,42247.62083,Second Class,Diamondback Women's Serene Classic Comfort Bi,142
TRANSFER,5,2,3.02,75.58,Late delivery,1,29,Shop By Sport,Ontario,EE. UU.,XXXXXXXXX,Mary,10609,Smith,XXXXXXXXX,Corporate,CA,5492 Blue View,91761,5,Golf,35.22,-120.7,Europe,Zurich,Suiza,10609,,16279,627,4.400000095,0.06,40650,39.99,0.04,2,79.98,75.58,3.02,Western Europe,PENDING,,627,29,,http://images.acmesports.sports/Under+Armour+Girls%27+Toddler+Spine+Surge+Running+Shoe,39.99,0,42247.62083,Second Class,Under Armour Girls' Toddler Spine Surge Runni,143
DEBIT,3,4,36.51,207.42,Advance shipping,0,46,Indoor/Outdoor Games,Caguas,Puerto Rico,XXXXXXXXX,Joan,6621,Hayes,XXXXXXXXX,Consumer,PR,4906 Umber Lookout,725,7,Fan Shop,18.27,-66.37,Europe,Zurich,Suiza,6621,,63722,1014,42.47999954,0.17,159287,49.98,0.18,5,249.9,207.42,36.51,Western Europe,COMPLETE,,1014,46,,http://images.acmesports.sports/O%27Brien+Men%27s+Neoprene+Life+Vest,49.98,0,42938.17917,Standard Class,O'Brien Men's Neoprene Life Vest,144
DEBIT,5,4,50.23,109.19,Late delivery,1,18,Men's Footwear,San Antonio,EE. UU.,XXXXXXXXX,Donald,1249,Odom,XXXXXXXXX,Consumer,TX,6759 Foggy Limits,78207,4,Apparel,29.43,-98.52,Europe,Zurich,Suiza,1249,,18069,403,20.79999924,0.16,45160,129.99,0.46,1,129.99,109.19,50.23,Western Europe,COMPLETE,,403,18,,http://images.acmesports.sports/Nike+Men%27s+CJ+Elite+2+TD+Football+Cleat,129.99,0,42273.75069,Standard Class,Nike Men's CJ Elite 2 TD Football Cleat,145
DEBIT,5,4,44.24,107.89,Late delivery,1,18,Men's Footwear,San Antonio,EE. UU.,XXXXXXXXX,Donald,1249,Odom,XXXXXXXXX,Consumer,TX,6759 Foggy Limits,78207,4,Apparel,29.43,-98.52,Europe,Zurich,Suiza,1249,,18069,403,22.10000038,0.17,45159,129.99,0.41,1,129.99,107.89,44.24,Western Europe,COMPLETE,,403,18,,http://images.acmesports.sports/Nike+Men%27s+CJ+Elite+2+TD+Football+Cleat,129.99,0,42273.75069,Standard Class,Nike Men's CJ Elite 2 TD Football Cleat,146
DEBIT,5,4,4.26,106.59,Late delivery,1,18,Men's Footwear,San Antonio,EE. UU.,XXXXXXXXX,Donald,1249,Odom,XXXXXXXXX,Consumer,TX,6759 Foggy Limits,78207,4,Apparel,29.43,-98.52,Europe,Zurich,Suiza,1249,,18069,403,23.39999962,0.18,45156,129.99,0.04,1,129.99,106.59,4.26,Western Europe,COMPLETE,,403,18,,http://images.acmesports.sports/Nike+Men%27s+CJ+Elite+2+TD+Football+Cleat,129.99,0,42273.75069,Standard Class,Nike Men's CJ Elite 2 TD Football Cleat,147
DEBIT,3,4,188.99,377.98,Advance shipping,0,45,Fishing,Denver,EE. UU.,XXXXXXXXX,Mary,12072,Stevens,XXXXXXXXX,Consumer,CO,3422 Jagged Willow Way,80231,7,Fan Shop,39.66,-104.87,Europe,Zurich,Suiza,12072,42283,10967,1004,22,0.06,27476,399.98,0.5,1,399.98,377.98,188.99,Western Europe,COMPLETE,,1004,45,,http://images.acmesports.sports/Field+%26+Stream+Sportsman+16+Gun+Fire+Safe,399.98,0,42168.07778,Standard Class,Field & Stream Sportsman 16 Gun Fire Safe,148
DEBIT,4,4,-27.62,110.49,Shipping on time,0,18,Men's Footwear,South El Monte,EE. UU.,XXXXXXXXX,Mary,6064,Smith,XXXXXXXXX,Consumer,CA,8696 Silent Beacon Landing,91733,4,Apparel,34.05,-118.05,Europe,Winterthur,Suiza,6064,,12023,403,19.5,0.15,30036,129.99,-0.25,1,129.99,110.49,-27.62,Western Europe,ON_HOLD,,403,18,,http://images.acmesports.sports/Nike+Men%27s+CJ+Elite+2+TD+Football+Cleat,129.99,0,42184.49306,Standard Class,Nike Men's CJ Elite 2 TD Football Cleat,149
DEBIT,4,4,38.22,109.19,Shipping on time,0,18,Men's Footwear,South El Monte,EE. UU.,XXXXXXXXX,Mary,6064,Smith,XXXXXXXXX,Consumer,CA,8696 Silent Beacon Landing,91733,4,Apparel,34.05,-118.05,Europe,Winterthur,Suiza,6064,,12023,403,20.79999924,0.16,30035,129.99,0.35,1,129.99,109.19,38.22,Western Europe,ON_HOLD,,403,18,,http://images.acmesports.sports/Nike+Men%27s+CJ+Elite+2+TD+Football+Cleat,129.99,0,42184.49306,Standard Class,Nike Men's CJ Elite 2 TD Football Cleat,150
DEBIT,4,4,8.7,43.5,Shipping on time,0,24,Women's Apparel,South El Monte,EE. UU.,XXXXXXXXX,Mary,6064,Smith,XXXXXXXXX,Consumer,CA,8696 Silent Beacon Landing,91733,5,Golf,34.05,-118.05,Europe,Winterthur,Suiza,6064,,12023,502,6.5,0.13,30038,50,0.2,1,50,43.5,8.7,Western Europe,ON_HOLD,,502,24,,http://images.acmesports.sports/Nike+Men%27s+Dri-FIT+Victory+Golf+Polo,50,0,42184.49306,Standard Class,Nike Men's Dri-FIT Victory Golf Polo,151
DEBIT,5,4,4.67,9.94,Late delivery,1,61,CDs ,Eugene,EE. UU.,XXXXXXXXX,Renee,12912,Barker,XXXXXXXXX,Consumer,OR,57 High Villas ,97405,9,Discs Shop,44.03,-123.09,Europe,Zurich,Suiza,12912,42988,69359,1348,1.350000024,0.12,172674,11.29,0.47,1,11.29,9.94,4.67,Western Europe,ON_HOLD,,1348,61,,http://images.acmesports.sports/CDs+of+rock,11.29,0,43022.46597,Standard Class,CDs of rock,152
TRANSFER,4,4,61.1,129.99,Shipping on time,0,18,Men's Footwear,Cumberland,EE. UU.,XXXXXXXXX,Thomas,3957,Smith,XXXXXXXXX,Corporate,MD,1110 Merry Trace,21502,4,Apparel,39.64,-78.82,Europe,Zurich,Suiza,3957,43076,63283,403,0,0,158215,129.99,0.47,1,129.99,129.99,61.1,Western Europe,PENDING,,403,18,,http://images.acmesports.sports/Nike+Men%27s+CJ+Elite+2+TD+Football+Cleat,129.99,0,42932.77083,Standard Class,Nike Men's CJ Elite 2 TD Football Cleat,153
PAYMENT,6,4,-18.72,1440,Late delivery,1,64,Computers,Caguas,Puerto Rico,XXXXXXXXX,Taylor,14343,Lyons,XXXXXXXXX,Corporate,PR,9375 Harvest Circuit,725,10,Technology,18.22,-66.04,Europe,Zurich,Suiza,14343,,70790,1351,60,0.04,174105,1500,-0.01,1,1500,1440,-18.72,Western Europe,PENDING_PAYMENT,,1351,64,,http://images.acmesports.sports/Dell+Laptop,1500,0,43044.35556,Standard Class,Dell Laptop,154
DEBIT,3,4,19.11,91,Advance shipping,0,24,Women's Apparel,Denver,EE. UU.,XXXXXXXXX,Mary,12072,Stevens,XXXXXXXXX,Consumer,CO,3422 Jagged Willow Way,80231,5,Golf,39.66,-104.87,Europe,Zurich,Suiza,12072,42283,10967,502,9,0.09,27474,50,0.21,2,100,91,19.11,Western Europe,COMPLETE,,502,24,,http://images.acmesports.sports/Nike+Men%27s+Dri-FIT+Victory+Golf+Polo,50,0,42168.07778,Standard Class,Nike Men's Dri-FIT Victory Golf Polo,155
DEBIT,4,4,51.15,104.38,Shipping on time,0,17,Cleats,South El Monte,EE. UU.,XXXXXXXXX,Mary,6064,Smith,XXXXXXXXX,Consumer,CA,8696 Silent Beacon Landing,91733,4,Apparel,34.05,-118.05,Europe,Winterthur,Suiza,6064,,12023,365,15.60000038,0.13,30034,59.99,0.49,2,119.98,104.38,51.15,Western Europe,ON_HOLD,,365,17,,http://images.acmesports.sports/Perfect+Fitness+Perfect+Rip+Deck,59.99,0,42184.49306,Standard Class,Perfect Fitness Perfect Rip Deck,156
DEBIT,6,2,52.41,201.57,Late delivery,1,17,Cleats,Laredo,EE. UU.,XXXXXXXXX,Wayne,10286,Curtis,XXXXXXXXX,Home Office,TX,7192 Lost Bank,78046,4,Apparel,27.48,-99.47,Europe,Zurich,Suiza,10286,,16280,365,38.38999939,0.16,40651,59.99,0.26,4,239.96,201.57,52.41,Western Europe,COMPLETE,,365,17,,http://images.acmesports.sports/Perfect+Fitness+Perfect+Rip+Deck,59.99,0,42248.63542,Second Class,Perfect Fitness Perfect Rip Deck,157
DEBIT,6,4,-97.23,114.39,Late delivery,1,18,Men's Footwear,Sacramento,EE. UU.,XXXXXXXXX,Diane,11613,Taylor,XXXXXXXXX,Home Office,CA,4463 Cotton Quail Forest,95828,4,Apparel,38.5,-121.42,Europe,Zurich,Suiza,11613,42348,19500,403,15.60000038,0.12,48727,129.99,-0.85,1,129.99,114.39,-97.23,Western Europe,COMPLETE,,403,18,,http://images.acmesports.sports/Nike+Men%27s+CJ+Elite+2+TD+Football+Cleat,129.99,0,42295.64028,Standard Class,Nike Men's CJ Elite 2 TD Football Cleat,158
DEBIT,2,1,78.02,165.99,Late delivery,1,48,Water Sports,Milford,EE. UU.,XXXXXXXXX,Brenda,4901,Smith,XXXXXXXXX,Consumer,CT,3504 Dusty View Loop,6460,7,Fan Shop,41.2,-73.09,Europe,Zurich,Suiza,4901,42045,18783,1073,34,0.17,46967,199.99,0.47,1,199.99,165.99,78.02,Western Europe,COMPLETE,,1073,48,,http://images.acmesports.sports/Pelican+Sunstream+100+Kayak,199.99,0,42281.17361,First Class,Pelican Sunstream 100 Kayak,159
PAYMENT,3,2,98,195.99,Late delivery,1,48,Water Sports,Caguas,Puerto Rico,XXXXXXXXX,Patricia,6297,Contreras,XXXXXXXXX,Consumer,PR,5548 Tawny Embers Nook,725,7,Fan Shop,18.28,-66.37,Europe,Zurich,Suiza,6297,,17672,1073,4,0.02,44149,199.99,0.5,1,199.99,195.99,98,Western Europe,PENDING_PAYMENT,,1073,48,,http://images.acmesports.sports/Pelican+Sunstream+100+Kayak,199.99,0,42265.95556,Second Class,Pelican Sunstream 100 Kayak,160
DEBIT,2,1,45,149.99,Late delivery,1,48,Water Sports,Garden Grove,EE. UU.,XXXXXXXXX,Amanda,8469,Smith,XXXXXXXXX,Consumer,CA,4599 Crystal Avenue,92843,7,Fan Shop,33.77,-117.94,Europe,Zurich,Suiza,8469,,16640,1073,50,0.25,41584,199.99,0.3,1,199.99,149.99,45,Western Europe,COMPLETE,,1073,48,,http://images.acmesports.sports/Pelican+Sunstream+100+Kayak,199.99,0,42249.89028,First Class,Pelican Sunstream 100 Kayak,161
TRANSFER,6,2,18.79,39.98,Shipping canceled,0,46,Indoor/Outdoor Games,Honolulu,EE. UU.,XXXXXXXXX,Mary,9869,Smith,XXXXXXXXX,Home Office,HI,4063 Little Creek Court,96816,7,Fan Shop,21.29,-157.8,Europe,Winterthur,Suiza,9869,,63310,1014,10,0.2,158289,49.98,0.47,1,49.98,39.98,18.79,Western Europe,SUSPECTED_FRAUD,,1014,46,,http://images.acmesports.sports/O%27Brien+Men%27s+Neoprene+Life+Vest,49.98,0,42935.16458,Second Class,O'Brien Men's Neoprene Life Vest,162
TRANSFER,2,1,-43.5,347.98,Shipping canceled,0,45,Fishing,San Pedro,EE. UU.,XXXXXXXXX,Catherine,4571,Roman,XXXXXXXXX,Consumer,CA,3006 Merry Timber Pointe,90731,7,Fan Shop,33.74,-118.28,Europe,Zurich,Suiza,4571,,15388,1004,52,0.13,38490,399.98,-0.13,1,399.98,347.98,-43.5,Western Europe,CANCELED,,1004,45,,http://images.acmesports.sports/Field+%26+Stream+Sportsman+16+Gun+Fire+Safe,399.98,0,42231.61458,First Class,Field & Stream Sportsman 16 Gun Fire Safe,163
TRANSFER,2,1,39.04,118.29,Late delivery,1,18,Men's Footwear,Brooklyn,EE. UU.,XXXXXXXXX,Carol,3031,Smith,XXXXXXXXX,Consumer,NY,4166 Stony Berry Alley,11214,4,Apparel,40.65,-73.94,Europe,Zurich,Suiza,3031,,11990,403,11.69999981,0.09,29958,129.99,0.33,1,129.99,118.29,39.04,Western Europe,PROCESSING,,403,18,,http://images.acmesports.sports/Nike+Men%27s+CJ+Elite+2+TD+Football+Cleat,129.99,0,42182.01111,First Class,Nike Men's CJ Elite 2 TD Football Cleat,164
TRANSFER,2,1,103.99,399.98,Late delivery,1,45,Fishing,Brooklyn,EE. UU.,XXXXXXXXX,Carol,3031,Smith,XXXXXXXXX,Consumer,NY,4166 Stony Berry Alley,11214,7,Fan Shop,40.65,-73.94,Europe,Zurich,Suiza,3031,,11990,1004,0,0,29960,399.98,0.26,1,399.98,399.98,103.99,Western Europe,PROCESSING,,1004,45,,http://images.acmesports.sports/Field+%26+Stream+Sportsman+16+Gun+Fire+Safe,399.98,0,42182.01111,First Class,Field & Stream Sportsman 16 Gun Fire Safe,165
TRANSFER,2,1,138.59,395.98,Late delivery,1,45,Fishing,Brooklyn,EE. UU.,XXXXXXXXX,Carol,3031,Smith,XXXXXXXXX,Consumer,NY,4166 Stony Berry Alley,11214,7,Fan Shop,40.65,-73.94,Europe,Zurich,Suiza,3031,,11990,1004,4,0.01,29959,399.98,0.35,1,399.98,395.98,138.59,Western Europe,PROCESSING,,1004,45,,http://images.acmesports.sports/Field+%26+Stream+Sportsman+16+Gun+Fire+Safe,399.98,0,42182.01111,First Class,Field & Stream Sportsman 16 Gun Fire Safe,166
TRANSFER,2,1,117.59,391.98,Late delivery,1,45,Fishing,Brooklyn,EE. UU.,XXXXXXXXX,Carol,3031,Smith,XXXXXXXXX,Consumer,NY,4166 Stony Berry Alley,11214,7,Fan Shop,40.65,-73.94,Europe,Zurich,Suiza,3031,,11990,1004,8,0.02,29957,399.98,0.3,1,399.98,391.98,117.59,Western Europe,PROCESSING,,1004,45,,http://images.acmesports.sports/Field+%26+Stream+Sportsman+16+Gun+Fire+Safe,399.98,0,42182.01111,First Class,Field & Stream Sportsman 16 Gun Fire Safe,167
DEBIT,6,2,29.1,387.98,Late delivery,1,45,Fishing,Elk Grove,EE. UU.,XXXXXXXXX,Debra,5791,Lutz,XXXXXXXXX,Consumer,CA,5500 Noble Brook Circuit,95758,7,Fan Shop,38.41,-121.44,Europe,Zurich,Suiza,5791,,67930,1004,12,0.03,169820,399.98,0.08,1,399.98,387.98,29.1,Western Europe,ON_HOLD,,1004,45,,http://images.acmesports.sports/Field+%26+Stream+Sportsman+16+Gun+Fire+Safe,399.98,0,43002.60625,Second Class,Field & Stream Sportsman 16 Gun Fire Safe,168
TRANSFER,5,4,37.51,331.98,Shipping canceled,0,45,Fishing,Caguas,Puerto Rico,XXXXXXXXX,Mary,2851,Huffman,XXXXXXXXX,Home Office,PR,1795 Thunder Ramp,725,7,Fan Shop,18.3,-66.37,Europe,Zurich,Suiza,2851,,67569,1004,68,0.17,168929,399.98,0.11,1,399.98,331.98,37.51,Western Europe,SUSPECTED_FRAUD,,1004,45,,http://images.acmesports.sports/Field+%26+Stream+Sportsman+16+Gun+Fire+Safe,399.98,0,42996.33611,Standard Class,Field & Stream Sportsman 16 Gun Fire Safe,169
TRANSFER,2,1,47.51,143.98,Shipping canceled,0,17,Cleats,Jacksonville,EE. UU.,XXXXXXXXX,Mary,3032,Wilson,XXXXXXXXX,Consumer,NC,7790 Misty Elk Line,28540,4,Apparel,34.75,-77.43,Europe,Zurich,Suiza,3032,,64079,365,35.99000168,0.2,160212,59.99,0.33,3,179.97,143.98,47.51,Western Europe,CANCELED,,365,17,,http://images.acmesports.sports/Perfect+Fitness+Perfect+Rip+Deck,59.99,0,42942.39028,First Class,Perfect Fitness Perfect Rip Deck,170
TRANSFER,2,1,72.63,207.5,Shipping canceled,0,24,Women's Apparel,San Pedro,EE. UU.,XXXXXXXXX,Catherine,4571,Roman,XXXXXXXXX,Consumer,CA,3006 Merry Timber Pointe,90731,5,Golf,33.74,-118.28,Europe,Zurich,Suiza,4571,,15388,502,42.5,0.17,38489,50,0.35,5,250,207.5,72.63,Western Europe,CANCELED,,502,24,,http://images.acmesports.sports/Nike+Men%27s+Dri-FIT+Victory+Golf+Polo,50,0,42231.61458,First Class,Nike Men's Dri-FIT Victory Golf Polo,171
TRANSFER,3,2,-204.73,116.99,Late delivery,1,18,Men's Footwear,Hanford,EE. UU.,XXXXXXXXX,Bryan,9470,Smith,XXXXXXXXX,Consumer,CA,3927 Rustic Mews,93230,4,Apparel,36.33,-119.64,Europe,Winterthur,Suiza,9470,,63312,403,13,0.1,158295,129.99,-1.75,1,129.99,116.99,-204.73,Western Europe,PROCESSING,,403,18,,http://images.acmesports.sports/Nike+Men%27s+CJ+Elite+2+TD+Football+Cleat,129.99,0,42932.19375,Second Class,Nike Men's CJ Elite 2 TD Football Cleat,172
TRANSFER,3,2,-266.49,156.76,Late delivery,1,29,Shop By Sport,Hanford,EE. UU.,XXXXXXXXX,Bryan,9470,Smith,XXXXXXXXX,Consumer,CA,3927 Rustic Mews,93230,5,Golf,36.33,-119.64,Europe,Winterthur,Suiza,9470,,63312,627,3.200000048,0.02,158294,39.99,-1.7,4,159.96,156.76,-266.49,Western Europe,PROCESSING,,627,29,,http://images.acmesports.sports/Under+Armour+Girls%27+Toddler+Spine+Surge+Running+Shoe,39.99,0,42932.19375,Second Class,Under Armour Girls' Toddler Spine Surge Runni,173
TRANSFER,4,4,50.77,120.89,Shipping on time,0,18,Men's Footwear,Milford,EE. UU.,XXXXXXXXX,Mary,4976,Smith,XXXXXXXXX,Consumer,CT,9601 Jagged River Bay,6460,4,Apparel,41.2,-73.09,Europe,Zurich,Suiza,4976,,11993,403,9.100000381,0.07,29962,129.99,0.42,1,129.99,120.89,50.77,Western Europe,PENDING,,403,18,,http://images.acmesports.sports/Nike+Men%27s+CJ+Elite+2+TD+Football+Cleat,129.99,0,42184.05486,Standard Class,Nike Men's CJ Elite 2 TD Football Cleat,174
TRANSFER,4,4,39.95,353.53,Shipping on time,0,63,Children's Clothing,Caguas,Puerto Rico,XXXXXXXXX,Aphrodite,13626,Alvarez,XXXXXXXXX,Corporate,PR,6179 Silver Alley,725,4,Apparel,18.26,-66.04,Europe,Zurich,Suiza,13626,,70073,1350,3.569999933,0.01,173388,357.1,0.11,1,357.1,353.53,39.95,Western Europe,PENDING,,1350,63,,http://images.acmesports.sports/Children+heaters,357.1,0,43031.88889,Standard Class,Children's heaters,175
TRANSFER,4,4,12.73,28.28,Shipping on time,0,59,Books ,Caguas,Puerto Rico,XXXXXXXXX,Shafira,12516,Kelly,XXXXXXXXX,Corporate,PR,3891 Broad Line ,725,8,Book Shop,18.24,-66.37,Europe,Zurich,Suiza,12516,42804,68963,1346,2.799999952,0.09,172278,31.08,0.45,1,31.08,28.28,12.73,Western Europe,PROCESSING,,1346,59,,http://images.acmesports.sports/Sports+Books,31.08,0,43015.68542,Standard Class,Sports Books ,176
PAYMENT,3,2,23.76,88,Late delivery,1,24,Women's Apparel,Caguas,Puerto Rico,XXXXXXXXX,Patricia,6297,Contreras,XXXXXXXXX,Consumer,PR,5548 Tawny Embers Nook,725,5,Golf,18.28,-66.37,Europe,Zurich,Suiza,6297,,17672,502,12,0.12,44151,50,0.27,2,100,88,23.76,Western Europe,PENDING_PAYMENT,,502,24,,http://images.acmesports.sports/Nike+Men%27s+Dri-FIT+Victory+Golf+Polo,50,0,42265.95556,Second Class,Nike Men's Dri-FIT Victory Golf Polo,177
PAYMENT,3,2,47.22,98.38,Late delivery,1,29,Shop By Sport,Caguas,Puerto Rico,XXXXXXXXX,Patricia,6297,Contreras,XXXXXXXXX,Consumer,PR,5548 Tawny Embers Nook,725,5,Golf,18.28,-66.37,Europe,Zurich,Suiza,6297,,17672,627,21.59000015,0.18,44148,39.99,0.48,3,119.97,98.38,47.22,Western Europe,PENDING_PAYMENT,,627,29,,http://images.acmesports.sports/Under+Armour+Girls%27+Toddler+Spine+Surge+Running+Shoe,39.99,0,42265.95556,Second Class,Under Armour Girls' Toddler Spine Surge Runni,178
PAYMENT,3,2,34.19,189.95,Late delivery,1,29,Shop By Sport,Caguas,Puerto Rico,XXXXXXXXX,Patricia,6297,Contreras,XXXXXXXXX,Consumer,PR,5548 Tawny Embers Nook,725,5,Golf,18.28,-66.37,Europe,Zurich,Suiza,6297,,17672,627,10,0.05,44150,39.99,0.18,5,199.95,189.95,34.19,Western Europe,PENDING_PAYMENT,,627,29,,http://images.acmesports.sports/Under+Armour+Girls%27+Toddler+Spine+Surge+Running+Shoe,39.99,0,42265.95556,Second Class,Under Armour Girls' Toddler Spine Surge Runni,179
PAYMENT,5,4,16.63,49.19,Late delivery,1,17,Cleats,Caguas,Puerto Rico,XXXXXXXXX,Lawrence,8205,Cummings,XXXXXXXXX,Consumer,PR,6716 Wishing Pioneer Thicket,725,4,Apparel,18.23,-66.37,Europe,Zurich,Suiza,8205,43076,63279,365,10.80000019,0.18,158210,59.99,0.34,1,59.99,49.19,16.63,Western Europe,PAYMENT_REVIEW,,365,17,,http://images.acmesports.sports/Perfect+Fitness+Perfect+Rip+Deck,59.99,0,42933.7125,Standard Class,Perfect Fitness Perfect Rip Deck,180
PAYMENT,4,4,3.57,9.82,Shipping on time,0,61,CDs ,Caguas,Puerto Rico,XXXXXXXXX,Iola,12911,Wallace,XXXXXXXXX,Consumer,PR,9128 Little Cloud Bay,725,9,Discs Shop,18.26,-66.04,Europe,Zurich,Suiza,12911,42988,69358,1348,1.470000029,0.13,172673,11.29,0.36,1,11.29,9.82,3.57,Western Europe,PENDING_PAYMENT,,1348,61,,http://images.acmesports.sports/CDs+of+rock,11.29,0,43021.45139,Standard Class,CDs of rock,181
DEBIT,3,4,37.5,299.97,Advance shipping,0,9,Cardio Equipment,Denver,EE. UU.,XXXXXXXXX,Mary,12072,Stevens,XXXXXXXXX,Consumer,CO,3422 Jagged Willow Way,80231,3,Footwear,39.66,-104.87,Europe,Zurich,Suiza,12072,42283,10967,191,99.98999786,0.25,27473,99.99,0.13,4,399.96,299.97,37.5,Western Europe,COMPLETE,,191,9,,http://images.acmesports.sports/Nike+Men%27s+Free+5.0%2B+Running+Shoe,99.99,0,42168.07778,Standard Class,Nike Men's Free 5.0+ Running Shoe,182
DEBIT,5,4,-2.26,174,Late delivery,1,24,Women's Apparel,San Antonio,EE. UU.,XXXXXXXXX,Donald,1249,Odom,XXXXXXXXX,Consumer,TX,6759 Foggy Limits,78207,5,Golf,29.43,-98.52,Europe,Zurich,Suiza,1249,,18069,502,26,0.13,45158,50,-0.01,4,200,174,-2.26,Western Europe,COMPLETE,,502,24,,http://images.acmesports.sports/Nike+Men%27s+Dri-FIT+Victory+Golf+Polo,50,0,42273.75069,Standard Class,Nike Men's Dri-FIT Victory Golf Polo,183
DEBIT,4,4,152.51,371.98,Shipping on time,0,45,Fishing,Caguas,Puerto Rico,XXXXXXXXX,Matthew,8080,Smith,XXXXXXXXX,Home Office,PR,1143 Golden Quail Gardens,725,7,Fan Shop,18.24,-66.37,Europe,Zurich,Suiza,8080,,63723,1004,28,0.07,159290,399.98,0.41,1,399.98,371.98,152.51,Western Europe,COMPLETE,,1004,45,,http://images.acmesports.sports/Field+%26+Stream+Sportsman+16+Gun+Fire+Safe,399.98,0,42939.19375,Standard Class,Field & Stream Sportsman 16 Gun Fire Safe,184
TRANSFER,3,2,110.17,351.98,Late delivery,1,45,Fishing,Hanford,EE. UU.,XXXXXXXXX,Bryan,9470,Smith,XXXXXXXXX,Consumer,CA,3927 Rustic Mews,93230,7,Fan Shop,36.33,-119.64,Europe,Winterthur,Suiza,9470,,63312,1004,48,0.12,158296,399.98,0.31,1,399.98,351.98,110.17,Western Europe,PROCESSING,,1004,45,,http://images.acmesports.sports/Field+%26+Stream+Sportsman+16+Gun+Fire+Safe,399.98,0,42932.19375,Second Class,Field & Stream Sportsman 16 Gun Fire Safe,185
DEBIT,2,4,-17.1,299.99,Advance shipping,0,45,Fishing,Oxnard,EE. UU.,XXXXXXXXX,Mary,1169,Smith,XXXXXXXXX,Corporate,CA,1055 Crystal Woods,93030,7,Fan Shop,34.19,-119.18,Europe,Zurich,Suiza,1169,43076,63281,1004,100,0.25,158214,399.98,-0.06,1,399.98,299.99,-17.1,Western Europe,COMPLETE,,1004,45,,http://images.acmesports.sports/Field+%26+Stream+Sportsman+16+Gun+Fire+Safe,399.98,0,42930.74167,Standard Class,Field & Stream Sportsman 16 Gun Fire Safe,186
PAYMENT,4,4,32.79,81.97,Shipping on time,0,46,Indoor/Outdoor Games,Caguas,Puerto Rico,XXXXXXXXX,Roy,11681,Jackson,XXXXXXXXX,Consumer,PR,8510 Green River Acres,725,7,Fan Shop,18.24,-66.37,Europe,Zurich,Suiza,11681,,18068,1014,17.98999977,0.18,45153,49.98,0.4,2,99.96,81.97,32.79,Western Europe,PENDING_PAYMENT,,1014,46,,http://images.acmesports.sports/O%27Brien+Men%27s+Neoprene+Life+Vest,49.98,0,42272.73611,Standard Class,O'Brien Men's Neoprene Life Vest,187
PAYMENT,3,2,24.49,48.98,Late delivery,1,46,Indoor/Outdoor Games,Caguas,Puerto Rico,XXXXXXXXX,Patricia,6297,Contreras,XXXXXXXXX,Consumer,PR,5548 Tawny Embers Nook,725,7,Fan Shop,18.28,-66.37,Europe,Zurich,Suiza,6297,,17672,1014,1,0.02,44147,49.98,0.5,1,49.98,48.98,24.49,Western Europe,PENDING_PAYMENT,,1014,46,,http://images.acmesports.sports/O%27Brien+Men%27s+Neoprene+Life+Vest,49.98,0,42265.95556,Second Class,O'Brien Men's Neoprene Life Vest,188
CASH,2,1,48.48,96.96,Late delivery,1,46,Indoor/Outdoor Games,Caguas,Puerto Rico,XXXXXXXXX,Mary,11470,Strong,XXXXXXXXX,Home Office,PR,6575 Little Boulevard,725,7,Fan Shop,18.28,-66.37,Europe,Zurich,Suiza,11470,,11991,1014,3,0.03,29961,49.98,0.5,2,99.96,96.96,48.48,Western Europe,CLOSED,,1014,46,,http://images.acmesports.sports/O%27Brien+Men%27s+Neoprene+Life+Vest,49.98,0,42182.02569,First Class,O'Brien Men's Neoprene Life Vest,189
DEBIT,5,2,29.72,94.96,Late delivery,1,46,Indoor/Outdoor Games,Caguas,Puerto Rico,XXXXXXXXX,Mary,6025,Smith,XXXXXXXXX,Corporate,PR,8734 Dewy Expressway,725,7,Fan Shop,18.21,-66.37,Europe,Zurich,Suiza,6025,,11709,1014,5,0.05,29282,49.98,0.31,2,99.96,94.96,29.72,Western Europe,COMPLETE,,1014,46,,http://images.acmesports.sports/O%27Brien+Men%27s+Neoprene+Life+Vest,49.98,0,42180.90972,Second Class,O'Brien Men's Neoprene Life Vest,190
DEBIT,4,2,18.92,99.58,Late delivery,1,29,Shop By Sport,Caguas,Puerto Rico,XXXXXXXXX,Mary,11815,Smith,XXXXXXXXX,Home Office,PR,4741 Crystal Lake Pointe,725,5,Golf,18.22,-66.37,Europe,Zurich,Suiza,11815,,17673,627,20.38999939,0.17,44152,39.99,0.19,3,119.97,99.58,18.92,Western Europe,COMPLETE,,627,29,,http://images.acmesports.sports/Under+Armour+Girls%27+Toddler+Spine+Surge+Running+Shoe,39.99,0,42266.97014,Second Class,Under Armour Girls' Toddler Spine Surge Runni,191
PAYMENT,4,4,35.69,101.98,Shipping on time,0,17,Cleats,Caguas,Puerto Rico,XXXXXXXXX,Roy,11681,Jackson,XXXXXXXXX,Consumer,PR,8510 Green River Acres,725,4,Apparel,18.24,-66.37,Europe,Zurich,Suiza,11681,,18068,365,18,0.15,45155,59.99,0.35,2,119.98,101.98,35.69,Western Europe,PENDING_PAYMENT,,365,17,,http://images.acmesports.sports/Perfect+Fitness+Perfect+Rip+Deck,59.99,0,42272.73611,Standard Class,Perfect Fitness Perfect Rip Deck,192
PAYMENT,5,4,63.21,147,Late delivery,1,24,Women's Apparel,Caguas,Puerto Rico,XXXXXXXXX,Lawrence,8205,Cummings,XXXXXXXXX,Consumer,PR,6716 Wishing Pioneer Thicket,725,5,Golf,18.23,-66.37,Europe,Zurich,Suiza,8205,43076,63279,502,3,0.02,158209,50,0.43,3,150,147,63.21,Western Europe,PAYMENT_REVIEW,,502,24,,http://images.acmesports.sports/Nike+Men%27s+Dri-FIT+Victory+Golf+Polo,50,0,42933.7125,Standard Class,Nike Men's Dri-FIT Victory Golf Polo,193
PAYMENT,4,4,92.01,293.95,Shipping on time,0,17,Cleats,Caguas,Puerto Rico,XXXXXXXXX,Roy,11681,Jackson,XXXXXXXXX,Consumer,PR,8510 Green River Acres,725,4,Apparel,18.24,-66.37,Europe,Zurich,Suiza,11681,,18068,365,6,0.02,45151,59.99,0.31,5,299.95,293.95,92.01,Western Europe,PENDING_PAYMENT,,365,17,,http://images.acmesports.sports/Perfect+Fitness+Perfect+Rip+Deck,59.99,0,42272.73611,Standard Class,Perfect Fitness Perfect Rip Deck,194
PAYMENT,4,4,-164,205,Shipping on time,0,24,Women's Apparel,Caguas,Puerto Rico,XXXXXXXXX,Roy,11681,Jackson,XXXXXXXXX,Consumer,PR,8510 Green River Acres,725,5,Golf,18.24,-66.37,Europe,Zurich,Suiza,11681,,18068,502,45,0.18,45154,50,-0.8,5,250,205,-164,Western Europe,PENDING_PAYMENT,,502,24,,http://images.acmesports.sports/Nike+Men%27s+Dri-FIT+Victory+Golf+Polo,50,0,42272.73611,Standard Class,Nike Men's Dri-FIT Victory Golf Polo,195
TRANSFER,2,1,37.67,86.99,Late delivery,1,9,Cardio Equipment,Caguas,Puerto Rico,XXXXXXXXX,Amanda,7095,Hogan,XXXXXXXXX,Consumer,PR,3654 Foggy Byway,725,3,Footwear,18.29,-66.37,Europe,Zurich,Suiza,7095,42283,10966,191,13,0.13,27472,99.99,0.43,1,99.99,86.99,37.67,Western Europe,PENDING,,191,9,,http://images.acmesports.sports/Nike+Men%27s+Free+5.0%2B+Running+Shoe,99.99,0,42167.06319,First Class,Nike Men's Free 5.0+ Running Shoe,196
TRANSFER,2,1,19.19,106.59,Late delivery,1,18,Men's Footwear,Caguas,Puerto Rico,XXXXXXXXX,Amanda,7095,Hogan,XXXXXXXXX,Consumer,PR,3654 Foggy Byway,725,4,Apparel,18.29,-66.37,Europe,Zurich,Suiza,7095,42283,10966,403,23.39999962,0.18,27471,129.99,0.18,1,129.99,106.59,19.19,Western Europe,PENDING,,403,18,,http://images.acmesports.sports/Nike+Men%27s+CJ+Elite+2+TD+Football+Cleat,129.99,0,42167.06319,First Class,Nike Men's CJ Elite 2 TD Football Cleat,197
TRANSFER,2,1,1.08,10.84,Late delivery,1,61,CDs ,Caguas,Puerto Rico,XXXXXXXXX,Chloe,12918,Robbins,XXXXXXXXX,Consumer,PR,1591 Foggy Meadow ,725,9,Discs Shop,18.26,-66.04,Europe,Zurich,Suiza,12918,42988,69365,1348,0.449999988,0.04,172680,11.29,0.1,1,11.29,10.84,1.08,Western Europe,PROCESSING,,1348,61,,http://images.acmesports.sports/CDs+of+rock,11.29,0,43019.55347,First Class,CDs of rock,198
TRANSFER,2,1,197.38,419.96,Late delivery,1,9,Cardio Equipment,Caguas,Puerto Rico,XXXXXXXXX,Amanda,7095,Hogan,XXXXXXXXX,Consumer,PR,3654 Foggy Byway,725,3,Footwear,18.29,-66.37,Europe,Zurich,Suiza,7095,42283,10966,191,79.98999786,0.16,27470,99.99,0.47,5,499.95,419.96,197.38,Western Europe,PENDING,,191,9,,http://images.acmesports.sports/Nike+Men%27s+Free+5.0%2B+Running+Shoe,99.99,0,42167.06319,First Class,Nike Men's Free 5.0+ Running Shoe,199
TRANSFER,3,4,-24.28,107.89,Advance shipping,0,18,Men's Footwear,Caguas,Puerto Rico,XXXXXXXXX,Peter,9822,Goodman,XXXXXXXXX,Consumer,PR,7177 Little Lagoon Parade,725,4,Apparel,18.26,-66.37,Europe,Winterthur,Suiza,9822,,12022,403,22.10000038,0.17,30030,129.99,-0.23,1,129.99,107.89,-24.28,Western Europe,PENDING,,403,18,,http://images.acmesports.sports/Nike+Men%27s+CJ+Elite+2+TD+Football+Cleat,129.99,0,42183.47847,Standard Class,Nike Men's CJ Elite 2 TD Football Cleat,200
TRANSFER,3,4,36,359.98,Advance shipping,0,45,Fishing,Caguas,Puerto Rico,XXXXXXXXX,Peter,9822,Goodman,XXXXXXXXX,Consumer,PR,7177 Little Lagoon Parade,725,7,Fan Shop,18.26,-66.37,Europe,Winterthur,Suiza,9822,,12022,1004,40,0.1,30032,399.98,0.1,1,399.98,359.98,36,Western Europe,PENDING,,1004,45,,http://images.acmesports.sports/Field+%26+Stream+Sportsman+16+Gun+Fire+Safe,399.98,0,42183.47847,Standard Class,Field & Stream Sportsman 16 Gun Fire Safe,201
TRANSFER,3,4,52.39,167.37,Advance shipping,0,17,Cleats,Caguas,Puerto Rico,XXXXXXXXX,Peter,9822,Goodman,XXXXXXXXX,Consumer,PR,7177 Little Lagoon Parade,725,4,Apparel,18.26,-66.37,Europe,Winterthur,Suiza,9822,,12022,365,12.60000038,0.07,30031,59.99,0.31,3,179.97,167.37,52.39,Western Europe,PENDING,,365,17,,http://images.acmesports.sports/Perfect+Fitness+Perfect+Rip+Deck,59.99,0,42183.47847,Standard Class,Perfect Fitness Perfect Rip Deck,202
DEBIT,6,4,10.74,95,Late delivery,1,24,Women's Apparel,Sacramento,EE. UU.,XXXXXXXXX,Diane,11613,Taylor,XXXXXXXXX,Home Office,CA,4463 Cotton Quail Forest,95828,5,Golf,38.5,-121.42,Europe,Zurich,Suiza,11613,42348,19500,502,5,0.05,48728,50,0.11,2,100,95,10.74,Western Europe,COMPLETE,,502,24,,http://images.acmesports.sports/Nike+Men%27s+Dri-FIT+Victory+Golf+Polo,50,0,42295.64028,Standard Class,Nike Men's Dri-FIT Victory Golf Polo,203
DEBIT,6,4,-32.94,230.36,Late delivery,1,17,Cleats,Sacramento,EE. UU.,XXXXXXXXX,Diane,11613,Taylor,XXXXXXXXX,Home Office,CA,4463 Cotton Quail Forest,95828,4,Apparel,38.5,-121.42,Europe,Zurich,Suiza,11613,42348,19500,365,9.600000381,0.04,48729,59.99,-0.14,4,239.96,230.36,-32.94,Western Europe,COMPLETE,,365,17,,http://images.acmesports.sports/Perfect+Fitness+Perfect+Rip+Deck,59.99,0,42295.64028,Standard Class,Perfect Fitness Perfect Rip Deck,204
PAYMENT,2,4,41.77,122.84,Advance shipping,0,18,Men's Footwear,Del Rio,EE. UU.,XXXXXXXXX,Olivia,748,Smith,XXXXXXXXX,Home Office,TX,1666 Sunny View,78840,4,Apparel,33.45,-111.93,Europe,Zurich,Suiza,748,43048,67421,403,7.150000095,0.06,168528,129.99,0.34,1,129.99,122.84,41.77,Western Europe,PENDING_PAYMENT,,403,18,,http://images.acmesports.sports/Nike+Men%27s+CJ+Elite+2+TD+Football+Cleat,129.99,0,42991.17569,Standard Class,Nike Men's CJ Elite 2 TD Football Cleat,205
PAYMENT,2,4,-0.64,49.19,Advance shipping,0,17,Cleats,Del Rio,EE. UU.,XXXXXXXXX,Olivia,748,Smith,XXXXXXXXX,Home Office,TX,1666 Sunny View,78840,4,Apparel,33.45,-111.93,Europe,Zurich,Suiza,748,43048,67421,365,10.80000019,0.18,168527,59.99,-0.01,1,59.99,49.19,-0.64,Western Europe,PENDING_PAYMENT,,365,17,,http://images.acmesports.sports/Perfect+Fitness+Perfect+Rip+Deck,59.99,0,42991.17569,Standard Class,Perfect Fitness Perfect Rip Deck,206
PAYMENT,2,4,22.5,179.97,Advance shipping,0,17,Cleats,Del Rio,EE. UU.,XXXXXXXXX,Olivia,748,Smith,XXXXXXXXX,Home Office,TX,1666 Sunny View,78840,4,Apparel,33.45,-111.93,Europe,Zurich,Suiza,748,43048,67421,365,59.99000168,0.25,168526,59.99,0.13,4,239.96,179.97,22.5,Western Europe,PENDING_PAYMENT,,365,17,,http://images.acmesports.sports/Perfect+Fitness+Perfect+Rip+Deck,59.99,0,42991.17569,Standard Class,Perfect Fitness Perfect Rip Deck,207
TRANSFER,6,2,27.19,108.74,Shipping canceled,0,2,Soccer,Honolulu,EE. UU.,XXXXXXXXX,Mary,9869,Smith,XXXXXXXXX,Home Office,HI,4063 Little Creek Court,96816,2,Fitness,21.29,-157.8,Europe,Winterthur,Suiza,9869,,63310,19,16.25,0.13,158290,124.99,0.25,1,124.99,108.74,27.19,Western Europe,SUSPECTED_FRAUD,,19,2,,http://images.acmesports.sports/Nike+Men%27s+Fingertrap+Max+Training+Shoe,124.99,0,42935.16458,Second Class,Nike Men's Fingertrap Max Training Shoe,208
TRANSFER,6,2,106.03,252.45,Shipping canceled,0,44,Hunting & Shooting,Honolulu,EE. UU.,XXXXXXXXX,Mary,9869,Smith,XXXXXXXXX,Home Office,HI,4063 Little Creek Court,96816,7,Fan Shop,21.29,-157.8,Europe,Winterthur,Suiza,9869,,63310,981,44.54999924,0.15,158288,99,0.42,3,297,252.45,106.03,Western Europe,SUSPECTED_FRAUD,,981,44,,http://images.acmesports.sports/The+North+Face+Women%27s+Recon+Backpack,99,0,42935.16458,Second Class,The North Face Women's Recon Backpack,209
DEBIT,3,4,53.28,204.92,Advance shipping,0,46,Indoor/Outdoor Games,Denver,EE. UU.,XXXXXXXXX,Mary,12072,Stevens,XXXXXXXXX,Consumer,CO,3422 Jagged Willow Way,80231,7,Fan Shop,39.66,-104.87,Europe,Zurich,Suiza,12072,42283,10967,1014,44.97999954,0.18,27475,49.98,0.26,5,249.9,204.92,53.28,Western Europe,COMPLETE,,1014,46,,http://images.acmesports.sports/O%27Brien+Men%27s+Neoprene+Life+Vest,49.98,0,42168.07778,Standard Class,O'Brien Men's Neoprene Life Vest,210
PAYMENT,5,2,80.34,167.37,Late delivery,1,17,Cleats,Caguas,Puerto Rico,XXXXXXXXX,Mary,5007,Smith,XXXXXXXXX,Home Office,PR,2264 Thunder Abbey,725,4,Apparel,18.25,-66.37,LATAM,Cabimas,Venezuela,5007,,7814,365,12.60000038,0.07,19544,59.99,0.48,3,179.97,167.37,80.34,South America,PENDING_PAYMENT,,365,17,,http://images.acmesports.sports/Perfect+Fitness+Perfect+Rip+Deck,59.99,0,42124.05139,Second Class,Perfect Fitness Perfect Rip Deck,211
PAYMENT,5,2,-26.69,163.77,Late delivery,1,17,Cleats,Caguas,Puerto Rico,XXXXXXXXX,Mary,5007,Smith,XXXXXXXXX,Home Office,PR,2264 Thunder Abbey,725,4,Apparel,18.25,-66.37,LATAM,Cabimas,Venezuela,5007,,7814,365,16.20000076,0.09,19542,59.99,-0.16,3,179.97,163.77,-26.69,South America,PENDING_PAYMENT,,365,17,,http://images.acmesports.sports/Perfect+Fitness+Perfect+Rip+Deck,59.99,0,42124.05139,Second Class,Perfect Fitness Perfect Rip Deck,212
DEBIT,4,2,22.38,106.59,Late delivery,1,18,Men's Footwear,Mayaguez,Puerto Rico,XXXXXXXXX,Scott,7844,Smith,XXXXXXXXX,Consumer,PR,2681 Cinder By-pass,680,4,Apparel,18.2,-67.14,LATAM,Maracaibo,Venezuela,7844,42310,2833,403,23.39999962,0.18,7110,129.99,0.21,1,129.99,106.59,22.38,South America,COMPLETE,,403,18,,http://images.acmesports.sports/Nike+Men%27s+CJ+Elite+2+TD+Football+Cleat,129.99,0,42050.34028,Second Class,Nike Men's CJ Elite 2 TD Football Cleat,213
DEBIT,6,2,121.67,359.98,Late delivery,1,45,Fishing,Caguas,Puerto Rico,XXXXXXXXX,Mary,7223,Smith,XXXXXXXXX,Consumer,PR,4436 Indian Acres,725,7,Fan Shop,18.25,-66.37,LATAM,Maracaibo,Venezuela,7223,,7725,1004,40,0.1,19313,399.98,0.34,1,399.98,359.98,121.67,South America,COMPLETE,,1004,45,,http://images.acmesports.sports/Field+%26+Stream+Sportsman+16+Gun+Fire+Safe,399.98,0,42123.75208,Second Class,Field & Stream Sportsman 16 Gun Fire Safe,214
DEBIT,2,4,204.43,434.96,Advance shipping,0,9,Cardio Equipment,Granite City,EE. UU.,XXXXXXXXX,Katherine,1124,Cain,XXXXXXXXX,Consumer,IL,5214 Colonial Square,62040,3,Footwear,38.76,-90.1,LATAM,Maracaibo,Venezuela,1124,43044,59016,191,64.98999786,0.13,147739,99.99,0.47,5,499.95,434.96,204.43,South America,COMPLETE,,191,9,,http://images.acmesports.sports/Nike+Men%27s+Free+5.0%2B+Running+Shoe,99.99,0,42868.48194,Standard Class,Nike Men's Free 5.0+ Running Shoe,215
TRANSFER,4,4,73.04,166,Shipping on time,0,24,Women's Apparel,Houston,EE. UU.,XXXXXXXXX,William,9570,Sampson,XXXXXXXXX,Consumer,TX,3406 Lazy By-pass,77084,5,Golf,29.79,-95.37,LATAM,Maracaibo,Venezuela,9570,,4873,502,34,0.17,12200,50,0.44,4,200,166,73.04,South America,PENDING,,502,24,,http://images.acmesports.sports/Nike+Men%27s+Dri-FIT+Victory+Golf+Polo,50,0,42080.11944,Standard Class,Nike Men's Dri-FIT Victory Golf Polo,216
DEBIT,4,2,25.2,90,Late delivery,1,24,Women's Apparel,Mayaguez,Puerto Rico,XXXXXXXXX,Scott,7844,Smith,XXXXXXXXX,Consumer,PR,2681 Cinder By-pass,680,5,Golf,18.2,-67.14,LATAM,Maracaibo,Venezuela,7844,42310,2833,502,10,0.1,7109,50,0.28,2,100,90,25.2,South America,COMPLETE,,502,24,,http://images.acmesports.sports/Nike+Men%27s+Dri-FIT+Victory+Golf+Polo,50,0,42050.34028,Second Class,Nike Men's Dri-FIT Victory Golf Polo,217
DEBIT,6,2,52.26,143.98,Late delivery,1,17,Cleats,Caguas,Puerto Rico,XXXXXXXXX,Mary,7223,Smith,XXXXXXXXX,Consumer,PR,4436 Indian Acres,725,4,Apparel,18.25,-66.37,LATAM,Maracaibo,Venezuela,7223,,7725,365,35.99000168,0.2,19311,59.99,0.36,3,179.97,143.98,52.26,South America,COMPLETE,,365,17,,http://images.acmesports.sports/Perfect+Fitness+Perfect+Rip+Deck,59.99,0,42123.75208,Second Class,Perfect Fitness Perfect Rip Deck,218
CASH,3,4,49,391.98,Advance shipping,0,45,Fishing,Caguas,Puerto Rico,XXXXXXXXX,Matthew,11970,Caldwell,XXXXXXXXX,Corporate,PR,6314 Dusty Nook,725,7,Fan Shop,18.26,-66.37,LATAM,Maracaibo,Venezuela,11970,,4872,1004,8,0.02,12197,399.98,0.13,1,399.98,391.98,49,South America,CLOSED,,1004,45,,http://images.acmesports.sports/Field+%26+Stream+Sportsman+16+Gun+Fire+Safe,399.98,0,42079.10486,Standard Class,Field & Stream Sportsman 16 Gun Fire Safe,219
TRANSFER,2,1,40.98,126.09,Shipping canceled,0,18,Men's Footwear,Caguas,Puerto Rico,XXXXXXXXX,Douglas,10759,Smith,XXXXXXXXX,Home Office,PR,577 Rustic Nectar Row,725,4,Apparel,18.3,-66.37,LATAM,Maracaibo,Venezuela,10759,42738,54124,403,3.900000095,0.03,135335,129.99,0.33,1,129.99,126.09,40.98,South America,SUSPECTED_FRAUD,,403,18,,http://images.acmesports.sports/Nike+Men%27s+CJ+Elite+2+TD+Football+Cleat,129.99,0,42797.07014,First Class,Nike Men's CJ Elite 2 TD Football Cleat,220
DEBIT,5,4,14.78,84.45,Late delivery,1,13,Electronics,Chicago,EE. UU.,XXXXXXXXX,Jordan,4381,Becker,XXXXXXXXX,Corporate,IL,8832 Old Quay,60637,3,Footwear,41.78,-87.61,LATAM,Cabimas,Venezuela,4381,42098,6414,282,11.52000046,0.12,16061,31.99,0.18,3,95.97,84.45,14.78,South America,COMPLETE,,282,13,,http://images.acmesports.sports/Under+Armour+Women%27s+Ignite+PIP+VI+Slide,31.99,0,42103.61458,Standard Class,Under Armour Women's Ignite PIP VI Slide,221
TRANSFER,4,4,195.48,424.96,Shipping on time,0,9,Cardio Equipment,Houston,EE. UU.,XXXXXXXXX,William,9570,Sampson,XXXXXXXXX,Consumer,TX,3406 Lazy By-pass,77084,3,Footwear,29.79,-95.37,LATAM,Maracaibo,Venezuela,9570,,4873,191,74.98999786,0.15,12202,99.99,0.46,5,499.95,424.96,195.48,South America,PENDING,,191,9,,http://images.acmesports.sports/Nike+Men%27s+Free+5.0%2B+Running+Shoe,99.99,0,42080.11944,Standard Class,Nike Men's Free 5.0+ Running Shoe,222
CASH,2,1,-5.88,117.57,Late delivery,1,29,Shop By Sport,Ewa Beach,EE. UU.,XXXXXXXXX,David,9824,Smith,XXXXXXXXX,Consumer,HI,5995 Hazy Boulevard,96706,5,Golf,21.31,-158,LATAM,Maracaibo,Venezuela,9824,,51644,627,2.400000095,0.02,129045,39.99,-0.05,3,119.97,117.57,-5.88,South America,CLOSED,,627,29,,http://images.acmesports.sports/Under+Armour+Girls%27+Toddler+Spine+Surge+Running+Shoe,39.99,0,42760.86806,First Class,Under Armour Girls' Toddler Spine Surge Runni,223
CASH,0,0,31.2,124.79,Shipping on time,0,18,Men's Footwear,Ypsilanti,EE. UU.,XXXXXXXXX,Cynthia,4762,Smith,XXXXXXXXX,Consumer,MI,6715 Indian Walk,48197,4,Apparel,42.24,-83.62,LATAM,Maracaibo,Venezuela,4762,42738,54122,403,5.199999809,0.04,135329,129.99,0.25,1,129.99,124.79,31.2,South America,CLOSED,,403,18,,http://images.acmesports.sports/Nike+Men%27s+CJ+Elite+2+TD+Football+Cleat,129.99,0,42795.54097,Same Day,Nike Men's CJ Elite 2 TD Football Cleat,224
CASH,0,0,-19.1,104.38,Shipping on time,0,17,Cleats,Ypsilanti,EE. UU.,XXXXXXXXX,Cynthia,4762,Smith,XXXXXXXXX,Consumer,MI,6715 Indian Walk,48197,4,Apparel,42.24,-83.62,LATAM,Maracaibo,Venezuela,4762,42738,54122,365,15.60000038,0.13,135331,59.99,-0.18,2,119.98,104.38,-19.1,South America,CLOSED,,365,17,,http://images.acmesports.sports/Perfect+Fitness+Perfect+Rip+Deck,59.99,0,42795.54097,Same Day,Perfect Fitness Perfect Rip Deck,225
CASH,0,0,61.63,212.5,Shipping on time,0,24,Women's Apparel,Ypsilanti,EE. UU.,XXXXXXXXX,Cynthia,4762,Smith,XXXXXXXXX,Consumer,MI,6715 Indian Walk,48197,5,Golf,42.24,-83.62,LATAM,Maracaibo,Venezuela,4762,42738,54122,502,37.5,0.15,135328,50,0.29,5,250,212.5,61.63,South America,CLOSED,,502,24,,http://images.acmesports.sports/Nike+Men%27s+Dri-FIT+Victory+Golf+Polo,50,0,42795.54097,Same Day,Nike Men's Dri-FIT Victory Golf Polo,226
DEBIT,2,4,53.82,116.99,Advance shipping,0,18,Men's Footwear,Caguas,Puerto Rico,XXXXXXXXX,Bruce,12314,Smith,XXXXXXXXX,Consumer,PR,9283 Hidden Elk Terrace,725,4,Apparel,18.29,-66.37,LATAM,Maracaibo,Venezuela,12314,,9721,403,13,0.1,24280,129.99,0.46,1,129.99,116.99,53.82,South America,COMPLETE,,403,18,,http://images.acmesports.sports/Nike+Men%27s+CJ+Elite+2+TD+Football+Cleat,129.99,0,42148.88889,Standard Class,Nike Men's CJ Elite 2 TD Football Cleat,227
DEBIT,2,4,29.74,114.39,Advance shipping,0,18,Men's Footwear,Caguas,Puerto Rico,XXXXXXXXX,Bruce,12314,Smith,XXXXXXXXX,Consumer,PR,9283 Hidden Elk Terrace,725,4,Apparel,18.29,-66.37,LATAM,Maracaibo,Venezuela,12314,,9721,403,15.60000038,0.12,24279,129.99,0.26,1,129.99,114.39,29.74,South America,COMPLETE,,403,18,,http://images.acmesports.sports/Nike+Men%27s+CJ+Elite+2+TD+Football+Cleat,129.99,0,42148.88889,Standard Class,Nike Men's CJ Elite 2 TD Football Cleat,228
DEBIT,5,4,118.93,379.98,Late delivery,1,45,Fishing,Caguas,Puerto Rico,XXXXXXXXX,Kimberly,230,Smith,XXXXXXXXX,Consumer,PR,5835 Harvest Vista,725,7,Fan Shop,18.25,-66.03,LATAM,Maracaibo,Venezuela,230,42095,264,1004,20,0.05,664,399.98,0.31,1,399.98,379.98,118.93,South America,COMPLETE,,1004,45,,http://images.acmesports.sports/Field+%26+Stream+Sportsman+16+Gun+Fire+Safe,399.98,0,42013.83889,Standard Class,Field & Stream Sportsman 16 Gun Fire Safe,229
DEBIT,2,1,25.52,94.5,Late delivery,1,24,Women's Apparel,Lithonia,EE. UU.,XXXXXXXXX,Andrea,4618,Smith,XXXXXXXXX,Corporate,GA,263 Harvest Wood,30058,5,Golf,33.71,-84.11,LATAM,Maracaibo,Venezuela,4618,,9496,502,5.5,0.06,23729,50,0.27,2,100,94.5,25.52,South America,ON_HOLD,,502,24,,http://images.acmesports.sports/Nike+Men%27s+Dri-FIT+Victory+Golf+Polo,50,0,42145.60486,First Class,Nike Men's Dri-FIT Victory Golf Polo,230
DEBIT,2,1,6.4,72.72,Late delivery,1,40,Accessories,Lithonia,EE. UU.,XXXXXXXXX,Andrea,4618,Smith,XXXXXXXXX,Corporate,GA,263 Harvest Wood,30058,6,Outdoors,33.71,-84.11,LATAM,Maracaibo,Venezuela,4618,,9496,885,2.25,0.03,23728,24.99,0.09,3,74.97,72.72,6.4,South America,ON_HOLD,,885,40,,http://images.acmesports.sports/Team+Golf+St.+Louis+Cardinals+Putter+Grip,24.99,0,42145.60486,First Class,Team Golf St. Louis Cardinals Putter Grip,231
DEBIT,2,1,28.82,163.77,Late delivery,1,17,Cleats,Ponce,Puerto Rico,XXXXXXXXX,Mary,6414,Smith,XXXXXXXXX,Corporate,PR,9095 Amber Pioneer Path,728,4,Apparel,18.01,-66.64,LATAM,Maracaibo,Venezuela,6414,,9617,365,16.20000076,0.09,24021,59.99,0.18,3,179.97,163.77,28.82,South America,COMPLETE,,365,17,,http://images.acmesports.sports/Perfect+Fitness+Perfect+Rip+Deck,59.99,0,42147.37083,First Class,Perfect Fitness Perfect Rip Deck,232
DEBIT,2,1,66.63,391.96,Late delivery,1,9,Cardio Equipment,Ponce,Puerto Rico,XXXXXXXXX,Mary,6414,Smith,XXXXXXXXX,Corporate,PR,9095 Amber Pioneer Path,728,3,Footwear,18.01,-66.64,LATAM,Maracaibo,Venezuela,6414,,9617,191,8,0.02,24020,99.99,0.17,4,399.96,391.96,66.63,South America,COMPLETE,,191,9,,http://images.acmesports.sports/Nike+Men%27s+Free+5.0%2B+Running+Shoe,99.99,0,42147.37083,First Class,Nike Men's Free 5.0+ Running Shoe,233
PAYMENT,2,1,26.13,59.39,Late delivery,1,17,Cleats,Chicago,EE. UU.,XXXXXXXXX,Mary,3459,Wright,XXXXXXXXX,Corporate,IL,7774 Fallen Impasse,60616,4,Apparel,41.86,-87.63,LATAM,Maracaibo,Venezuela,3459,42738,54123,365,0.600000024,0.01,135333,59.99,0.44,1,59.99,59.39,26.13,South America,PENDING_PAYMENT,,365,17,,http://images.acmesports.sports/Perfect+Fitness+Perfect+Rip+Deck,59.99,0,42797.05556,First Class,Perfect Fitness Perfect Rip Deck,234
PAYMENT,2,1,36.28,75.58,Late delivery,1,29,Shop By Sport,Chicago,EE. UU.,XXXXXXXXX,Mary,3459,Wright,XXXXXXXXX,Corporate,IL,7774 Fallen Impasse,60616,5,Golf,41.86,-87.63,LATAM,Maracaibo,Venezuela,3459,42738,54123,627,4.400000095,0.06,135332,39.99,0.48,2,79.98,75.58,36.28,South America,PENDING_PAYMENT,,627,29,,http://images.acmesports.sports/Under+Armour+Girls%27+Toddler+Spine+Surge+Running+Shoe,39.99,0,42797.05556,First Class,Under Armour Girls' Toddler Spine Surge Runni,235
TRANSFER,6,4,43.84,151.17,Late delivery,1,17,Cleats,Caguas,Puerto Rico,XXXXXXXXX,Mary,5844,Smith,XXXXXXXXX,Home Office,PR,9406 Tawny Apple Rise,725,4,Apparel,18.2,-66.37,LATAM,Maracaibo,Venezuela,5844,,60130,365,28.79999924,0.16,150476,59.99,0.29,3,179.97,151.17,43.84,South America,PENDING,,365,17,,http://images.acmesports.sports/Perfect+Fitness+Perfect+Rip+Deck,59.99,0,42888.74444,Standard Class,Perfect Fitness Perfect Rip Deck,236
TRANSFER,6,4,98.02,227.96,Late delivery,1,17,Cleats,Caguas,Puerto Rico,XXXXXXXXX,Mary,5844,Smith,XXXXXXXXX,Home Office,PR,9406 Tawny Apple Rise,725,4,Apparel,18.2,-66.37,LATAM,Maracaibo,Venezuela,5844,,60130,365,12,0.05,150477,59.99,0.43,4,239.96,227.96,98.02,South America,PENDING,,365,17,,http://images.acmesports.sports/Perfect+Fitness+Perfect+Rip+Deck,59.99,0,42888.74444,Standard Class,Perfect Fitness Perfect Rip Deck,237
CASH,3,4,2.38,237.56,Advance shipping,0,17,Cleats,Saint Louis,EE. UU.,XXXXXXXXX,Gary,10741,Stuart,XXXXXXXXX,Consumer,MO,3262 High Trail,63123,4,Apparel,38.65,-90.22,LATAM,Maracaibo,Venezuela,10741,42953,60907,365,2.400000095,0.01,152391,59.99,0.01,4,239.96,237.56,2.38,South America,CLOSED,,365,17,,http://images.acmesports.sports/Perfect+Fitness+Perfect+Rip+Deck,59.99,0,42897.08681,Standard Class,Perfect Fitness Perfect Rip Deck,238
CASH,3,4,9,180,Advance shipping,0,24,Women's Apparel,Saint Louis,EE. UU.,XXXXXXXXX,Gary,10741,Stuart,XXXXXXXXX,Consumer,MO,3262 High Trail,63123,5,Golf,38.65,-90.22,LATAM,Maracaibo,Venezuela,10741,42953,60907,502,20,0.1,152392,50,0.05,4,200,180,9,South America,CLOSED,,502,24,,http://images.acmesports.sports/Nike+Men%27s+Dri-FIT+Victory+Golf+Polo,50,0,42897.08681,Standard Class,Nike Men's Dri-FIT Victory Golf Polo,239
PAYMENT,2,2,-30.87,123.49,Shipping on time,0,18,Men's Footwear,Mission Viejo,EE. UU.,XXXXXXXXX,Mary,12109,Ayers,XXXXXXXXX,Consumer,CA,8342 Amber Autoroute,92692,4,Apparel,33.65,-117.64,LATAM,Maracaibo,Venezuela,12109,43071,53001,403,6.5,0.05,132469,129.99,-0.25,1,129.99,123.49,-30.87,South America,PENDING_PAYMENT,,403,18,,http://images.acmesports.sports/Nike+Men%27s+CJ+Elite+2+TD+Football+Cleat,129.99,0,42780.67708,Second Class,Nike Men's CJ Elite 2 TD Football Cleat,240
PAYMENT,2,2,4.92,205,Shipping on time,0,24,Women's Apparel,Mission Viejo,EE. UU.,XXXXXXXXX,Mary,12109,Ayers,XXXXXXXXX,Consumer,CA,8342 Amber Autoroute,92692,5,Golf,33.65,-117.64,LATAM,Maracaibo,Venezuela,12109,43071,53001,502,45,0.18,132470,50,0.02,5,250,205,4.92,South America,PENDING_PAYMENT,,502,24,,http://images.acmesports.sports/Nike+Men%27s+Dri-FIT+Victory+Golf+Polo,50,0,42780.67708,Second Class,Nike Men's Dri-FIT Victory Golf Polo,241
DEBIT,2,2,41.16,83.99,Shipping on time,0,9,Cardio Equipment,Caguas,Puerto Rico,XXXXXXXXX,Mary,4819,Porter,XXXXXXXXX,Corporate,PR,6575 Quiet Loop,725,3,Footwear,18.26,-66.37,LATAM,Maracaibo,Venezuela,4819,42310,2836,191,16,0.16,7116,99.99,0.49,1,99.99,83.99,41.16,South America,COMPLETE,,191,9,,http://images.acmesports.sports/Nike+Men%27s+Free+5.0%2B+Running+Shoe,99.99,0,42048.38403,Second Class,Nike Men's Free 5.0+ Running Shoe,242
DEBIT,2,2,50.23,109.19,Shipping on time,0,18,Men's Footwear,Caguas,Puerto Rico,XXXXXXXXX,Mary,4819,Porter,XXXXXXXXX,Corporate,PR,6575 Quiet Loop,725,4,Apparel,18.26,-66.37,LATAM,Maracaibo,Venezuela,4819,42310,2836,403,20.79999924,0.16,7120,129.99,0.46,1,129.99,109.19,50.23,South America,COMPLETE,,403,18,,http://images.acmesports.sports/Nike+Men%27s+CJ+Elite+2+TD+Football+Cleat,129.99,0,42048.38403,Second Class,Nike Men's CJ Elite 2 TD Football Cleat,243
DEBIT,2,2,-36.02,260.98,Shipping on time,0,43,Camping & Hiking,Caguas,Puerto Rico,XXXXXXXXX,Mary,4819,Porter,XXXXXXXXX,Corporate,PR,6575 Quiet Loop,725,7,Fan Shop,18.26,-66.37,LATAM,Maracaibo,Venezuela,4819,42310,2836,957,39,0.13,7119,299.98,-0.14,1,299.98,260.98,-36.02,South America,COMPLETE,,957,43,,http://images.acmesports.sports/Diamondback+Women%27s+Serene+Classic+Comfort+Bike+2014,299.98,0,42048.38403,Second Class,Diamondback Women's Serene Classic Comfort Bi,244
DEBIT,2,2,30.12,111.57,Shipping on time,0,29,Shop By Sport,Caguas,Puerto Rico,XXXXXXXXX,Mary,4819,Porter,XXXXXXXXX,Corporate,PR,6575 Quiet Loop,725,5,Golf,18.26,-66.37,LATAM,Maracaibo,Venezuela,4819,42310,2836,627,8.399999619,0.07,7117,39.99,0.27,3,119.97,111.57,30.12,South America,COMPLETE,,627,29,,http://images.acmesports.sports/Under+Armour+Girls%27+Toddler+Spine+Surge+Running+Shoe,39.99,0,42048.38403,Second Class,Under Armour Girls' Toddler Spine Surge Runni,245
DEBIT,2,2,-29.75,148.76,Shipping on time,0,26,Girls' Apparel,Caguas,Puerto Rico,XXXXXXXXX,Mary,4819,Porter,XXXXXXXXX,Corporate,PR,6575 Quiet Loop,725,5,Golf,18.26,-66.37,LATAM,Maracaibo,Venezuela,4819,42310,2836,572,11.19999981,0.07,7118,39.99,-0.2,4,159.96,148.76,-29.75,South America,COMPLETE,,572,26,,http://images.acmesports.sports/TYR+Boys%27+Team+Digi+Jammer,39.99,0,42048.38403,Second Class,TYR Boys' Team Digi Jammer,246
DEBIT,2,4,33.85,120.89,Advance shipping,0,18,Men's Footwear,Caguas,Puerto Rico,XXXXXXXXX,Mildred,12049,Mclaughlin,XXXXXXXXX,Corporate,PR,8497 Indian Pine Bend,725,4,Apparel,18.26,-66.37,LATAM,Maracaibo,Venezuela,12049,42156,351,403,9.100000381,0.07,869,129.99,0.28,1,129.99,120.89,33.85,South America,COMPLETE,,403,18,,http://images.acmesports.sports/Nike+Men%27s+CJ+Elite+2+TD+Football+Cleat,129.99,0,42012.10903,Standard Class,Nike Men's CJ Elite 2 TD Football Cleat,247
DEBIT,4,4,-2.73,38.39,Shipping on time,0,29,Shop By Sport,Caguas,Puerto Rico,XXXXXXXXX,Anthony,4356,Klein,XXXXXXXXX,Corporate,PR,8651 Heather Drive,725,5,Golf,18.22,-66.37,LATAM,Maracaibo,Venezuela,4356,,56163,627,1.600000024,0.04,140475,39.99,-0.07,1,39.99,38.39,-2.73,South America,COMPLETE,,627,29,,http://images.acmesports.sports/Under+Armour+Girls%27+Toddler+Spine+Surge+Running+Shoe,39.99,0,42828.83542,Standard Class,Under Armour Girls' Toddler Spine Surge Runni,248
DEBIT,2,4,174.71,363.98,Advance shipping,0,45,Fishing,Caguas,Puerto Rico,XXXXXXXXX,Mildred,12049,Mclaughlin,XXXXXXXXX,Corporate,PR,8497 Indian Pine Bend,725,7,Fan Shop,18.26,-66.37,LATAM,Maracaibo,Venezuela,12049,42156,351,1004,36,0.09,868,399.98,0.48,1,399.98,363.98,174.71,South America,COMPLETE,,1004,45,,http://images.acmesports.sports/Field+%26+Stream+Sportsman+16+Gun+Fire+Safe,399.98,0,42012.10903,Standard Class,Field & Stream Sportsman 16 Gun Fire Safe,249
DEBIT,2,1,20.88,122.84,Late delivery,1,18,Men's Footwear,Livermore,EE. UU.,XXXXXXXXX,Catherine,2605,Smith,XXXXXXXXX,Consumer,CA,4958 Shady Zephyr Gardens,94550,4,Apparel,37.74,-121.77,LATAM,Maracaibo,Venezuela,2605,,51645,403,7.150000095,0.06,129050,129.99,0.17,1,129.99,122.84,20.88,South America,COMPLETE,,403,18,,http://images.acmesports.sports/Nike+Men%27s+CJ+Elite+2+TD+Football+Cleat,129.99,0,42760.88264,First Class,Nike Men's CJ Elite 2 TD Football Cleat,250
DEBIT,2,1,35.06,120.89,Late delivery,1,18,Men's Footwear,Livermore,EE. UU.,XXXXXXXXX,Catherine,2605,Smith,XXXXXXXXX,Consumer,CA,4958 Shady Zephyr Gardens,94550,4,Apparel,37.74,-121.77,LATAM,Maracaibo,Venezuela,2605,,51645,403,9.100000381,0.07,129046,129.99,0.29,1,129.99,120.89,35.06,South America,COMPLETE,,403,18,,http://images.acmesports.sports/Nike+Men%27s+CJ+Elite+2+TD+Football+Cleat,129.99,0,42760.88264,First Class,Nike Men's CJ Elite 2 TD Football Cleat,251
DEBIT,2,1,11.4,47.5,Late delivery,1,24,Women's Apparel,Los Angeles,EE. UU.,XXXXXXXXX,Sean,9817,Hall,XXXXXXXXX,Consumer,CA,8797 Rustic Bear Ramp,90047,5,Golf,33.96,-118.31,LATAM,Cabimas,Venezuela,9817,,57704,502,2.5,0.05,144353,50,0.24,1,50,47.5,11.4,South America,COMPLETE,,502,24,,http://images.acmesports.sports/Nike+Men%27s+Dri-FIT+Victory+Golf+Polo,50,0,42849.32986,First Class,Nike Men's Dri-FIT Victory Golf Polo,252
DEBIT,2,1,93.95,260.98,Late delivery,1,43,Camping & Hiking,Livermore,EE. UU.,XXXXXXXXX,Catherine,2605,Smith,XXXXXXXXX,Consumer,CA,4958 Shady Zephyr Gardens,94550,7,Fan Shop,37.74,-121.77,LATAM,Maracaibo,Venezuela,2605,,51645,957,39,0.13,129047,299.98,0.36,1,299.98,260.98,93.95,South America,COMPLETE,,957,43,,http://images.acmesports.sports/Diamondback+Women%27s+Serene+Classic+Comfort+Bike+2014,299.98,0,42760.88264,First Class,Diamondback Women's Serene Classic Comfort Bi,253
DEBIT,2,1,41.81,245.96,Late delivery,1,17,Cleats,Los Angeles,EE. UU.,XXXXXXXXX,Sean,9817,Hall,XXXXXXXXX,Consumer,CA,8797 Rustic Bear Ramp,90047,4,Apparel,33.96,-118.31,LATAM,Cabimas,Venezuela,9817,,57704,365,53.99000168,0.18,144351,59.99,0.17,5,299.95,245.96,41.81,South America,COMPLETE,,365,17,,http://images.acmesports.sports/Perfect+Fitness+Perfect+Rip+Deck,59.99,0,42849.32986,First Class,Perfect Fitness Perfect Rip Deck,254
PAYMENT,3,4,7.12,56.99,Advance shipping,0,17,Cleats,Los Angeles,EE. UU.,XXXXXXXXX,Sara,1977,Smith,XXXXXXXXX,Corporate,CA,5656 Noble Lookout,90026,4,Apparel,34.08,-118.26,LATAM,Maracaibo,Venezuela,1977,42156,352,365,3,0.05,872,59.99,0.13,1,59.99,56.99,7.12,South America,PENDING_PAYMENT,,365,17,,http://images.acmesports.sports/Perfect+Fitness+Perfect+Rip+Deck,59.99,0,42013.12361,Standard Class,Perfect Fitness Perfect Rip Deck,255
PAYMENT,3,4,18.62,38.79,Advance shipping,0,29,Shop By Sport,Los Angeles,EE. UU.,XXXXXXXXX,Sara,1977,Smith,XXXXXXXXX,Corporate,CA,5656 Noble Lookout,90026,5,Golf,34.08,-118.26,LATAM,Maracaibo,Venezuela,1977,42156,352,627,1.200000048,0.03,875,39.99,0.48,1,39.99,38.79,18.62,South America,PENDING_PAYMENT,,627,29,,http://images.acmesports.sports/Under+Armour+Girls%27+Toddler+Spine+Surge+Running+Shoe,39.99,0,42013.12361,Standard Class,Under Armour Girls' Toddler Spine Surge Runni,256
PAYMENT,3,4,109.61,377.98,Advance shipping,0,45,Fishing,Los Angeles,EE. UU.,XXXXXXXXX,Sara,1977,Smith,XXXXXXXXX,Corporate,CA,5656 Noble Lookout,90026,7,Fan Shop,34.08,-118.26,LATAM,Maracaibo,Venezuela,1977,42156,352,1004,22,0.06,876,399.98,0.29,1,399.98,377.98,109.61,South America,PENDING_PAYMENT,,1004,45,,http://images.acmesports.sports/Field+%26+Stream+Sportsman+16+Gun+Fire+Safe,399.98,0,42013.12361,Standard Class,Field & Stream Sportsman 16 Gun Fire Safe,257
PAYMENT,3,4,-557.97,371.98,Advance shipping,0,45,Fishing,Los Angeles,EE. UU.,XXXXXXXXX,Sara,1977,Smith,XXXXXXXXX,Corporate,CA,5656 Noble Lookout,90026,7,Fan Shop,34.08,-118.26,LATAM,Maracaibo,Venezuela,1977,42156,352,1004,28,0.07,873,399.98,-1.5,1,399.98,371.98,-557.97,South America,PENDING_PAYMENT,,1004,45,,http://images.acmesports.sports/Field+%26+Stream+Sportsman+16+Gun+Fire+Safe,399.98,0,42013.12361,Standard Class,Field & Stream Sportsman 16 Gun Fire Safe,258
DEBIT,6,2,22.1,110.49,Late delivery,1,18,Men's Footwear,Jacksonville,EE. UU.,XXXXXXXXX,Alice,74,Rush,XXXXXXXXX,Corporate,NC,409 Iron Park,28540,4,Apparel,29.47,-98.35,LATAM,Cabimas,Venezuela,74,,7815,403,19.5,0.15,19546,129.99,0.2,1,129.99,110.49,22.1,South America,ON_HOLD,,403,18,,http://images.acmesports.sports/Nike+Men%27s+CJ+Elite+2+TD+Football+Cleat,129.99,0,42125.06597,Second Class,Nike Men's CJ Elite 2 TD Football Cleat,259
DEBIT,6,2,103.67,383.98,Late delivery,1,45,Fishing,Jacksonville,EE. UU.,XXXXXXXXX,Alice,74,Rush,XXXXXXXXX,Corporate,NC,409 Iron Park,28540,7,Fan Shop,29.47,-98.35,LATAM,Cabimas,Venezuela,74,,7815,1004,16,0.04,19545,399.98,0.27,1,399.98,383.98,103.67,South America,ON_HOLD,,1004,45,,http://images.acmesports.sports/Field+%26+Stream+Sportsman+16+Gun+Fire+Safe,399.98,0,42125.06597,Second Class,Field & Stream Sportsman 16 Gun Fire Safe,260
DEBIT,6,2,27.44,98,Late delivery,1,24,Women's Apparel,Jacksonville,EE. UU.,XXXXXXXXX,Alice,74,Rush,XXXXXXXXX,Corporate,NC,409 Iron Park,28540,5,Golf,29.47,-98.35,LATAM,Cabimas,Venezuela,74,,7815,502,2,0.02,19547,50,0.28,2,100,98,27.44,South America,ON_HOLD,,502,24,,http://images.acmesports.sports/Nike+Men%27s+Dri-FIT+Victory+Golf+Polo,50,0,42125.06597,Second Class,Nike Men's Dri-FIT Victory Golf Polo,261
DEBIT,3,2,-1.19,99.58,Late delivery,1,29,Shop By Sport,Los Angeles,EE. UU.,XXXXXXXXX,Mary,3869,Roberts,XXXXXXXXX,Corporate,CA,1397 Colonial Point,90024,5,Golf,34.03,-118.26,LATAM,Maracaibo,Venezuela,3869,42984,61012,627,20.38999939,0.17,152635,39.99,-0.01,3,119.97,99.58,-1.19,South America,COMPLETE,,627,29,,http://images.acmesports.sports/Under+Armour+Girls%27+Toddler+Spine+Surge+Running+Shoe,39.99,0,42898.61944,Second Class,Under Armour Girls' Toddler Spine Surge Runni,262
DEBIT,3,2,-141.1,201.57,Late delivery,1,17,Cleats,Los Angeles,EE. UU.,XXXXXXXXX,Mary,3869,Roberts,XXXXXXXXX,Corporate,CA,1397 Colonial Point,90024,4,Apparel,34.03,-118.26,LATAM,Maracaibo,Venezuela,3869,42984,61012,365,38.38999939,0.16,152634,59.99,-0.7,4,239.96,201.57,-141.1,South America,COMPLETE,,365,17,,http://images.acmesports.sports/Perfect+Fitness+Perfect+Rip+Deck,59.99,0,42898.61944,Second Class,Perfect Fitness Perfect Rip Deck,263
DEBIT,6,2,63.7,245,Late delivery,1,24,Women's Apparel,Jacksonville,EE. UU.,XXXXXXXXX,Alice,74,Rush,XXXXXXXXX,Corporate,NC,409 Iron Park,28540,5,Golf,29.47,-98.35,LATAM,Cabimas,Venezuela,74,,7815,502,5,0.02,19548,50,0.26,5,250,245,63.7,South America,ON_HOLD,,502,24,,http://images.acmesports.sports/Nike+Men%27s+Dri-FIT+Victory+Golf+Polo,50,0,42125.06597,Second Class,Nike Men's Dri-FIT Victory Golf Polo,264
TRANSFER,6,4,-62.13,81,Shipping canceled,0,33,Golf Shoes,Marrero,EE. UU.,XXXXXXXXX,Nicholas,6950,Smith,XXXXXXXXX,Corporate,LA,603 Green Sky Promenade,70072,6,Outdoors,29.9,-90.1,LATAM,Maracaibo,Venezuela,6950,43044,59015,725,27,0.25,147735,108,-0.77,1,108,81,-62.13,South America,SUSPECTED_FRAUD,,725,33,,http://images.acmesports.sports/LIJA+Women%27s+Button+Golf+Dress,108,0,42872.46736,Standard Class,LIJA Women's Button Golf Dress,265
TRANSFER,6,4,-140.07,191.09,Shipping canceled,0,31,Women's Golf Clubs,Marrero,EE. UU.,XXXXXXXXX,Nicholas,6950,Smith,XXXXXXXXX,Corporate,LA,603 Green Sky Promenade,70072,6,Outdoors,29.9,-90.1,LATAM,Maracaibo,Venezuela,6950,43044,59015,671,18.89999962,0.09,147736,209.99,-0.73,1,209.99,191.09,-140.07,South America,SUSPECTED_FRAUD,,671,31,,http://images.acmesports.sports/Cleveland+Golf+Collegiate+My+Custom+Wedge+588+RTX+Forged...,209.99,0,42872.46736,Standard Class,Cleveland Golf Collegiate My Custom Wedge 588,266
PAYMENT,2,2,34.93,163.99,Shipping on time,0,48,Water Sports,Caguas,Puerto Rico,XXXXXXXXX,Mary,10139,Gould,XXXXXXXXX,Consumer,PR,6398 Indian Brook Valley,725,7,Fan Shop,18.29,-66.37,LATAM,Maracaibo,Venezuela,10139,42984,61011,1073,36,0.18,152630,199.99,0.21,1,199.99,163.99,34.93,South America,PENDING_PAYMENT,,1073,48,,http://images.acmesports.sports/Pelican+Sunstream+100+Kayak,199.99,0,42897.60486,Second Class,Pelican Sunstream 100 Kayak,267
PAYMENT,5,2,-32,159.99,Late delivery,1,48,Water Sports,Caguas,Puerto Rico,XXXXXXXXX,Jerry,7449,Jenkins,XXXXXXXXX,Corporate,PR,7767 Crystal Concession,725,7,Fan Shop,18.27,-66.37,LATAM,Maracaibo,Venezuela,7449,42984,61009,1073,40,0.2,152628,199.99,-0.2,1,199.99,159.99,-32,South America,PENDING_PAYMENT,,1073,48,,http://images.acmesports.sports/Pelican+Sunstream+100+Kayak,199.99,0,42900.57569,Second Class,Pelican Sunstream 100 Kayak,268
DEBIT,2,1,91.18,193.99,Late delivery,1,48,Water Sports,Los Angeles,EE. UU.,XXXXXXXXX,Sean,9817,Hall,XXXXXXXXX,Consumer,CA,8797 Rustic Bear Ramp,90047,7,Fan Shop,33.96,-118.31,LATAM,Cabimas,Venezuela,9817,,57704,1073,6,0.03,144352,199.99,0.47,1,199.99,193.99,91.18,South America,COMPLETE,,1073,48,,http://images.acmesports.sports/Pelican+Sunstream+100+Kayak,199.99,0,42849.32986,First Class,Pelican Sunstream 100 Kayak,269
PAYMENT,3,4,52.92,195.99,Advance shipping,0,48,Water Sports,Caguas,Puerto Rico,XXXXXXXXX,Joshua,8873,Hopkins,XXXXXXXXX,Corporate,PR,4778 Cozy Anchor Manor,725,7,Fan Shop,18.22,-66.37,LATAM,Maracaibo,Venezuela,8873,,56162,1073,4,0.02,140472,199.99,0.27,1,199.99,195.99,52.92,South America,PENDING_PAYMENT,,1073,48,,http://images.acmesports.sports/Pelican+Sunstream+100+Kayak,199.99,0,42827.82014,Standard Class,Pelican Sunstream 100 Kayak,270
DEBIT,2,4,64.35,197.99,Advance shipping,0,48,Water Sports,Caguas,Puerto Rico,XXXXXXXXX,Ralph,5853,Hicks,XXXXXXXXX,Corporate,PR,4280 Lost Pony Wood,725,7,Fan Shop,18.26,-66.37,LATAM,Maracaibo,Venezuela,5853,42738,54126,1073,2,0.01,135340,199.99,0.33,1,199.99,197.99,64.35,South America,ON_HOLD,,1073,48,,http://images.acmesports.sports/Pelican+Sunstream+100+Kayak,199.99,0,42797.09931,Standard Class,Pelican Sunstream 100 Kayak,271
TRANSFER,6,4,94.08,195.99,Shipping canceled,0,48,Water Sports,Fayetteville,EE. UU.,XXXXXXXXX,Martha,9242,Smith,XXXXXXXXX,Home Office,NC,9676 Velvet Hill,28314,7,Fan Shop,34.82,-78.6,LATAM,Maracaibo,Venezuela,9242,42738,54125,1073,4,0.02,135338,199.99,0.48,1,199.99,195.99,94.08,South America,CANCELED,,1073,48,,http://images.acmesports.sports/Pelican+Sunstream+100+Kayak,199.99,0,42801.08472,Standard Class,Pelican Sunstream 100 Kayak,272
CASH,0,0,67.9,193.99,Shipping on time,0,48,Water Sports,Ypsilanti,EE. UU.,XXXXXXXXX,Cynthia,4762,Smith,XXXXXXXXX,Consumer,MI,6715 Indian Walk,48197,7,Fan Shop,42.24,-83.62,LATAM,Maracaibo,Venezuela,4762,42738,54122,1073,6,0.03,135330,199.99,0.35,1,199.99,193.99,67.9,South America,CLOSED,,1073,48,,http://images.acmesports.sports/Pelican+Sunstream+100+Kayak,199.99,0,42795.54097,Same Day,Pelican Sunstream 100 Kayak,273
DEBIT,2,1,1.7,169.99,Late delivery,1,48,Water Sports,Caguas,Puerto Rico,XXXXXXXXX,Crystal,10999,Ballard,XXXXXXXXX,Consumer,PR,9640 Golden Hill,725,7,Fan Shop,18.21,-66.37,LATAM,Maracaibo,Venezuela,10999,42827,52436,1073,30,0.15,131060,199.99,0.01,1,199.99,169.99,1.7,South America,COMPLETE,,1073,48,,http://images.acmesports.sports/Pelican+Sunstream+100+Kayak,199.99,0,42772.42917,First Class,Pelican Sunstream 100 Kayak,274
DEBIT,5,4,77.99,299.95,Late delivery,1,17,Cleats,Caguas,Puerto Rico,XXXXXXXXX,Kimberly,230,Smith,XXXXXXXXX,Consumer,PR,5835 Harvest Vista,725,4,Apparel,18.25,-66.03,LATAM,Maracaibo,Venezuela,230,42095,264,365,0,0,665,59.99,0.26,5,299.95,299.95,77.99,South America,COMPLETE,,365,17,,http://images.acmesports.sports/Perfect+Fitness+Perfect+Rip+Deck,59.99,0,42013.83889,Standard Class,Perfect Fitness Perfect Rip Deck,275
DEBIT,6,4,1.4,116.99,Late delivery,1,18,Men's Footwear,Hialeah,EE. UU.,XXXXXXXXX,Mary,6965,Chang,XXXXXXXXX,Corporate,FL,2059 Tawny View,33016,4,Apparel,25.88,-80.33,LATAM,Maracaibo,Venezuela,6965,42129,8550,403,13,0.1,21333,129.99,0.01,1,129.99,116.99,1.4,South America,COMPLETE,,403,18,,http://images.acmesports.sports/Nike+Men%27s+CJ+Elite+2+TD+Football+Cleat,129.99,0,42135.79514,Standard Class,Nike Men's CJ Elite 2 TD Football Cleat,276
DEBIT,6,4,13.72,37.79,Late delivery,1,29,Shop By Sport,Hialeah,EE. UU.,XXXXXXXXX,Mary,6965,Chang,XXXXXXXXX,Corporate,FL,2059 Tawny View,33016,5,Golf,25.88,-80.33,LATAM,Maracaibo,Venezuela,6965,42129,8550,627,2.200000048,0.06,21332,39.99,0.36,1,39.99,37.79,13.72,South America,COMPLETE,,627,29,,http://images.acmesports.sports/Under+Armour+Girls%27+Toddler+Spine+Surge+Running+Shoe,39.99,0,42135.79514,Standard Class,Under Armour Girls' Toddler Spine Surge Runni,277
TRANSFER,3,4,-151.86,197.99,Advance shipping,0,48,Water Sports,Sugar Land,EE. UU.,XXXXXXXXX,Sean,10100,Navarro,XXXXXXXXX,Corporate,TX,2311 Cotton Willow Range,77479,7,Fan Shop,29.59,-95.61,LATAM,Maracaibo,Venezuela,10100,,9722,1073,2,0.01,24282,199.99,-0.77,1,199.99,197.99,-151.86,South America,PROCESSING,,1073,48,,http://images.acmesports.sports/Pelican+Sunstream+100+Kayak,199.99,0,42149.90347,Standard Class,Pelican Sunstream 100 Kayak,278
PAYMENT,5,4,2.35,195.99,Late delivery,1,48,Water Sports,Chicago,EE. UU.,XXXXXXXXX,Mary,9080,Macias,XXXXXXXXX,Home Office,IL,1531 Hazy Forest Plaza,60622,7,Fan Shop,41.9,-87.67,LATAM,Maracaibo,Venezuela,9080,,9719,1073,4,0.02,24271,199.99,0.01,1,199.99,195.99,2.35,South America,PENDING_PAYMENT,,1073,48,,http://images.acmesports.sports/Pelican+Sunstream+100+Kayak,199.99,0,42151.85972,Standard Class,Pelican Sunstream 100 Kayak,279
DEBIT,2,1,57.46,169.99,Late delivery,1,48,Water Sports,Lithonia,EE. UU.,XXXXXXXXX,Andrea,4618,Smith,XXXXXXXXX,Corporate,GA,263 Harvest Wood,30058,7,Fan Shop,33.71,-84.11,LATAM,Maracaibo,Venezuela,4618,,9496,1073,30,0.15,23726,199.99,0.34,1,199.99,169.99,57.46,South America,ON_HOLD,,1073,48,,http://images.acmesports.sports/Pelican+Sunstream+100+Kayak,199.99,0,42145.60486,First Class,Pelican Sunstream 100 Kayak,280
DEBIT,2,1,58.8,167.99,Late delivery,1,48,Water Sports,Lithonia,EE. UU.,XXXXXXXXX,Andrea,4618,Smith,XXXXXXXXX,Corporate,GA,263 Harvest Wood,30058,7,Fan Shop,33.71,-84.11,LATAM,Maracaibo,Venezuela,4618,,9496,1073,32,0.16,23725,199.99,0.35,1,199.99,167.99,58.8,South America,ON_HOLD,,1073,48,,http://images.acmesports.sports/Pelican+Sunstream+100+Kayak,199.99,0,42145.60486,First Class,Pelican Sunstream 100 Kayak,281
PAYMENT,5,2,89.28,185.99,Late delivery,1,48,Water Sports,Caguas,Puerto Rico,XXXXXXXXX,Mary,5007,Smith,XXXXXXXXX,Home Office,PR,2264 Thunder Abbey,725,7,Fan Shop,18.25,-66.37,LATAM,Cabimas,Venezuela,5007,,7814,1073,14,0.07,19543,199.99,0.48,1,199.99,185.99,89.28,South America,PENDING_PAYMENT,,1073,48,,http://images.acmesports.sports/Pelican+Sunstream+100+Kayak,199.99,0,42124.05139,Second Class,Pelican Sunstream 100 Kayak,282
DEBIT,6,2,64.38,173.99,Late delivery,1,48,Water Sports,Caguas,Puerto Rico,XXXXXXXXX,Mary,7223,Smith,XXXXXXXXX,Consumer,PR,4436 Indian Acres,725,7,Fan Shop,18.25,-66.37,LATAM,Maracaibo,Venezuela,7223,,7725,1073,26,0.13,19312,199.99,0.37,1,199.99,173.99,64.38,South America,COMPLETE,,1073,48,,http://images.acmesports.sports/Pelican+Sunstream+100+Kayak,199.99,0,42123.75208,Second Class,Pelican Sunstream 100 Kayak,283
DEBIT,2,2,76.79,239.98,Shipping on time,0,43,Camping & Hiking,Plano,EE. UU.,XXXXXXXXX,Stephen,4044,Smith,XXXXXXXXX,Consumer,TX,6629 Iron Embers View,75023,7,Fan Shop,33.03,-96.84,LATAM,Maracaibo,Venezuela,4044,,1146,957,60,0.2,2841,299.98,0.32,1,299.98,239.98,76.79,South America,COMPLETE,,957,43,,http://images.acmesports.sports/Diamondback+Women%27s+Serene+Classic+Comfort+Bike+2014,299.98,0,42023.71389,Second Class,Diamondback Women's Serene Classic Comfort Bi,284
DEBIT,4,4,45.11,95.98,Shipping on time,0,17,Cleats,Caguas,Puerto Rico,XXXXXXXXX,Anthony,4356,Klein,XXXXXXXXX,Corporate,PR,8651 Heather Drive,725,4,Apparel,18.22,-66.37,LATAM,Maracaibo,Venezuela,4356,,56163,365,24,0.2,140474,59.99,0.47,2,119.98,95.98,45.11,South America,COMPLETE,,365,17,,http://images.acmesports.sports/Perfect+Fitness+Perfect+Rip+Deck,59.99,0,42828.83542,Standard Class,Perfect Fitness Perfect Rip Deck,285
DEBIT,2,4,36.43,263.97,Advance shipping,0,9,Cardio Equipment,Caguas,Puerto Rico,XXXXXXXXX,Mildred,12049,Mclaughlin,XXXXXXXXX,Corporate,PR,8497 Indian Pine Bend,725,3,Footwear,18.26,-66.37,LATAM,Maracaibo,Venezuela,12049,42156,351,191,36,0.12,870,99.99,0.14,3,299.97,263.97,36.43,South America,COMPLETE,,191,9,,http://images.acmesports.sports/Nike+Men%27s+Free+5.0%2B+Running+Shoe,99.99,0,42012.10903,Standard Class,Nike Men's Free 5.0+ Running Shoe,286
DEBIT,2,4,6.51,55.65,Advance shipping,0,41,Trade-In,Caguas,Puerto Rico,XXXXXXXXX,Mildred,12049,Mclaughlin,XXXXXXXXX,Corporate,PR,8497 Indian Pine Bend,725,6,Outdoors,18.26,-66.37,LATAM,Maracaibo,Venezuela,12049,42156,351,924,8.31000042,0.13,871,15.99,0.12,4,63.96,55.65,6.51,South America,COMPLETE,,924,41,,http://images.acmesports.sports/Glove+It+Urban+Brick+Golf+Towel,15.99,0,42012.10903,Standard Class,Glove It Urban Brick Golf Towel,287
DEBIT,2,4,-28,160,Advance shipping,0,24,Women's Apparel,Caguas,Puerto Rico,XXXXXXXXX,Ralph,5853,Hicks,XXXXXXXXX,Corporate,PR,4280 Lost Pony Wood,725,5,Golf,18.26,-66.37,LATAM,Maracaibo,Venezuela,5853,42738,54126,502,40,0.2,135342,50,-0.18,4,200,160,-28,South America,ON_HOLD,,502,24,,http://images.acmesports.sports/Nike+Men%27s+Dri-FIT+Victory+Golf+Polo,50,0,42797.09931,Standard Class,Nike Men's Dri-FIT Victory Golf Polo,288
PAYMENT,3,4,87.34,249.55,Advance shipping,0,37,Electronics,Los Angeles,EE. UU.,XXXXXXXXX,Sara,1977,Smith,XXXXXXXXX,Corporate,CA,5656 Noble Lookout,90026,6,Outdoors,34.08,-118.26,LATAM,Maracaibo,Venezuela,1977,42156,352,821,10.39999962,0.04,874,51.99,0.35,5,259.95,249.55,87.34,South America,PENDING_PAYMENT,,821,37,,http://images.acmesports.sports/Titleist+Pro+V1+High+Numbers+Personalized+Golf+Balls,51.99,0,42013.12361,Standard Class,Titleist Pro V1 High Numbers Personalized Gol,289
PAYMENT,2,4,8,199.99,Advance shipping,0,48,Water Sports,Caguas,Puerto Rico,XXXXXXXXX,Roger,1334,Dunlap,XXXXXXXXX,Consumer,PR,8849 Shady Embers Villas,725,7,Fan Shop,18.23,-66.37,LATAM,Maracaibo,Venezuela,1334,,51641,1073,0,0,129040,199.99,0.04,1,199.99,199.99,8,South America,PENDING_PAYMENT,,1073,48,,http://images.acmesports.sports/Pelican+Sunstream+100+Kayak,199.99,0,42760.82431,Standard Class,Pelican Sunstream 100 Kayak,290
CASH,3,4,76.8,159.99,Advance shipping,0,48,Water Sports,Caguas,Puerto Rico,XXXXXXXXX,Matthew,11970,Caldwell,XXXXXXXXX,Corporate,PR,6314 Dusty Nook,725,7,Fan Shop,18.26,-66.37,LATAM,Maracaibo,Venezuela,11970,,4872,1073,40,0.2,12198,199.99,0.48,1,199.99,159.99,76.8,South America,CLOSED,,1073,48,,http://images.acmesports.sports/Pelican+Sunstream+100+Kayak,199.99,0,42079.10486,Standard Class,Pelican Sunstream 100 Kayak,291
PAYMENT,6,2,21.47,189.99,Late delivery,1,48,Water Sports,Caguas,Puerto Rico,XXXXXXXXX,Virginia,6240,Elliott,XXXXXXXXX,Corporate,PR,5735 Quaking Cider Highway,725,7,Fan Shop,18.25,-66.37,LATAM,Maracaibo,Venezuela,6240,42218,2615,1073,10,0.05,6557,199.99,0.11,1,199.99,189.99,21.47,South America,PENDING_PAYMENT,,1073,48,,http://images.acmesports.sports/Pelican+Sunstream+100+Kayak,199.99,0,42049.15833,Second Class,Pelican Sunstream 100 Kayak,292
DEBIT,2,4,15,149.99,Advance shipping,0,48,Water Sports,Woodbridge,EE. UU.,XXXXXXXXX,Mary,1153,Sanford,XXXXXXXXX,Consumer,VA,5700 Golden Pathway,22192,7,Fan Shop,38.69,-77.38,LATAM,Maracaibo,Venezuela,1153,,1711,1073,50,0.25,4259,199.99,0.1,1,199.99,149.99,15,South America,COMPLETE,,1073,48,,http://images.acmesports.sports/Pelican+Sunstream+100+Kayak,199.99,0,42031.96181,Standard Class,Pelican Sunstream 100 Kayak,293
DEBIT,2,4,12.6,199.99,Advance shipping,0,48,Water Sports,Woodbridge,EE. UU.,XXXXXXXXX,Mary,1153,Sanford,XXXXXXXXX,Consumer,VA,5700 Golden Pathway,22192,7,Fan Shop,38.69,-77.38,LATAM,Maracaibo,Venezuela,1153,,1711,1073,0,0,4258,199.99,0.06,1,199.99,199.99,12.6,South America,COMPLETE,,1073,48,,http://images.acmesports.sports/Pelican+Sunstream+100+Kayak,199.99,0,42031.96181,Standard Class,Pelican Sunstream 100 Kayak,294
DEBIT,5,4,89.3,189.99,Late delivery,1,48,Water Sports,Caguas,Puerto Rico,XXXXXXXXX,Kimberly,230,Smith,XXXXXXXXX,Consumer,PR,5835 Harvest Vista,725,7,Fan Shop,18.25,-66.03,LATAM,Maracaibo,Venezuela,230,42095,264,1073,10,0.05,666,199.99,0.47,1,199.99,189.99,89.3,South America,COMPLETE,,1073,48,,http://images.acmesports.sports/Pelican+Sunstream+100+Kayak,199.99,0,42013.83889,Standard Class,Pelican Sunstream 100 Kayak,295
TRANSFER,3,4,20.09,49,Advance shipping,0,24,Women's Apparel,Sugar Land,EE. UU.,XXXXXXXXX,Sean,10100,Navarro,XXXXXXXXX,Corporate,TX,2311 Cotton Willow Range,77479,5,Golf,29.59,-95.61,LATAM,Maracaibo,Venezuela,10100,,9722,502,1,0.02,24281,50,0.41,1,50,49,20.09,South America,PROCESSING,,502,24,,http://images.acmesports.sports/Nike+Men%27s+Dri-FIT+Victory+Golf+Polo,50,0,42149.90347,Standard Class,Nike Men's Dri-FIT Victory Golf Polo,296
TRANSFER,6,4,42.62,126.09,Shipping canceled,0,18,Men's Footwear,Marrero,EE. UU.,XXXXXXXXX,Nicholas,6950,Smith,XXXXXXXXX,Corporate,LA,603 Green Sky Promenade,70072,4,Apparel,29.9,-90.1,LATAM,Maracaibo,Venezuela,6950,43044,59015,403,3.900000095,0.03,147733,129.99,0.34,1,129.99,126.09,42.62,South America,SUSPECTED_FRAUD,,403,18,,http://images.acmesports.sports/Nike+Men%27s+CJ+Elite+2+TD+Football+Cleat,129.99,0,42872.46736,Standard Class,Nike Men's CJ Elite 2 TD Football Cleat,297
TRANSFER,6,4,20.58,42,Shipping canceled,0,24,Women's Apparel,Marrero,EE. UU.,XXXXXXXXX,Nicholas,6950,Smith,XXXXXXXXX,Corporate,LA,603 Green Sky Promenade,70072,5,Golf,29.9,-90.1,LATAM,Maracaibo,Venezuela,6950,43044,59015,502,8,0.16,147734,50,0.49,1,50,42,20.58,South America,SUSPECTED_FRAUD,,502,24,,http://images.acmesports.sports/Nike+Men%27s+Dri-FIT+Victory+Golf+Polo,50,0,42872.46736,Standard Class,Nike Men's Dri-FIT Victory Golf Polo,298
TRANSFER,6,4,11.64,290.98,Shipping canceled,0,43,Camping & Hiking,Marrero,EE. UU.,XXXXXXXXX,Nicholas,6950,Smith,XXXXXXXXX,Corporate,LA,603 Green Sky Promenade,70072,7,Fan Shop,29.9,-90.1,LATAM,Maracaibo,Venezuela,6950,43044,59015,957,9,0.03,147732,299.98,0.04,1,299.98,290.98,11.64,South America,SUSPECTED_FRAUD,,957,43,,http://images.acmesports.sports/Diamondback+Women%27s+Serene+Classic+Comfort+Bike+2014,299.98,0,42872.46736,Standard Class,Diamondback Women's Serene Classic Comfort Bi,299
PAYMENT,2,4,101.27,278.98,Advance shipping,0,43,Camping & Hiking,Antioch,EE. UU.,XXXXXXXXX,Joseph,165,Ewing,XXXXXXXXX,Consumer,CA,7129 Fallen Trace,94509,7,Fan Shop,38.02,-121.75,LATAM,Maracaibo,Venezuela,165,42218,2616,957,21,0.07,6563,299.98,0.36,1,299.98,278.98,101.27,South America,PAYMENT_REVIEW,,957,43,,http://images.acmesports.sports/Diamondback+Women%27s+Serene+Classic+Comfort+Bike+2014,299.98,0,42045.17292,Standard Class,Diamondback Women's Serene Classic Comfort Bi,300
PAYMENT,6,4,18.42,56.69,Late delivery,1,17,Cleats,Irwin,EE. UU.,XXXXXXXXX,Mary,5953,Sparks,XXXXXXXXX,Consumer,PA,3261 Heather Estates,15642,4,Apparel,40.33,-79.7,LATAM,San Carlos del Zulia,Venezuela,5953,42252,8780,365,3.299999952,0.06,21920,59.99,0.33,1,59.99,56.69,18.42,South America,PENDING_PAYMENT,,365,17,,http://images.acmesports.sports/Perfect+Fitness+Perfect+Rip+Deck,59.99,0,42139.15278,Standard Class,Perfect Fitness Perfect Rip Deck,301
PAYMENT,6,4,-49.1,111.58,Late delivery,1,17,Cleats,El Paso,EE. UU.,XXXXXXXXX,Anna,10203,Smith,XXXXXXXXX,Consumer,TX,5010 Emerald Hollow,79936,4,Apparel,31.74,-106.3,LATAM,Maracaibo,Venezuela,10203,,59840,365,8.399999619,0.07,149779,59.99,-0.44,2,119.98,111.58,-49.1,South America,PENDING_PAYMENT,,365,17,,http://images.acmesports.sports/Perfect+Fitness+Perfect+Rip+Deck,59.99,0,42884.51111,Standard Class,Perfect Fitness Perfect Rip Deck,302
PAYMENT,5,2,72,150,Late delivery,1,24,Women's Apparel,Caguas,Puerto Rico,XXXXXXXXX,Jerry,7449,Jenkins,XXXXXXXXX,Corporate,PR,7767 Crystal Concession,725,5,Golf,18.27,-66.37,LATAM,Maracaibo,Venezuela,7449,42984,61009,502,50,0.25,152626,50,0.48,4,200,150,72,South America,PENDING_PAYMENT,,502,24,,http://images.acmesports.sports/Nike+Men%27s+Dri-FIT+Victory+Golf+Polo,50,0,42900.57569,Second Class,Nike Men's Dri-FIT Victory Golf Polo,303
PAYMENT,5,2,89.06,237.5,Late delivery,1,24,Women's Apparel,Caguas,Puerto Rico,XXXXXXXXX,Jerry,7449,Jenkins,XXXXXXXXX,Corporate,PR,7767 Crystal Concession,725,5,Golf,18.27,-66.37,LATAM,Maracaibo,Venezuela,7449,42984,61009,502,12.5,0.05,152627,50,0.38,5,250,237.5,89.06,South America,PENDING_PAYMENT,,502,24,,http://images.acmesports.sports/Nike+Men%27s+Dri-FIT+Victory+Golf+Polo,50,0,42900.57569,Second Class,Nike Men's Dri-FIT Victory Golf Polo,304
PAYMENT,3,4,9.94,88,Advance shipping,0,24,Women's Apparel,Caguas,Puerto Rico,XXXXXXXXX,Joshua,8873,Hopkins,XXXXXXXXX,Corporate,PR,4778 Cozy Anchor Manor,725,5,Golf,18.22,-66.37,LATAM,Maracaibo,Venezuela,8873,,56162,502,12,0.12,140470,50,0.11,2,100,88,9.94,South America,PENDING_PAYMENT,,502,24,,http://images.acmesports.sports/Nike+Men%27s+Dri-FIT+Victory+Golf+Polo,50,0,42827.82014,Standard Class,Nike Men's Dri-FIT Victory Golf Polo,305
DEBIT,3,2,-3.02,42.48,Late delivery,1,46,Indoor/Outdoor Games,Los Angeles,EE. UU.,XXXXXXXXX,Mary,3869,Roberts,XXXXXXXXX,Corporate,CA,1397 Colonial Point,90024,7,Fan Shop,34.03,-118.26,LATAM,Maracaibo,Venezuela,3869,42984,61012,1014,7.5,0.15,152636,49.98,-0.07,1,49.98,42.48,-3.02,South America,COMPLETE,,1014,46,,http://images.acmesports.sports/O%27Brien+Men%27s+Neoprene+Life+Vest,49.98,0,42898.61944,Second Class,O'Brien Men's Neoprene Life Vest,306
PAYMENT,2,4,8.97,47.23,Advance shipping,0,46,Indoor/Outdoor Games,Caguas,Puerto Rico,XXXXXXXXX,Mary,9574,Smith,XXXXXXXXX,Consumer,PR,357 Noble Lane,725,7,Fan Shop,18.21,-66.37,LATAM,Maracaibo,Venezuela,9574,42892,60786,1014,2.75,0.06,152115,49.98,0.19,1,49.98,47.23,8.97,South America,PENDING_PAYMENT,,1014,46,,http://images.acmesports.sports/O%27Brien+Men%27s+Neoprene+Life+Vest,49.98,0,42894.32014,Standard Class,O'Brien Men's Neoprene Life Vest,307
DEBIT,2,4,21.73,94.46,Advance shipping,0,46,Indoor/Outdoor Games,Granite City,EE. UU.,XXXXXXXXX,Katherine,1124,Cain,XXXXXXXXX,Consumer,IL,5214 Colonial Square,62040,7,Fan Shop,38.76,-90.1,LATAM,Maracaibo,Venezuela,1124,43044,59016,1014,5.5,0.06,147738,49.98,0.23,2,99.96,94.46,21.73,South America,COMPLETE,,1014,46,,http://images.acmesports.sports/O%27Brien+Men%27s+Neoprene+Life+Vest,49.98,0,42868.48194,Standard Class,O'Brien Men's Neoprene Life Vest,308
DEBIT,2,4,8,49.98,Advance shipping,0,46,Indoor/Outdoor Games,Granite City,EE. UU.,XXXXXXXXX,Katherine,1124,Cain,XXXXXXXXX,Consumer,IL,5214 Colonial Square,62040,7,Fan Shop,38.76,-90.1,LATAM,Maracaibo,Venezuela,1124,43044,59016,1014,0,0,147737,49.98,0.16,1,49.98,49.98,8,South America,COMPLETE,,1014,46,,http://images.acmesports.sports/O%27Brien+Men%27s+Neoprene+Life+Vest,49.98,0,42868.48194,Standard Class,O'Brien Men's Neoprene Life Vest,309
PAYMENT,3,4,92.57,188.92,Advance shipping,0,46,Indoor/Outdoor Games,Caguas,Puerto Rico,XXXXXXXXX,Joshua,8873,Hopkins,XXXXXXXXX,Corporate,PR,4778 Cozy Anchor Manor,725,7,Fan Shop,18.22,-66.37,LATAM,Maracaibo,Venezuela,8873,,56162,1014,11,0.06,140473,49.98,0.49,4,199.92,188.92,92.57,South America,PENDING_PAYMENT,,1014,46,,http://images.acmesports.sports/O%27Brien+Men%27s+Neoprene+Life+Vest,49.98,0,42827.82014,Standard Class,O'Brien Men's Neoprene Life Vest,310
PAYMENT,3,4,57.64,185.93,Advance shipping,0,46,Indoor/Outdoor Games,Caguas,Puerto Rico,XXXXXXXXX,Joshua,8873,Hopkins,XXXXXXXXX,Corporate,PR,4778 Cozy Anchor Manor,725,7,Fan Shop,18.22,-66.37,LATAM,Maracaibo,Venezuela,8873,,56162,1014,13.98999977,0.07,140471,49.98,0.31,4,199.92,185.93,57.64,South America,PENDING_PAYMENT,,1014,46,,http://images.acmesports.sports/O%27Brien+Men%27s+Neoprene+Life+Vest,49.98,0,42827.82014,Standard Class,O'Brien Men's Neoprene Life Vest,311
DEBIT,2,4,110.21,244.9,Advance shipping,0,46,Indoor/Outdoor Games,Caguas,Puerto Rico,XXXXXXXXX,Ralph,5853,Hicks,XXXXXXXXX,Corporate,PR,4280 Lost Pony Wood,725,7,Fan Shop,18.26,-66.37,LATAM,Maracaibo,Venezuela,5853,42738,54126,1014,5,0.02,135341,49.98,0.45,5,249.9,244.9,110.21,South America,ON_HOLD,,1014,46,,http://images.acmesports.sports/O%27Brien+Men%27s+Neoprene+Life+Vest,49.98,0,42797.09931,Standard Class,O'Brien Men's Neoprene Life Vest,312
PAYMENT,2,1,94.54,242.4,Late delivery,1,46,Indoor/Outdoor Games,Chicago,EE. UU.,XXXXXXXXX,Mary,3459,Wright,XXXXXXXXX,Corporate,IL,7774 Fallen Impasse,60616,7,Fan Shop,41.86,-87.63,LATAM,Maracaibo,Venezuela,3459,42738,54123,1014,7.5,0.03,135334,49.98,0.39,5,249.9,242.4,94.54,South America,PENDING_PAYMENT,,1014,46,,http://images.acmesports.sports/O%27Brien+Men%27s+Neoprene+Life+Vest,49.98,0,42797.05556,First Class,O'Brien Men's Neoprene Life Vest,313
PAYMENT,2,4,136.7,278.97,Advance shipping,0,9,Cardio Equipment,Antioch,EE. UU.,XXXXXXXXX,Joseph,165,Ewing,XXXXXXXXX,Consumer,CA,7129 Fallen Trace,94509,3,Footwear,38.02,-121.75,LATAM,Maracaibo,Venezuela,165,42218,2616,191,21,0.07,6561,99.99,0.49,3,299.97,278.97,136.7,South America,PAYMENT_REVIEW,,191,9,,http://images.acmesports.sports/Nike+Men%27s+Free+5.0%2B+Running+Shoe,99.99,0,42045.17292,Standard Class,Nike Men's Free 5.0+ Running Shoe,314
PAYMENT,2,4,42.2,145.5,Advance shipping,0,24,Women's Apparel,Antioch,EE. UU.,XXXXXXXXX,Joseph,165,Ewing,XXXXXXXXX,Consumer,CA,7129 Fallen Trace,94509,5,Golf,38.02,-121.75,LATAM,Maracaibo,Venezuela,165,42218,2616,502,4.5,0.03,6562,50,0.29,3,150,145.5,42.2,South America,PAYMENT_REVIEW,,502,24,,http://images.acmesports.sports/Nike+Men%27s+Dri-FIT+Victory+Golf+Polo,50,0,42045.17292,Standard Class,Nike Men's Dri-FIT Victory Golf Polo,315
PAYMENT,6,4,45.93,158.37,Late delivery,1,17,Cleats,Irwin,EE. UU.,XXXXXXXXX,Mary,5953,Sparks,XXXXXXXXX,Consumer,PA,3261 Heather Estates,15642,4,Apparel,40.33,-79.7,LATAM,San Carlos del Zulia,Venezuela,5953,42252,8780,365,21.60000038,0.12,21919,59.99,0.29,3,179.97,158.37,45.93,South America,PENDING_PAYMENT,,365,17,,http://images.acmesports.sports/Perfect+Fitness+Perfect+Rip+Deck,59.99,0,42139.15278,Standard Class,Perfect Fitness Perfect Rip Deck,316
PAYMENT,2,4,103.49,449.96,Advance shipping,0,9,Cardio Equipment,Antioch,EE. UU.,XXXXXXXXX,Joseph,165,Ewing,XXXXXXXXX,Consumer,CA,7129 Fallen Trace,94509,3,Footwear,38.02,-121.75,LATAM,Maracaibo,Venezuela,165,42218,2616,191,50,0.1,6560,99.99,0.23,5,499.95,449.96,103.49,South America,PAYMENT_REVIEW,,191,9,,http://images.acmesports.sports/Nike+Men%27s+Free+5.0%2B+Running+Shoe,99.99,0,42045.17292,Standard Class,Nike Men's Free 5.0+ Running Shoe,317
PAYMENT,6,4,17.72,236.25,Late delivery,1,24,Women's Apparel,El Paso,EE. UU.,XXXXXXXXX,Anna,10203,Smith,XXXXXXXXX,Consumer,TX,5010 Emerald Hollow,79936,5,Golf,31.74,-106.3,LATAM,Maracaibo,Venezuela,10203,,59840,502,13.75,0.06,149780,50,0.08,5,250,236.25,17.72,South America,PENDING_PAYMENT,,502,24,,http://images.acmesports.sports/Nike+Men%27s+Dri-FIT+Victory+Golf+Polo,50,0,42884.51111,Standard Class,Nike Men's Dri-FIT Victory Golf Polo,318
PAYMENT,2,2,49.48,179.93,Shipping on time,0,46,Indoor/Outdoor Games,Mission Viejo,EE. UU.,XXXXXXXXX,Mary,12109,Ayers,XXXXXXXXX,Consumer,CA,8342 Amber Autoroute,92692,7,Fan Shop,33.65,-117.64,LATAM,Maracaibo,Venezuela,12109,43071,53001,1014,19.98999977,0.1,132468,49.98,0.28,4,199.92,179.93,49.48,South America,PENDING_PAYMENT,,1014,46,,http://images.acmesports.sports/O%27Brien+Men%27s+Neoprene+Life+Vest,49.98,0,42780.67708,Second Class,O'Brien Men's Neoprene Life Vest,319
PAYMENT,2,4,62.97,179.93,Advance shipping,0,46,Indoor/Outdoor Games,Caguas,Puerto Rico,XXXXXXXXX,Roger,1334,Dunlap,XXXXXXXXX,Consumer,PR,8849 Shady Embers Villas,725,7,Fan Shop,18.23,-66.37,LATAM,Maracaibo,Venezuela,1334,,51641,1014,19.98999977,0.1,129041,49.98,0.35,4,199.92,179.93,62.97,South America,PENDING_PAYMENT,,1014,46,,http://images.acmesports.sports/O%27Brien+Men%27s+Neoprene+Life+Vest,49.98,0,42760.82431,Standard Class,O'Brien Men's Neoprene Life Vest,320
TRANSFER,3,2,20.99,74.97,Late delivery,1,46,Indoor/Outdoor Games,Baltimore,EE. UU.,XXXXXXXXX,Jessica,1518,Smith,XXXXXXXXX,Consumer,MD,9676 Velvet Hill,21229,7,Fan Shop,39.29,-76.67,LATAM,Maracaibo,Venezuela,1518,42310,2832,1014,24.98999977,0.25,7105,49.98,0.28,2,99.96,74.97,20.99,South America,PENDING,,1014,46,,http://images.acmesports.sports/O%27Brien+Men%27s+Neoprene+Life+Vest,49.98,0,42049.32569,Second Class,O'Brien Men's Neoprene Life Vest,321
PAYMENT,2,4,25.49,84.97,Advance shipping,0,46,Indoor/Outdoor Games,Antioch,EE. UU.,XXXXXXXXX,Joseph,165,Ewing,XXXXXXXXX,Consumer,CA,7129 Fallen Trace,94509,7,Fan Shop,38.02,-121.75,LATAM,Maracaibo,Venezuela,165,42218,2616,1014,14.98999977,0.15,6559,49.98,0.3,2,99.96,84.97,25.49,South America,PAYMENT_REVIEW,,1014,46,,http://images.acmesports.sports/O%27Brien+Men%27s+Neoprene+Life+Vest,49.98,0,42045.17292,Standard Class,O'Brien Men's Neoprene Life Vest,322
PAYMENT,6,2,4.9,48.98,Late delivery,1,46,Indoor/Outdoor Games,Caguas,Puerto Rico,XXXXXXXXX,Virginia,6240,Elliott,XXXXXXXXX,Corporate,PR,5735 Quaking Cider Highway,725,7,Fan Shop,18.25,-66.37,LATAM,Maracaibo,Venezuela,6240,42218,2615,1014,1,0.02,6558,49.98,0.1,1,49.98,48.98,4.9,South America,PENDING_PAYMENT,,1014,46,,http://images.acmesports.sports/O%27Brien+Men%27s+Neoprene+Life+Vest,49.98,0,42049.15833,Second Class,O'Brien Men's Neoprene Life Vest,323
DEBIT,2,2,67.17,239.9,Shipping on time,0,46,Indoor/Outdoor Games,Plano,EE. UU.,XXXXXXXXX,Stephen,4044,Smith,XXXXXXXXX,Consumer,TX,6629 Iron Embers View,75023,7,Fan Shop,33.03,-96.84,LATAM,Maracaibo,Venezuela,4044,,1146,1014,10,0.04,2842,49.98,0.28,5,249.9,239.9,67.17,South America,COMPLETE,,1014,46,,http://images.acmesports.sports/O%27Brien+Men%27s+Neoprene+Life+Vest,49.98,0,42023.71389,Second Class,O'Brien Men's Neoprene Life Vest,324
TRANSFER,2,4,78.93,167.93,Advance shipping,0,46,Indoor/Outdoor Games,Caguas,Puerto Rico,XXXXXXXXX,Emma,2209,Ramos,XXXXXXXXX,Consumer,PR,1284 High Apple Highlands,725,7,Fan Shop,18.26,-66.37,LATAM,Maracaibo,Venezuela,2209,42156,356,1014,31.98999977,0.16,884,49.98,0.47,4,199.92,167.93,78.93,South America,PENDING,,1014,46,,http://images.acmesports.sports/O%27Brien+Men%27s+Neoprene+Life+Vest,49.98,0,42012.18194,Standard Class,O'Brien Men's Neoprene Life Vest,325
TRANSFER,6,4,14.64,232.41,Late delivery,1,46,Indoor/Outdoor Games,La Puente,EE. UU.,XXXXXXXXX,Mary,11682,Ferguson,XXXXXXXXX,Home Office,CA,7790 Broad Pond Crossing,91744,7,Fan Shop,34.03,-117.94,LATAM,Maracaibo,Venezuela,11682,42156,355,1014,17.48999977,0.07,883,49.98,0.06,5,249.9,232.41,14.64,South America,PROCESSING,,1014,46,,http://images.acmesports.sports/O%27Brien+Men%27s+Neoprene+Life+Vest,49.98,0,42016.16736,Standard Class,O'Brien Men's Neoprene Life Vest,326
TRANSFER,4,4,6.3,44.98,Shipping on time,0,46,Indoor/Outdoor Games,Chicago,EE. UU.,XXXXXXXXX,Mary,2234,Smith,XXXXXXXXX,Consumer,IL,7731 Heather Mall ,60640,7,Fan Shop,41.97,-87.66,LATAM,Maracaibo,Venezuela,2234,42156,353,1014,5,0.1,879,49.98,0.14,1,49.98,44.98,6.3,South America,PROCESSING,,1014,46,,http://images.acmesports.sports/O%27Brien+Men%27s+Neoprene+Life+Vest,49.98,0,42014.13819,Standard Class,O'Brien Men's Neoprene Life Vest,327
TRANSFER,4,4,79.65,165.93,Shipping on time,0,46,Indoor/Outdoor Games,Chicago,EE. UU.,XXXXXXXXX,Mary,2234,Smith,XXXXXXXXX,Consumer,IL,7731 Heather Mall ,60640,7,Fan Shop,41.97,-87.66,LATAM,Maracaibo,Venezuela,2234,42156,353,1014,33.99000168,0.17,878,49.98,0.48,4,199.92,165.93,79.65,South America,PROCESSING,,1014,46,,http://images.acmesports.sports/O%27Brien+Men%27s+Neoprene+Life+Vest,49.98,0,42014.13819,Standard Class,O'Brien Men's Neoprene Life Vest,328
DEBIT,2,4,60.25,122.95,Advance shipping,0,46,Indoor/Outdoor Games,Caguas,Puerto Rico,XXXXXXXXX,Mildred,12049,Mclaughlin,XXXXXXXXX,Corporate,PR,8497 Indian Pine Bend,725,7,Fan Shop,18.26,-66.37,LATAM,Maracaibo,Venezuela,12049,42156,351,1014,26.98999977,0.18,867,49.98,0.49,3,149.94,122.95,60.25,South America,COMPLETE,,1014,46,,http://images.acmesports.sports/O%27Brien+Men%27s+Neoprene+Life+Vest,49.98,0,42012.10903,Standard Class,O'Brien Men's Neoprene Life Vest,329
TRANSFER,3,2,1.07,26.87,Late delivery,1,13,Electronics,Baltimore,EE. UU.,XXXXXXXXX,Jessica,1518,Smith,XXXXXXXXX,Consumer,MD,9676 Velvet Hill,21229,3,Footwear,39.29,-76.67,LATAM,Maracaibo,Venezuela,1518,42310,2832,273,1.120000005,0.04,7106,27.99,0.04,1,27.99,26.87,1.07,South America,PENDING,,273,13,,http://images.acmesports.sports/Under+Armour+Kids%27+Mercenary+Slide,27.99,0,42049.32569,Second Class,Under Armour Kids' Mercenary Slide,330
TRANSFER,3,2,109.61,377.96,Late delivery,1,9,Cardio Equipment,Baltimore,EE. UU.,XXXXXXXXX,Jessica,1518,Smith,XXXXXXXXX,Consumer,MD,9676 Velvet Hill,21229,3,Footwear,39.29,-76.67,LATAM,Maracaibo,Venezuela,1518,42310,2832,191,22,0.06,7108,99.99,0.29,4,399.96,377.96,109.61,South America,PENDING,,191,9,,http://images.acmesports.sports/Nike+Men%27s+Free+5.0%2B+Running+Shoe,99.99,0,42049.32569,Second Class,Nike Men's Free 5.0+ Running Shoe,331
TRANSFER,3,2,81.34,166,Late delivery,1,24,Women's Apparel,Baltimore,EE. UU.,XXXXXXXXX,Jessica,1518,Smith,XXXXXXXXX,Consumer,MD,9676 Velvet Hill,21229,5,Golf,39.29,-76.67,LATAM,Maracaibo,Venezuela,1518,42310,2832,502,34,0.17,7107,50,0.49,4,200,166,81.34,South America,PENDING,,502,24,,http://images.acmesports.sports/Nike+Men%27s+Dri-FIT+Victory+Golf+Polo,50,0,42049.32569,Second Class,Nike Men's Dri-FIT Victory Golf Polo,332
TRANSFER,4,4,13.77,50.99,Shipping on time,0,17,Cleats,Houston,EE. UU.,XXXXXXXXX,William,9570,Sampson,XXXXXXXXX,Consumer,TX,3406 Lazy By-pass,77084,4,Apparel,29.79,-95.37,LATAM,Maracaibo,Venezuela,9570,,4873,365,9,0.15,12201,59.99,0.27,1,59.99,50.99,13.77,South America,PENDING,,365,17,,http://images.acmesports.sports/Perfect+Fitness+Perfect+Rip+Deck,59.99,0,42080.11944,Standard Class,Perfect Fitness Perfect Rip Deck,333
TRANSFER,6,4,18.33,97.49,Late delivery,1,18,Men's Footwear,Memphis,EE. UU.,XXXXXXXXX,Aaron,1322,Williamson,XXXXXXXXX,Consumer,TN,2000 Stony Abbey,38128,4,Apparel,35.09,-90.02,LATAM,Maracaibo,Venezuela,1322,,53905,403,32.5,0.25,134779,129.99,0.19,1,129.99,97.49,18.33,South America,PENDING,,403,18,,http://images.acmesports.sports/Nike+Men%27s+CJ+Elite+2+TD+Football+Cleat,129.99,0,42797.87361,Standard Class,Nike Men's CJ Elite 2 TD Football Cleat,334
TRANSFER,4,4,131.03,272.98,Shipping on time,0,43,Camping & Hiking,Houston,EE. UU.,XXXXXXXXX,William,9570,Sampson,XXXXXXXXX,Consumer,TX,3406 Lazy By-pass,77084,7,Fan Shop,29.79,-95.37,LATAM,Maracaibo,Venezuela,9570,,4873,957,27,0.09,12203,299.98,0.48,1,299.98,272.98,131.03,South America,PENDING,,957,43,,http://images.acmesports.sports/Diamondback+Women%27s+Serene+Classic+Comfort+Bike+2014,299.98,0,42080.11944,Standard Class,Diamondback Women's Serene Classic Comfort Bi,335
TRANSFER,4,4,34.4,122.84,Shipping on time,0,18,Men's Footwear,Chicago,EE. UU.,XXXXXXXXX,Mary,2234,Smith,XXXXXXXXX,Consumer,IL,7731 Heather Mall ,60640,4,Apparel,41.97,-87.66,LATAM,Maracaibo,Venezuela,2234,42156,353,403,7.150000095,0.06,880,129.99,0.28,1,129.99,122.84,34.4,South America,PROCESSING,,403,18,,http://images.acmesports.sports/Nike+Men%27s+CJ+Elite+2+TD+Football+Cleat,129.99,0,42014.13819,Standard Class,Nike Men's CJ Elite 2 TD Football Cleat,336
TRANSFER,5,4,70.47,260.98,Late delivery,1,43,Camping & Hiking,Caguas,Puerto Rico,XXXXXXXXX,David,5862,Cantu,XXXXXXXXX,Corporate,PR,5553 Wishing Grove,725,7,Fan Shop,18.24,-66.37,LATAM,Maracaibo,Venezuela,5862,42156,354,957,39,0.13,881,299.98,0.27,1,299.98,260.98,70.47,South America,PROCESSING,,957,43,,http://images.acmesports.sports/Diamondback+Women%27s+Serene+Classic+Comfort+Bike+2014,299.98,0,42015.15278,Standard Class,Diamondback Women's Serene Classic Comfort Bi,337
PAYMENT,2,2,15.75,44.99,Shipping on time,0,17,Cleats,Caguas,Puerto Rico,XXXXXXXXX,Mary,10139,Gould,XXXXXXXXX,Consumer,PR,6398 Indian Brook Valley,725,4,Apparel,18.29,-66.37,LATAM,Maracaibo,Venezuela,10139,42984,61011,365,15,0.25,152631,59.99,0.35,1,59.99,44.99,15.75,South America,PENDING_PAYMENT,,365,17,,http://images.acmesports.sports/Perfect+Fitness+Perfect+Rip+Deck,59.99,0,42897.60486,Second Class,Perfect Fitness Perfect Rip Deck,338
PAYMENT,2,2,51.65,147.58,Shipping on time,0,17,Cleats,Caguas,Puerto Rico,XXXXXXXXX,Mary,10139,Gould,XXXXXXXXX,Consumer,PR,6398 Indian Brook Valley,725,4,Apparel,18.29,-66.37,LATAM,Maracaibo,Venezuela,10139,42984,61011,365,32.38999939,0.18,152632,59.99,0.35,3,179.97,147.58,51.65,South America,PENDING_PAYMENT,,365,17,,http://images.acmesports.sports/Perfect+Fitness+Perfect+Rip+Deck,59.99,0,42897.60486,Second Class,Perfect Fitness Perfect Rip Deck,339
PAYMENT,2,2,107.51,383.95,Shipping on time,0,2,Soccer,Caguas,Puerto Rico,XXXXXXXXX,Mary,10139,Gould,XXXXXXXXX,Consumer,PR,6398 Indian Brook Valley,725,2,Fitness,18.29,-66.37,LATAM,Maracaibo,Venezuela,10139,42984,61011,24,16,0.04,152633,79.99,0.28,5,399.95,383.95,107.51,South America,PENDING_PAYMENT,,24,2,,http://images.acmesports.sports/Elevation+Training+Mask+2.0,79.99,0,42897.60486,Second Class,Elevation Training Mask 2.0,340
PAYMENT,2,2,23.62,188.95,Shipping on time,0,29,Shop By Sport,Caguas,Puerto Rico,XXXXXXXXX,Mary,10139,Gould,XXXXXXXXX,Consumer,PR,6398 Indian Brook Valley,725,5,Golf,18.29,-66.37,LATAM,Maracaibo,Venezuela,10139,42984,61011,627,11,0.06,152629,39.99,0.13,5,199.95,188.95,23.62,South America,PENDING_PAYMENT,,627,29,,http://images.acmesports.sports/Under+Armour+Girls%27+Toddler+Spine+Surge+Running+Shoe,39.99,0,42897.60486,Second Class,Under Armour Girls' Toddler Spine Surge Runni,341
PAYMENT,4,4,-11.62,92.99,Shipping on time,0,9,Cardio Equipment,Caguas,Puerto Rico,XXXXXXXXX,Mary,259,Bates,XXXXXXXXX,Consumer,PR,382 Rocky Pond By-pass,725,3,Footwear,18.36,-66.08,LATAM,Maracaibo,Venezuela,259,,9723,191,7,0.07,24286,99.99,-0.13,1,99.99,92.99,-11.62,South America,PENDING_PAYMENT,,191,9,,http://images.acmesports.sports/Nike+Men%27s+Free+5.0%2B+Running+Shoe,99.99,0,42150.91806,Standard Class,Nike Men's Free 5.0+ Running Shoe,342
PAYMENT,2,4,54.41,118.29,Advance shipping,0,18,Men's Footwear,Caguas,Puerto Rico,XXXXXXXXX,Roger,1334,Dunlap,XXXXXXXXX,Consumer,PR,8849 Shady Embers Villas,725,4,Apparel,18.23,-66.37,LATAM,Maracaibo,Venezuela,1334,,51641,403,11.69999981,0.09,129043,129.99,0.46,1,129.99,118.29,54.41,South America,PENDING_PAYMENT,,403,18,,http://images.acmesports.sports/Nike+Men%27s+CJ+Elite+2+TD+Football+Cleat,129.99,0,42760.82431,Standard Class,Nike Men's CJ Elite 2 TD Football Cleat,343
PAYMENT,4,4,41.4,118.29,Shipping on time,0,18,Men's Footwear,Caguas,Puerto Rico,XXXXXXXXX,Mary,259,Bates,XXXXXXXXX,Consumer,PR,382 Rocky Pond By-pass,725,4,Apparel,18.36,-66.08,LATAM,Maracaibo,Venezuela,259,,9723,403,11.69999981,0.09,24285,129.99,0.35,1,129.99,118.29,41.4,South America,PENDING_PAYMENT,,403,18,,http://images.acmesports.sports/Nike+Men%27s+CJ+Elite+2+TD+Football+Cleat,129.99,0,42150.91806,Standard Class,Nike Men's CJ Elite 2 TD Football Cleat,344
PAYMENT,2,4,28.08,103.99,Advance shipping,0,18,Men's Footwear,Caguas,Puerto Rico,XXXXXXXXX,Mary,2477,Patterson,XXXXXXXXX,Consumer,PR,475 Colonial Autoroute,725,4,Apparel,18.21,-66.37,LATAM,Maracaibo,Venezuela,2477,,53906,403,26,0.2,134782,129.99,0.27,1,129.99,103.99,28.08,South America,PENDING_PAYMENT,,403,18,,http://images.acmesports.sports/Nike+Men%27s+CJ+Elite+2+TD+Football+Cleat,129.99,0,42793.88819,Standard Class,Nike Men's CJ Elite 2 TD Football Cleat,345
PAYMENT,2,4,0.45,44.99,Advance shipping,0,17,Cleats,Caguas,Puerto Rico,XXXXXXXXX,Mary,2477,Patterson,XXXXXXXXX,Consumer,PR,475 Colonial Autoroute,725,4,Apparel,18.21,-66.37,LATAM,Maracaibo,Venezuela,2477,,53906,365,15,0.25,134783,59.99,0.01,1,59.99,44.99,0.45,South America,PENDING_PAYMENT,,365,17,,http://images.acmesports.sports/Perfect+Fitness+Perfect+Rip+Deck,59.99,0,42793.88819,Standard Class,Perfect Fitness Perfect Rip Deck,346
PAYMENT,2,4,10.08,20.99,Advance shipping,0,40,Accessories,Caguas,Puerto Rico,XXXXXXXXX,Mary,2477,Patterson,XXXXXXXXX,Consumer,PR,475 Colonial Autoroute,725,6,Outdoors,18.21,-66.37,LATAM,Maracaibo,Venezuela,2477,,53906,893,4,0.16,134781,24.99,0.48,1,24.99,20.99,10.08,South America,PENDING_PAYMENT,,893,40,,http://images.acmesports.sports/Team+Golf+Pittsburgh+Steelers+Putter+Grip,24.99,0,42793.88819,Standard Class,Team Golf Pittsburgh Steelers Putter Grip,347
PAYMENT,4,4,-65.1,371.98,Shipping on time,0,45,Fishing,Caguas,Puerto Rico,XXXXXXXXX,Mary,259,Bates,XXXXXXXXX,Consumer,PR,382 Rocky Pond By-pass,725,7,Fan Shop,18.36,-66.08,LATAM,Maracaibo,Venezuela,259,,9723,1004,28,0.07,24287,399.98,-0.18,1,399.98,371.98,-65.1,South America,PENDING_PAYMENT,,1004,45,,http://images.acmesports.sports/Field+%26+Stream+Sportsman+16+Gun+Fire+Safe,399.98,0,42150.91806,Standard Class,Field & Stream Sportsman 16 Gun Fire Safe,348
PAYMENT,4,4,41.13,363.98,Shipping on time,0,45,Fishing,Caguas,Puerto Rico,XXXXXXXXX,Mary,259,Bates,XXXXXXXXX,Consumer,PR,382 Rocky Pond By-pass,725,7,Fan Shop,18.36,-66.08,LATAM,Maracaibo,Venezuela,259,,9723,1004,36,0.09,24284,399.98,0.11,1,399.98,363.98,41.13,South America,PENDING_PAYMENT,,1004,45,,http://images.acmesports.sports/Field+%26+Stream+Sportsman+16+Gun+Fire+Safe,399.98,0,42150.91806,Standard Class,Field & Stream Sportsman 16 Gun Fire Safe,349
DEBIT,2,4,-261,174,Advance shipping,0,24,Women's Apparel,Woodbridge,EE. UU.,XXXXXXXXX,Mary,1153,Sanford,XXXXXXXXX,Consumer,VA,5700 Golden Pathway,22192,5,Golf,38.69,-77.38,LATAM,Maracaibo,Venezuela,1153,,1711,502,26,0.13,4260,50,-1.5,4,200,174,-261,South America,COMPLETE,,502,24,,http://images.acmesports.sports/Nike+Men%27s+Dri-FIT+Victory+Golf+Polo,50,0,42031.96181,Standard Class,Nike Men's Dri-FIT Victory Golf Polo,350
TRANSFER,6,4,55.56,113.38,Late delivery,1,17,Cleats,Memphis,EE. UU.,XXXXXXXXX,Aaron,1322,Williamson,XXXXXXXXX,Consumer,TN,2000 Stony Abbey,38128,4,Apparel,35.09,-90.02,LATAM,Maracaibo,Venezuela,1322,,53905,365,6.599999905,0.06,134778,59.99,0.49,2,119.98,113.38,55.56,South America,PENDING,,365,17,,http://images.acmesports.sports/Perfect+Fitness+Perfect+Rip+Deck,59.99,0,42797.87361,Standard Class,Perfect Fitness Perfect Rip Deck,351
TRANSFER,6,4,7.03,111.58,Late delivery,1,17,Cleats,Memphis,EE. UU.,XXXXXXXXX,Aaron,1322,Williamson,XXXXXXXXX,Consumer,TN,2000 Stony Abbey,38128,4,Apparel,35.09,-90.02,LATAM,Maracaibo,Venezuela,1322,,53905,365,8.399999619,0.07,134776,59.99,0.06,2,119.98,111.58,7.03,South America,PENDING,,365,17,,http://images.acmesports.sports/Perfect+Fitness+Perfect+Rip+Deck,59.99,0,42797.87361,Standard Class,Perfect Fitness Perfect Rip Deck,352
TRANSFER,4,4,44.11,130.5,Shipping on time,0,24,Women's Apparel,Houston,EE. UU.,XXXXXXXXX,William,9570,Sampson,XXXXXXXXX,Consumer,TX,3406 Lazy By-pass,77084,5,Golf,29.79,-95.37,LATAM,Maracaibo,Venezuela,9570,,4873,502,19.5,0.13,12199,50,0.34,3,150,130.5,44.11,South America,PENDING,,502,24,,http://images.acmesports.sports/Nike+Men%27s+Dri-FIT+Victory+Golf+Polo,50,0,42080.11944,Standard Class,Nike Men's Dri-FIT Victory Golf Polo,353
TRANSFER,4,4,53.13,147.58,Shipping on time,0,17,Cleats,Chicago,EE. UU.,XXXXXXXXX,Mary,2234,Smith,XXXXXXXXX,Consumer,IL,7731 Heather Mall ,60640,4,Apparel,41.97,-87.66,LATAM,Maracaibo,Venezuela,2234,42156,353,365,32.38999939,0.18,877,59.99,0.36,3,179.97,147.58,53.13,South America,PROCESSING,,365,17,,http://images.acmesports.sports/Perfect+Fitness+Perfect+Rip+Deck,59.99,0,42014.13819,Standard Class,Perfect Fitness Perfect Rip Deck,354
PAYMENT,6,4,101.39,299.99,Late delivery,1,45,Fishing,El Paso,EE. UU.,XXXXXXXXX,Anna,10203,Smith,XXXXXXXXX,Consumer,TX,5010 Emerald Hollow,79936,7,Fan Shop,31.74,-106.3,LATAM,Maracaibo,Venezuela,10203,,59840,1004,100,0.25,149778,399.98,0.34,1,399.98,299.99,101.39,South America,PENDING_PAYMENT,,1004,45,,http://images.acmesports.sports/Field+%26+Stream+Sportsman+16+Gun+Fire+Safe,399.98,0,42884.51111,Standard Class,Field & Stream Sportsman 16 Gun Fire Safe,355
PAYMENT,2,1,127.39,363.98,Late delivery,1,45,Fishing,Caguas,Puerto Rico,XXXXXXXXX,Nancy,9732,Jennings,XXXXXXXXX,Home Office,PR,7046 Cinder Lagoon Highway,725,7,Fan Shop,18.21,-66.37,LATAM,Maracaibo,Venezuela,9732,42982,56817,1004,36,0.09,142110,399.98,0.35,1,399.98,363.98,127.39,South America,PAYMENT_REVIEW,,1004,45,,http://images.acmesports.sports/Field+%26+Stream+Sportsman+16+Gun+Fire+Safe,399.98,0,42836.38194,First Class,Field & Stream Sportsman 16 Gun Fire Safe,356
TRANSFER,2,1,130.49,347.98,Shipping canceled,0,45,Fishing,Caguas,Puerto Rico,XXXXXXXXX,Douglas,10759,Smith,XXXXXXXXX,Home Office,PR,577 Rustic Nectar Row,725,7,Fan Shop,18.3,-66.37,LATAM,Maracaibo,Venezuela,10759,42738,54124,1004,52,0.13,135336,399.98,0.38,1,399.98,347.98,130.49,South America,SUSPECTED_FRAUD,,1004,45,,http://images.acmesports.sports/Field+%26+Stream+Sportsman+16+Gun+Fire+Safe,399.98,0,42797.07014,First Class,Field & Stream Sportsman 16 Gun Fire Safe,357
TRANSFER,6,4,114.79,327.98,Late delivery,1,45,Fishing,Memphis,EE. UU.,XXXXXXXXX,Aaron,1322,Williamson,XXXXXXXXX,Consumer,TN,2000 Stony Abbey,38128,7,Fan Shop,35.09,-90.02,LATAM,Maracaibo,Venezuela,1322,,53905,1004,72,0.18,134777,399.98,0.35,1,399.98,327.98,114.79,South America,PENDING,,1004,45,,http://images.acmesports.sports/Field+%26+Stream+Sportsman+16+Gun+Fire+Safe,399.98,0,42797.87361,Standard Class,Field & Stream Sportsman 16 Gun Fire Safe,358
TRANSFER,3,4,156.59,347.98,Advance shipping,0,45,Fishing,Lancaster,EE. UU.,XXXXXXXXX,Michael,6351,Atkins,XXXXXXXXX,Home Office,PA,378 Hidden View,17601,7,Fan Shop,40.07,-76.35,LATAM,Maracaibo,Venezuela,6351,43041,52912,1004,52,0.13,132280,399.98,0.45,1,399.98,347.98,156.59,South America,PENDING,,1004,45,,http://images.acmesports.sports/Field+%26+Stream+Sportsman+16+Gun+Fire+Safe,399.98,0,42780.37778,Standard Class,Field & Stream Sportsman 16 Gun Fire Safe,359
DEBIT,2,1,144.31,351.98,Late delivery,1,45,Fishing,Livermore,EE. UU.,XXXXXXXXX,Catherine,2605,Smith,XXXXXXXXX,Consumer,CA,4958 Shady Zephyr Gardens,94550,7,Fan Shop,37.74,-121.77,LATAM,Maracaibo,Venezuela,2605,,51645,1004,48,0.12,129049,399.98,0.41,1,399.98,351.98,144.31,South America,COMPLETE,,1004,45,,http://images.acmesports.sports/Field+%26+Stream+Sportsman+16+Gun+Fire+Safe,399.98,0,42760.88264,First Class,Field & Stream Sportsman 16 Gun Fire Safe,360
DEBIT,2,1,-243.59,347.98,Late delivery,1,45,Fishing,Livermore,EE. UU.,XXXXXXXXX,Catherine,2605,Smith,XXXXXXXXX,Consumer,CA,4958 Shady Zephyr Gardens,94550,7,Fan Shop,37.74,-121.77,LATAM,Maracaibo,Venezuela,2605,,51645,1004,52,0.13,129048,399.98,-0.7,1,399.98,347.98,-243.59,South America,COMPLETE,,1004,45,,http://images.acmesports.sports/Field+%26+Stream+Sportsman+16+Gun+Fire+Safe,399.98,0,42760.88264,First Class,Field & Stream Sportsman 16 Gun Fire Safe,361
PAYMENT,2,1,13.73,124.79,Late delivery,1,18,Men's Footwear,Caguas,Puerto Rico,XXXXXXXXX,Nancy,9732,Jennings,XXXXXXXXX,Home Office,PR,7046 Cinder Lagoon Highway,725,4,Apparel,18.21,-66.37,LATAM,Maracaibo,Venezuela,9732,42982,56817,403,5.199999809,0.04,142111,129.99,0.11,1,129.99,124.79,13.73,South America,PAYMENT_REVIEW,,403,18,,http://images.acmesports.sports/Nike+Men%27s+CJ+Elite+2+TD+Football+Cleat,129.99,0,42836.38194,First Class,Nike Men's CJ Elite 2 TD Football Cleat,362
PAYMENT,2,1,3.96,197.98,Late delivery,1,9,Cardio Equipment,Caguas,Puerto Rico,XXXXXXXXX,Nancy,9732,Jennings,XXXXXXXXX,Home Office,PR,7046 Cinder Lagoon Highway,725,3,Footwear,18.21,-66.37,LATAM,Maracaibo,Venezuela,9732,42982,56817,191,2,0.01,142109,99.99,0.02,2,199.98,197.98,3.96,South America,PAYMENT_REVIEW,,191,9,,http://images.acmesports.sports/Nike+Men%27s+Free+5.0%2B+Running+Shoe,99.99,0,42836.38194,First Class,Nike Men's Free 5.0+ Running Shoe,363
PAYMENT,4,4,61.43,136.5,Shipping on time,0,24,Women's Apparel,Caguas,Puerto Rico,XXXXXXXXX,Mary,259,Bates,XXXXXXXXX,Consumer,PR,382 Rocky Pond By-pass,725,5,Golf,18.36,-66.08,LATAM,Maracaibo,Venezuela,259,,9723,502,13.5,0.09,24283,50,0.45,3,150,136.5,61.43,South America,PENDING_PAYMENT,,502,24,,http://images.acmesports.sports/Nike+Men%27s+Dri-FIT+Victory+Golf+Polo,50,0,42150.91806,Standard Class,Nike Men's Dri-FIT Victory Golf Polo,364
PAYMENT,2,4,31.2,120,Advance shipping,0,24,Women's Apparel,Caguas,Puerto Rico,XXXXXXXXX,Mary,9574,Smith,XXXXXXXXX,Consumer,PR,357 Noble Lane,725,5,Golf,18.21,-66.37,LATAM,Maracaibo,Venezuela,9574,42892,60786,502,30,0.2,152114,50,0.26,3,150,120,31.2,South America,PENDING_PAYMENT,,502,24,,http://images.acmesports.sports/Nike+Men%27s+Dri-FIT+Victory+Golf+Polo,50,0,42894.32014,Standard Class,Nike Men's Dri-FIT Victory Golf Polo,365
PAYMENT,2,4,57.76,199.17,Advance shipping,0,17,Cleats,Caguas,Puerto Rico,XXXXXXXXX,Roger,1334,Dunlap,XXXXXXXXX,Consumer,PR,8849 Shady Embers Villas,725,4,Apparel,18.23,-66.37,LATAM,Maracaibo,Venezuela,1334,,51641,365,40.79000092,0.17,129044,59.99,0.29,4,239.96,199.17,57.76,South America,PENDING_PAYMENT,,365,17,,http://images.acmesports.sports/Perfect+Fitness+Perfect+Rip+Deck,59.99,0,42760.82431,Standard Class,Perfect Fitness Perfect Rip Deck,366
PAYMENT,2,4,39.93,153.56,Advance shipping,0,29,Shop By Sport,Caguas,Puerto Rico,XXXXXXXXX,Roger,1334,Dunlap,XXXXXXXXX,Consumer,PR,8849 Shady Embers Villas,725,5,Golf,18.23,-66.37,LATAM,Maracaibo,Venezuela,1334,,51641,627,6.400000095,0.04,129042,39.99,0.26,4,159.96,153.56,39.93,South America,PENDING_PAYMENT,,627,29,,http://images.acmesports.sports/Under+Armour+Girls%27+Toddler+Spine+Surge+Running+Shoe,39.99,0,42760.82431,Standard Class,Under Armour Girls' Toddler Spine Surge Runni,367
PAYMENT,2,4,83.72,182,Advance shipping,0,24,Women's Apparel,Caguas,Puerto Rico,XXXXXXXXX,Mary,2477,Patterson,XXXXXXXXX,Consumer,PR,475 Colonial Autoroute,725,5,Golf,18.21,-66.37,LATAM,Maracaibo,Venezuela,2477,,53906,502,18,0.09,134780,50,0.46,4,200,182,83.72,South America,PENDING_PAYMENT,,502,24,,http://images.acmesports.sports/Nike+Men%27s+Dri-FIT+Victory+Golf+Polo,50,0,42793.88819,Standard Class,Nike Men's Dri-FIT Victory Golf Polo,368
TRANSFER,2,4,13.02,42,Advance shipping,0,24,Women's Apparel,Caguas,Puerto Rico,XXXXXXXXX,Emma,2209,Ramos,XXXXXXXXX,Consumer,PR,1284 High Apple Highlands,725,5,Golf,18.26,-66.37,LATAM,Maracaibo,Venezuela,2209,42156,356,502,8,0.16,885,50,0.31,1,50,42,13.02,South America,PENDING,,502,24,,http://images.acmesports.sports/Nike+Men%27s+Dri-FIT+Victory+Golf+Polo,50,0,42012.18194,Standard Class,Nike Men's Dri-FIT Victory Golf Polo,369
TRANSFER,2,4,50.21,185.98,Advance shipping,0,9,Cardio Equipment,Caguas,Puerto Rico,XXXXXXXXX,Emma,2209,Ramos,XXXXXXXXX,Consumer,PR,1284 High Apple Highlands,725,3,Footwear,18.26,-66.37,LATAM,Maracaibo,Venezuela,2209,42156,356,191,14,0.07,887,99.99,0.27,2,199.98,185.98,50.21,South America,PENDING,,191,9,,http://images.acmesports.sports/Nike+Men%27s+Free+5.0%2B+Running+Shoe,99.99,0,42012.18194,Standard Class,Nike Men's Free 5.0+ Running Shoe,370
TRANSFER,2,4,-20.77,127.4,Advance shipping,0,26,Girls' Apparel,Caguas,Puerto Rico,XXXXXXXXX,Emma,2209,Ramos,XXXXXXXXX,Consumer,PR,1284 High Apple Highlands,725,5,Golf,18.26,-66.37,LATAM,Maracaibo,Venezuela,2209,42156,356,565,12.60000038,0.09,886,70,-0.16,2,140,127.4,-20.77,South America,PENDING,,565,26,,http://images.acmesports.sports/adidas+Youth+Germany+Black%2FRed+Away+Match+Soccer+Jersey,70,0,42012.18194,Standard Class,adidas Youth Germany Black/Red Away Match Soc,371
DEBIT,6,4,58.81,174,Late delivery,1,24,Women's Apparel,Chicago,EE. UU.,XXXXXXXXX,Mary,6107,Schmidt,XXXXXXXXX,Home Office,IL,1801 Jagged Dale Park,60625,5,Golf,41.9,-87.67,LATAM,Maracaibo,Venezuela,6107,42282,8840,502,26,0.13,22079,50,0.34,4,200,174,58.81,South America,ON_HOLD,,502,24,,http://images.acmesports.sports/Nike+Men%27s+Dri-FIT+Victory+Golf+Polo,50,0,42140.02847,Standard Class,Nike Men's Dri-FIT Victory Golf Polo,372
PAYMENT,5,4,136.7,278.98,Late delivery,1,43,Camping & Hiking,Chicago,EE. UU.,XXXXXXXXX,Mary,9080,Macias,XXXXXXXXX,Home Office,IL,1531 Hazy Forest Plaza,60622,7,Fan Shop,41.9,-87.67,LATAM,Maracaibo,Venezuela,9080,,9719,957,21,0.07,24272,299.98,0.49,1,299.98,278.98,136.7,South America,PENDING_PAYMENT,,957,43,,http://images.acmesports.sports/Diamondback+Women%27s+Serene+Classic+Comfort+Bike+2014,299.98,0,42151.85972,Standard Class,Diamondback Women's Serene Classic Comfort Bi,373
PAYMENT,5,4,26.4,88,Late delivery,1,24,Women's Apparel,Chicago,EE. UU.,XXXXXXXXX,Mary,9080,Macias,XXXXXXXXX,Home Office,IL,1531 Hazy Forest Plaza,60622,5,Golf,41.9,-87.67,LATAM,Maracaibo,Venezuela,9080,,9719,502,12,0.12,24273,50,0.3,2,100,88,26.4,South America,PENDING_PAYMENT,,502,24,,http://images.acmesports.sports/Nike+Men%27s+Dri-FIT+Victory+Golf+Polo,50,0,42151.85972,Standard Class,Nike Men's Dri-FIT Victory Golf Polo,374
TRANSFER,6,2,43.16,107.89,Late delivery,1,18,Men's Footwear,Jersey City,EE. UU.,XXXXXXXXX,Mary,5493,Cochran,XXXXXXXXX,Home Office,NJ,9332 Lazy Crescent,7305,4,Apparel,40.71,-74.09,LATAM,Maracaibo,Venezuela,5493,42310,2835,403,22.10000038,0.17,7114,129.99,0.4,1,129.99,107.89,43.16,South America,PENDING,,403,18,,http://images.acmesports.sports/Nike+Men%27s+CJ+Elite+2+TD+Football+Cleat,129.99,0,42052.36944,Second Class,Nike Men's CJ Elite 2 TD Football Cleat,375
TRANSFER,6,2,0.85,38.79,Late delivery,1,29,Shop By Sport,Jersey City,EE. UU.,XXXXXXXXX,Mary,5493,Cochran,XXXXXXXXX,Home Office,NJ,9332 Lazy Crescent,7305,5,Golf,40.71,-74.09,LATAM,Maracaibo,Venezuela,5493,42310,2835,627,1.200000048,0.03,7113,39.99,0.02,1,39.99,38.79,0.85,South America,PENDING,,627,29,,http://images.acmesports.sports/Under+Armour+Girls%27+Toddler+Spine+Surge+Running+Shoe,39.99,0,42052.36944,Second Class,Under Armour Girls' Toddler Spine Surge Runni,376
TRANSFER,6,2,2.88,38.39,Late delivery,1,29,Shop By Sport,Jersey City,EE. UU.,XXXXXXXXX,Mary,5493,Cochran,XXXXXXXXX,Home Office,NJ,9332 Lazy Crescent,7305,5,Golf,40.71,-74.09,LATAM,Maracaibo,Venezuela,5493,42310,2835,627,1.600000024,0.04,7111,39.99,0.08,1,39.99,38.39,2.88,South America,PENDING,,627,29,,http://images.acmesports.sports/Under+Armour+Girls%27+Toddler+Spine+Surge+Running+Shoe,39.99,0,42052.36944,Second Class,Under Armour Girls' Toddler Spine Surge Runni,377
TRANSFER,6,2,48.19,254.98,Late delivery,1,43,Camping & Hiking,Jersey City,EE. UU.,XXXXXXXXX,Mary,5493,Cochran,XXXXXXXXX,Home Office,NJ,9332 Lazy Crescent,7305,7,Fan Shop,40.71,-74.09,LATAM,Maracaibo,Venezuela,5493,42310,2835,957,45,0.15,7112,299.98,0.19,1,299.98,254.98,48.19,South America,PENDING,,957,43,,http://images.acmesports.sports/Diamondback+Women%27s+Serene+Classic+Comfort+Bike+2014,299.98,0,42052.36944,Second Class,Diamondback Women's Serene Classic Comfort Bi,378
TRANSFER,6,2,42.11,161.97,Late delivery,1,17,Cleats,Jersey City,EE. UU.,XXXXXXXXX,Mary,5493,Cochran,XXXXXXXXX,Home Office,NJ,9332 Lazy Crescent,7305,4,Apparel,40.71,-74.09,LATAM,Maracaibo,Venezuela,5493,42310,2835,365,18,0.1,7115,59.99,0.26,3,179.97,161.97,42.11,South America,PENDING,,365,17,,http://images.acmesports.sports/Perfect+Fitness+Perfect+Rip+Deck,59.99,0,42052.36944,Second Class,Perfect Fitness Perfect Rip Deck,379
TRANSFER,6,4,39.58,113.09,Shipping canceled,0,18,Men's Footwear,Brooklyn,EE. UU.,XXXXXXXXX,Benjamin,6953,Smith,XXXXXXXXX,Home Office,NY,3307 Dusty Log Court,11226,4,Apparel,40.65,-73.96,LATAM,Maracaibo,Venezuela,6953,,9720,403,16.89999962,0.13,24274,129.99,0.35,1,129.99,113.09,39.58,South America,CANCELED,,403,18,,http://images.acmesports.sports/Nike+Men%27s+CJ+Elite+2+TD+Football+Cleat,129.99,0,42152.87431,Standard Class,Nike Men's CJ Elite 2 TD Football Cleat,380
TRANSFER,6,4,129.59,359.98,Shipping canceled,0,45,Fishing,Brooklyn,EE. UU.,XXXXXXXXX,Benjamin,6953,Smith,XXXXXXXXX,Home Office,NY,3307 Dusty Log Court,11226,7,Fan Shop,40.65,-73.96,LATAM,Maracaibo,Venezuela,6953,,9720,1004,40,0.1,24275,399.98,0.36,1,399.98,359.98,129.59,South America,CANCELED,,1004,45,,http://images.acmesports.sports/Field+%26+Stream+Sportsman+16+Gun+Fire+Safe,399.98,0,42152.87431,Standard Class,Field & Stream Sportsman 16 Gun Fire Safe,381
TRANSFER,3,4,41.4,89.99,Advance shipping,0,9,Cardio Equipment,Lancaster,EE. UU.,XXXXXXXXX,Michael,6351,Atkins,XXXXXXXXX,Home Office,PA,378 Hidden View,17601,3,Footwear,40.07,-76.35,LATAM,Maracaibo,Venezuela,6351,43041,52912,191,10,0.1,132279,99.99,0.46,1,99.99,89.99,41.4,South America,PENDING,,191,9,,http://images.acmesports.sports/Nike+Men%27s+Free+5.0%2B+Running+Shoe,99.99,0,42780.37778,Standard Class,Nike Men's Free 5.0+ Running Shoe,382
TRANSFER,3,4,140.99,299.98,Advance shipping,0,43,Camping & Hiking,Lancaster,EE. UU.,XXXXXXXXX,Michael,6351,Atkins,XXXXXXXXX,Home Office,PA,378 Hidden View,17601,7,Fan Shop,40.07,-76.35,LATAM,Maracaibo,Venezuela,6351,43041,52912,957,0,0,132283,299.98,0.47,1,299.98,299.98,140.99,South America,PENDING,,957,43,,http://images.acmesports.sports/Diamondback+Women%27s+Serene+Classic+Comfort+Bike+2014,299.98,0,42780.37778,Standard Class,Diamondback Women's Serene Classic Comfort Bi,383
TRANSFER,6,4,-29.83,263.98,Late delivery,1,43,Camping & Hiking,La Puente,EE. UU.,XXXXXXXXX,Mary,11682,Ferguson,XXXXXXXXX,Home Office,CA,7790 Broad Pond Crossing,91744,7,Fan Shop,34.03,-117.94,LATAM,Maracaibo,Venezuela,11682,42156,355,957,36,0.12,882,299.98,-0.11,1,299.98,263.98,-29.83,South America,PROCESSING,,957,43,,http://images.acmesports.sports/Diamondback+Women%27s+Serene+Classic+Comfort+Bike+2014,299.98,0,42016.16736,Standard Class,Diamondback Women's Serene Classic Comfort Bi,384
TRANSFER,6,4,26.1,90,Shipping canceled,0,24,Women's Apparel,Brooklyn,EE. UU.,XXXXXXXXX,Benjamin,6953,Smith,XXXXXXXXX,Home Office,NY,3307 Dusty Log Court,11226,5,Golf,40.65,-73.96,LATAM,Maracaibo,Venezuela,6953,,9720,502,10,0.1,24276,50,0.29,2,100,90,26.1,South America,CANCELED,,502,24,,http://images.acmesports.sports/Nike+Men%27s+Dri-FIT+Victory+Golf+Polo,50,0,42152.87431,Standard Class,Nike Men's Dri-FIT Victory Golf Polo,385
TRANSFER,3,4,34.3,98,Advance shipping,0,24,Women's Apparel,Lancaster,EE. UU.,XXXXXXXXX,Michael,6351,Atkins,XXXXXXXXX,Home Office,PA,378 Hidden View,17601,5,Golf,40.07,-76.35,LATAM,Maracaibo,Venezuela,6351,43041,52912,502,2,0.02,132281,50,0.35,2,100,98,34.3,South America,PENDING,,502,24,,http://images.acmesports.sports/Nike+Men%27s+Dri-FIT+Victory+Golf+Polo,50,0,42780.37778,Standard Class,Nike Men's Dri-FIT Victory Golf Polo,386
TRANSFER,6,4,49.88,147.58,Shipping canceled,0,17,Cleats,Brooklyn,EE. UU.,XXXXXXXXX,Benjamin,6953,Smith,XXXXXXXXX,Home Office,NY,3307 Dusty Log Court,11226,4,Apparel,40.65,-73.96,LATAM,Maracaibo,Venezuela,6953,,9720,365,32.38999939,0.18,24277,59.99,0.34,3,179.97,147.58,49.88,South America,CANCELED,,365,17,,http://images.acmesports.sports/Perfect+Fitness+Perfect+Rip+Deck,59.99,0,42152.87431,Standard Class,Perfect Fitness Perfect Rip Deck,387
TRANSFER,6,4,-17.17,151.96,Shipping canceled,0,29,Shop By Sport,Fayetteville,EE. UU.,XXXXXXXXX,Martha,9242,Smith,XXXXXXXXX,Home Office,NC,9676 Velvet Hill,28314,5,Golf,34.82,-78.6,LATAM,Maracaibo,Venezuela,9242,42738,54125,627,8,0.05,135337,39.99,-0.11,4,159.96,151.96,-17.17,South America,CANCELED,,627,29,,http://images.acmesports.sports/Under+Armour+Girls%27+Toddler+Spine+Surge+Running+Shoe,39.99,0,42801.08472,Standard Class,Under Armour Girls' Toddler Spine Surge Runni,388
TRANSFER,6,4,-8.36,132.77,Shipping canceled,0,29,Shop By Sport,Brooklyn,EE. UU.,XXXXXXXXX,Benjamin,6953,Smith,XXXXXXXXX,Home Office,NY,3307 Dusty Log Court,11226,5,Golf,40.65,-73.96,LATAM,Maracaibo,Venezuela,6953,,9720,627,27.19000053,0.17,24278,39.99,-0.06,4,159.96,132.77,-8.36,South America,CANCELED,,627,29,,http://images.acmesports.sports/Under+Armour+Girls%27+Toddler+Spine+Surge+Running+Shoe,39.99,0,42152.87431,Standard Class,Under Armour Girls' Toddler Spine Surge Runni,389
TRANSFER,3,4,52.92,189,Advance shipping,0,24,Women's Apparel,Lancaster,EE. UU.,XXXXXXXXX,Michael,6351,Atkins,XXXXXXXXX,Home Office,PA,378 Hidden View,17601,5,Golf,40.07,-76.35,LATAM,Maracaibo,Venezuela,6351,43041,52912,502,11,0.06,132282,50,0.28,4,200,189,52.92,South America,PENDING,,502,24,,http://images.acmesports.sports/Nike+Men%27s+Dri-FIT+Victory+Golf+Polo,50,0,42780.37778,Standard Class,Nike Men's Dri-FIT Victory Golf Polo,390
TRANSFER,6,4,132.28,269.96,Shipping canceled,0,17,Cleats,Fayetteville,EE. UU.,XXXXXXXXX,Martha,9242,Smith,XXXXXXXXX,Home Office,NC,9676 Velvet Hill,28314,4,Apparel,34.82,-78.6,LATAM,Maracaibo,Venezuela,9242,42738,54125,365,30,0.1,135339,59.99,0.49,5,299.95,269.96,132.28,South America,CANCELED,,365,17,,http://images.acmesports.sports/Perfect+Fitness+Perfect+Rip+Deck,59.99,0,42801.08472,Standard Class,Perfect Fitness Perfect Rip Deck,391
CASH,2,1,132.29,377.98,Late delivery,1,45,Fishing,Caguas,Puerto Rico,XXXXXXXXX,Paul,2107,Smith,XXXXXXXXX,Consumer,PR,8990 Rocky Lake Freeway,725,7,Fan Shop,18.3,-66.37,LATAM,Maracaibo,Venezuela,2107,,9724,1004,22,0.06,24288,399.98,0.35,1,399.98,377.98,132.29,South America,CLOSED,,1004,45,,http://images.acmesports.sports/Field+%26+Stream+Sportsman+16+Gun+Fire+Safe,399.98,0,42148.93333,First Class,Field & Stream Sportsman 16 Gun Fire Safe,392
PAYMENT,5,4,49.48,149.94,Late delivery,1,46,Indoor/Outdoor Games,Chicago,EE. UU.,XXXXXXXXX,Mary,9080,Macias,XXXXXXXXX,Home Office,IL,1531 Hazy Forest Plaza,60622,7,Fan Shop,41.9,-87.67,LATAM,Maracaibo,Venezuela,9080,,9719,1014,0,0,24270,49.98,0.33,3,149.94,149.94,49.48,South America,PENDING_PAYMENT,,1014,46,,http://images.acmesports.sports/O%27Brien+Men%27s+Neoprene+Life+Vest,49.98,0,42151.85972,Standard Class,O'Brien Men's Neoprene Life Vest,393
DEBIT,2,1,50.3,236.16,Late delivery,1,46,Indoor/Outdoor Games,Lithonia,EE. UU.,XXXXXXXXX,Andrea,4618,Smith,XXXXXXXXX,Corporate,GA,263 Harvest Wood,30058,7,Fan Shop,33.71,-84.11,LATAM,Maracaibo,Venezuela,4618,,9496,1014,13.73999977,0.06,23727,49.98,0.21,5,249.9,236.16,50.3,South America,ON_HOLD,,1014,46,,http://images.acmesports.sports/O%27Brien+Men%27s+Neoprene+Life+Vest,49.98,0,42145.60486,First Class,O'Brien Men's Neoprene Life Vest,394
DEBIT,6,4,64.32,247.4,Late delivery,1,46,Indoor/Outdoor Games,Hialeah,EE. UU.,XXXXXXXXX,Mary,6965,Chang,XXXXXXXXX,Corporate,FL,2059 Tawny View,33016,7,Fan Shop,25.88,-80.33,LATAM,Maracaibo,Venezuela,6965,42129,8550,1014,2.5,0.01,21335,49.98,0.26,5,249.9,247.4,64.32,South America,COMPLETE,,1014,46,,http://images.acmesports.sports/O%27Brien+Men%27s+Neoprene+Life+Vest,49.98,0,42135.79514,Standard Class,O'Brien Men's Neoprene Life Vest,395
DEBIT,6,4,67.59,146.94,Late delivery,1,46,Indoor/Outdoor Games,Hialeah,EE. UU.,XXXXXXXXX,Mary,6965,Chang,XXXXXXXXX,Corporate,FL,2059 Tawny View,33016,7,Fan Shop,25.88,-80.33,LATAM,Maracaibo,Venezuela,6965,42129,8550,1014,3,0.02,21334,49.98,0.46,3,149.94,146.94,67.59,South America,COMPLETE,,1014,46,,http://images.acmesports.sports/O%27Brien+Men%27s+Neoprene+Life+Vest,49.98,0,42135.79514,Standard Class,O'Brien Men's Neoprene Life Vest,396
DEBIT,6,2,-48.92,217.41,Late delivery,1,46,Indoor/Outdoor Games,Jacksonville,EE. UU.,XXXXXXXXX,Alice,74,Rush,XXXXXXXXX,Corporate,NC,409 Iron Park,28540,7,Fan Shop,29.47,-98.35,LATAM,Cabimas,Venezuela,74,,7815,1014,32.49000168,0.13,19549,49.98,-0.23,5,249.9,217.41,-48.92,South America,ON_HOLD,,1014,46,,http://images.acmesports.sports/O%27Brien+Men%27s+Neoprene+Life+Vest,49.98,0,42125.06597,Second Class,O'Brien Men's Neoprene Life Vest,397
PAYMENT,2,1,11.05,110.49,Late delivery,1,18,Men's Footwear,Caguas,Puerto Rico,XXXXXXXXX,Mary,2929,Smith,XXXXXXXXX,Consumer,PR,4715 Harvest Spring Vista,725,4,Apparel,18.27,-66.37,Africa,Zinder,Niger,2929,,46783,403,19.5,0.15,116971,129.99,0.1,1,129.99,110.49,11.05,West Africa,PENDING_PAYMENT,,403,18,,http://images.acmesports.sports/Nike+Men%27s+CJ+Elite+2+TD+Football+Cleat,129.99,0,42689.90903,First Class,Nike Men's CJ Elite 2 TD Football Cleat,398
PAYMENT,2,1,28.39,109.19,Late delivery,1,18,Men's Footwear,Caguas,Puerto Rico,XXXXXXXXX,Mary,2929,Smith,XXXXXXXXX,Consumer,PR,4715 Harvest Spring Vista,725,4,Apparel,18.27,-66.37,Africa,Zinder,Niger,2929,,46783,403,20.79999924,0.16,116969,129.99,0.26,1,129.99,109.19,28.39,West Africa,PENDING_PAYMENT,,403,18,,http://images.acmesports.sports/Nike+Men%27s+CJ+Elite+2+TD+Football+Cleat,129.99,0,42689.90903,First Class,Nike Men's CJ Elite 2 TD Football Cleat,399
PAYMENT,2,1,36.47,107.89,Late delivery,1,18,Men's Footwear,Caguas,Puerto Rico,XXXXXXXXX,Mary,2929,Smith,XXXXXXXXX,Consumer,PR,4715 Harvest Spring Vista,725,4,Apparel,18.27,-66.37,Africa,Zinder,Niger,2929,,46783,403,22.10000038,0.17,116968,129.99,0.34,1,129.99,107.89,36.47,West Africa,PENDING_PAYMENT,,403,18,,http://images.acmesports.sports/Nike+Men%27s+CJ+Elite+2+TD+Football+Cleat,129.99,0,42689.90903,First Class,Nike Men's CJ Elite 2 TD Football Cleat,400
PAYMENT,2,1,53.75,191.97,Late delivery,1,17,Cleats,Caguas,Puerto Rico,XXXXXXXXX,Mary,2929,Smith,XXXXXXXXX,Consumer,PR,4715 Harvest Spring Vista,725,4,Apparel,18.27,-66.37,Africa,Zinder,Niger,2929,,46783,365,47.99000168,0.2,116970,59.99,0.28,4,239.96,191.97,53.75,West Africa,PENDING_PAYMENT,,365,17,,http://images.acmesports.sports/Perfect+Fitness+Perfect+Rip+Deck,59.99,0,42689.90903,First Class,Perfect Fitness Perfect Rip Deck,401
TRANSFER,3,4,76.99,245.98,Advance shipping,0,43,Camping & Hiking,Caguas,Puerto Rico,XXXXXXXXX,Jane,10080,Smith,XXXXXXXXX,Corporate,PR,3189 Grand Concession,725,7,Fan Shop,18.29,-66.37,Africa,Zinder,Niger,10080,,46782,957,54,0.18,116966,299.98,0.31,1,299.98,245.98,76.99,West Africa,PENDING,,957,43,,http://images.acmesports.sports/Diamondback+Women%27s+Serene+Classic+Comfort+Bike+2014,299.98,0,42690.89444,Standard Class,Diamondback Women's Serene Classic Comfort Bi,402
TRANSFER,3,4,-199.91,239.98,Advance shipping,0,43,Camping & Hiking,Caguas,Puerto Rico,XXXXXXXXX,Jane,10080,Smith,XXXXXXXXX,Corporate,PR,3189 Grand Concession,725,7,Fan Shop,18.29,-66.37,Africa,Zinder,Niger,10080,,46782,957,60,0.2,116965,299.98,-0.83,1,299.98,239.98,-199.91,West Africa,PENDING,,957,43,,http://images.acmesports.sports/Diamondback+Women%27s+Serene+Classic+Comfort+Bike+2014,299.98,0,42690.89444,Standard Class,Diamondback Women's Serene Classic Comfort Bi,403
TRANSFER,3,4,134.39,383.98,Advance shipping,0,45,Fishing,Caguas,Puerto Rico,XXXXXXXXX,Jane,10080,Smith,XXXXXXXXX,Corporate,PR,3189 Grand Concession,725,7,Fan Shop,18.29,-66.37,Africa,Zinder,Niger,10080,,46782,1004,16,0.04,116967,399.98,0.35,1,399.98,383.98,134.39,West Africa,PENDING,,1004,45,,http://images.acmesports.sports/Field+%26+Stream+Sportsman+16+Gun+Fire+Safe,399.98,0,42690.89444,Standard Class,Field & Stream Sportsman 16 Gun Fire Safe,404
TRANSFER,3,4,76,379.98,Advance shipping,0,45,Fishing,Caguas,Puerto Rico,XXXXXXXXX,Jane,10080,Smith,XXXXXXXXX,Corporate,PR,3189 Grand Concession,725,7,Fan Shop,18.29,-66.37,Africa,Zinder,Niger,10080,,46782,1004,20,0.05,116964,399.98,0.2,1,399.98,379.98,76,West Africa,PENDING,,1004,45,,http://images.acmesports.sports/Field+%26+Stream+Sportsman+16+Gun+Fire+Safe,399.98,0,42690.89444,Standard Class,Field & Stream Sportsman 16 Gun Fire Safe,405
PAYMENT,2,2,39.26,89.22,Shipping on time,0,11,Fitness Accessories,Carlisle,EE. UU.,XXXXXXXXX,Michael,8703,Lozano,XXXXXXXXX,Consumer,PA,197 Quaking Trail,17013,3,Footwear,40.21,-77.19,Africa,Ziguinchor,Senegal,8703,,49566,235,15.75,0.15,123863,34.99,0.44,3,104.97,89.22,39.26,West Africa,PENDING_PAYMENT,,235,11,,http://images.acmesports.sports/Under+Armour+Hustle+Storm+Medium+Duffle+Bag,34.99,0,42730.53403,Second Class,Under Armour Hustle Storm Medium Duffle Bag,406
DEBIT,3,2,6.37,37.49,Late delivery,1,46,Indoor/Outdoor Games,Caguas,Puerto Rico,XXXXXXXXX,Mary,5436,Jones,XXXXXXXXX,Home Office,PR,6150 Bright Treasure Path,725,7,Fan Shop,18.25,-66.37,Africa,Ziguinchor,Senegal,5436,,49567,1014,12.5,0.25,123864,49.98,0.17,1,49.98,37.49,6.37,West Africa,COMPLETE,,1014,46,,http://images.acmesports.sports/O%27Brien+Men%27s+Neoprene+Life+Vest,49.98,0,42731.54861,Second Class,O'Brien Men's Neoprene Life Vest,407
DEBIT,3,2,49.13,109.18,Late delivery,1,17,Cleats,Caguas,Puerto Rico,XXXXXXXXX,Mary,5436,Jones,XXXXXXXXX,Home Office,PR,6150 Bright Treasure Path,725,4,Apparel,18.25,-66.37,Africa,Ziguinchor,Senegal,5436,,49567,365,10.80000019,0.09,123865,59.99,0.45,2,119.98,109.18,49.13,West Africa,COMPLETE,,365,17,,http://images.acmesports.sports/Perfect+Fitness+Perfect+Rip+Deck,59.99,0,42731.54861,Second Class,Perfect Fitness Perfect Rip Deck,408
TRANSFER,6,4,15,200,Late delivery,1,24,Women's Apparel,Long Beach,EE. UU.,XXXXXXXXX,Rachel,11160,Smith,XXXXXXXXX,Consumer,CA,3236 Grand Carrefour,90806,5,Golf,33.8,-118.19,Europe,Berdychiv,Ucrania,11160,,47380,502,50,0.2,118459,50,0.08,5,250,200,15,Eastern Europe,PROCESSING,,502,24,,http://images.acmesports.sports/Nike+Men%27s+Dri-FIT+Victory+Golf+Polo,50,0,42702.62361,Standard Class,Nike Men's Dri-FIT Victory Golf Polo,409
DEBIT,6,4,-9.77,59.96,Late delivery,1,36,Golf Balls,Caguas,Puerto Rico,XXXXXXXXX,Mary,9689,Moore,XXXXXXXXX,Corporate,PR,3996 Misty Vale,725,6,Outdoors,18.29,-66.37,Europe,Zhytomyr,Ucrania,9689,,51130,793,14.98999977,0.2,127787,14.99,-0.16,5,74.95,59.96,-9.77,Eastern Europe,COMPLETE,,793,36,,http://images.acmesports.sports/Hirzl+Women%27s+Hybrid+Golf+Glove,14.99,0,42757.36458,Standard Class,Hirzl Women's Hybrid Golf Glove,410
DEBIT,6,4,-24.7,123.49,Late delivery,1,18,Men's Footwear,Caguas,Puerto Rico,XXXXXXXXX,Mary,9689,Moore,XXXXXXXXX,Corporate,PR,3996 Misty Vale,725,4,Apparel,18.29,-66.37,Europe,Zhytomyr,Ucrania,9689,,51130,403,6.5,0.05,127788,129.99,-0.2,1,129.99,123.49,-24.7,Eastern Europe,COMPLETE,,403,18,,http://images.acmesports.sports/Nike+Men%27s+CJ+Elite+2+TD+Football+Cleat,129.99,0,42757.36458,Standard Class,Nike Men's CJ Elite 2 TD Football Cleat,411
DEBIT,2,4,4.05,44.99,Advance shipping,0,17,Cleats,Caguas,Puerto Rico,XXXXXXXXX,Mary,916,Smith,XXXXXXXXX,Corporate,PR,6280 Sleepy Brook Diversion,725,4,Apparel,18.22,-66.05,Europe,Zhytomyr,Ucrania,916,,51131,365,15,0.25,127790,59.99,0.09,1,59.99,44.99,4.05,Eastern Europe,COMPLETE,,365,17,,http://images.acmesports.sports/Perfect+Fitness+Perfect+Rip+Deck,59.99,0,42753.37917,Standard Class,Perfect Fitness Perfect Rip Deck,412
DEBIT,2,4,30.57,117.58,Advance shipping,0,17,Cleats,Caguas,Puerto Rico,XXXXXXXXX,Mary,916,Smith,XXXXXXXXX,Corporate,PR,6280 Sleepy Brook Diversion,725,4,Apparel,18.22,-66.05,Europe,Zhytomyr,Ucrania,916,,51131,365,2.400000095,0.02,127792,59.99,0.26,2,119.98,117.58,30.57,Eastern Europe,COMPLETE,,365,17,,http://images.acmesports.sports/Perfect+Fitness+Perfect+Rip+Deck,59.99,0,42753.37917,Standard Class,Perfect Fitness Perfect Rip Deck,413
DEBIT,2,4,55.86,116.38,Advance shipping,0,17,Cleats,Caguas,Puerto Rico,XXXXXXXXX,Mary,916,Smith,XXXXXXXXX,Corporate,PR,6280 Sleepy Brook Diversion,725,4,Apparel,18.22,-66.05,Europe,Zhytomyr,Ucrania,916,,51131,365,3.599999905,0.03,127791,59.99,0.48,2,119.98,116.38,55.86,Eastern Europe,COMPLETE,,365,17,,http://images.acmesports.sports/Perfect+Fitness+Perfect+Rip+Deck,59.99,0,42753.37917,Standard Class,Perfect Fitness Perfect Rip Deck,414
PAYMENT,5,4,54.6,181.99,Late delivery,1,48,Water Sports,Peoria,EE. UU.,XXXXXXXXX,Mary,7408,Holmes,XXXXXXXXX,Home Office,AZ,3412 Indian Timber Field,85345,7,Fan Shop,33.58,-112.27,Europe,Zhytomyr,Ucrania,7408,,51129,1073,18,0.09,127785,199.99,0.3,1,199.99,181.99,54.6,Eastern Europe,PENDING_PAYMENT,,1073,48,,http://images.acmesports.sports/Pelican+Sunstream+100+Kayak,199.99,0,42756.35,Standard Class,Pelican Sunstream 100 Kayak,415
TRANSFER,4,4,47.56,163.99,Shipping on time,0,48,Water Sports,Tucson,EE. UU.,XXXXXXXXX,Walter,4273,Osborne,XXXXXXXXX,Home Office,AZ,4839 Red Apple Arbor,85713,7,Fan Shop,32.2,-110.97,Europe,Zhytomyr,Ucrania,4273,42917,50523,1073,36,0.18,126243,199.99,0.29,1,199.99,163.99,47.56,Eastern Europe,PENDING,,1073,48,,http://images.acmesports.sports/Pelican+Sunstream+100+Kayak,199.99,0,42746.50417,Standard Class,Pelican Sunstream 100 Kayak,416
DEBIT,3,4,-2.44,56.69,Advance shipping,0,17,Cleats,Lansdale,EE. UU.,XXXXXXXXX,Megan,1712,Brown,XXXXXXXXX,Home Office,PA,1321 Cotton Horse Concession,19446,4,Apparel,40.25,-75.25,Europe,Zhytomyr,Ucrania,1712,42917,50522,365,3.299999952,0.06,126240,59.99,-0.04,1,59.99,56.69,-2.44,Eastern Europe,COMPLETE,,365,17,,http://images.acmesports.sports/Perfect+Fitness+Perfect+Rip+Deck,59.99,0,42745.48958,Standard Class,Perfect Fitness Perfect Rip Deck,417
TRANSFER,4,4,14.87,42.48,Shipping on time,0,46,Indoor/Outdoor Games,Tucson,EE. UU.,XXXXXXXXX,Walter,4273,Osborne,XXXXXXXXX,Home Office,AZ,4839 Red Apple Arbor,85713,7,Fan Shop,32.2,-110.97,Europe,Zhytomyr,Ucrania,4273,42917,50523,1014,7.5,0.15,126246,49.98,0.35,1,49.98,42.48,14.87,Eastern Europe,PENDING,,1014,46,,http://images.acmesports.sports/O%27Brien+Men%27s+Neoprene+Life+Vest,49.98,0,42746.50417,Standard Class,O'Brien Men's Neoprene Life Vest,418
CASH,2,4,50.6,187.43,Advance shipping,0,46,Indoor/Outdoor Games,Caguas,Puerto Rico,XXXXXXXXX,Jessica,51,Smith,XXXXXXXXX,Home Office,PR,8344 Dewy Fawn Farms,725,7,Fan Shop,18.23,-66.05,Europe,Zhytomyr,Ucrania,51,42917,50521,1014,62.47999954,0.25,126238,49.98,0.27,5,249.9,187.43,50.6,Eastern Europe,CLOSED,,1014,46,,http://images.acmesports.sports/O%27Brien+Men%27s+Neoprene+Life+Vest,49.98,0,42744.475,Standard Class,O'Brien Men's Neoprene Life Vest,419
TRANSFER,6,4,9.87,209.92,Late delivery,1,46,Indoor/Outdoor Games,Long Beach,EE. UU.,XXXXXXXXX,Rachel,11160,Smith,XXXXXXXXX,Consumer,CA,3236 Grand Carrefour,90806,7,Fan Shop,33.8,-118.19,Europe,Berdychiv,Ucrania,11160,,47380,1014,39.97999954,0.16,118460,49.98,0.05,5,249.9,209.92,9.87,Eastern Europe,PROCESSING,,1014,46,,http://images.acmesports.sports/O%27Brien+Men%27s+Neoprene+Life+Vest,49.98,0,42702.62361,Standard Class,O'Brien Men's Neoprene Life Vest,420
TRANSFER,5,4,51.85,207.42,Late delivery,1,46,Indoor/Outdoor Games,Caguas,Puerto Rico,XXXXXXXXX,Angela,7487,Smith,XXXXXXXXX,Consumer,PR,8478 Foggy Log Nook,725,7,Fan Shop,18.21,-66.37,Europe,Berdychiv,Ucrania,7487,,47379,1014,42.47999954,0.17,118457,49.98,0.25,5,249.9,207.42,51.85,Eastern Europe,PROCESSING,,1014,46,,http://images.acmesports.sports/O%27Brien+Men%27s+Neoprene+Life+Vest,49.98,0,42701.60903,Standard Class,O'Brien Men's Neoprene Life Vest,421
TRANSFER,6,4,23.46,50.99,Late delivery,1,17,Cleats,Long Beach,EE. UU.,XXXXXXXXX,Rachel,11160,Smith,XXXXXXXXX,Consumer,CA,3236 Grand Carrefour,90806,4,Apparel,33.8,-118.19,Europe,Berdychiv,Ucrania,11160,,47380,365,9,0.15,118461,59.99,0.46,1,59.99,50.99,23.46,Eastern Europe,PROCESSING,,365,17,,http://images.acmesports.sports/Perfect+Fitness+Perfect+Rip+Deck,59.99,0,42702.62361,Standard Class,Perfect Fitness Perfect Rip Deck,422
TRANSFER,6,4,125.27,260.98,Late delivery,1,43,Camping & Hiking,Long Beach,EE. UU.,XXXXXXXXX,Rachel,11160,Smith,XXXXXXXXX,Consumer,CA,3236 Grand Carrefour,90806,7,Fan Shop,33.8,-118.19,Europe,Berdychiv,Ucrania,11160,,47380,957,39,0.13,118462,299.98,0.48,1,299.98,260.98,125.27,Eastern Europe,PROCESSING,,957,43,,http://images.acmesports.sports/Diamondback+Women%27s+Serene+Classic+Comfort+Bike+2014,299.98,0,42702.62361,Standard Class,Diamondback Women's Serene Classic Comfort Bi,423
DEBIT,5,4,-140.74,192,Late delivery,1,24,Women's Apparel,Clearfield,EE. UU.,XXXXXXXXX,Mary,1980,Smith,XXXXXXXXX,Consumer,UT,2743 Velvet Timber Carrefour,84015,5,Golf,41.14,-112.08,Europe,Zhytomyr,Ucrania,1980,42917,50524,502,8,0.04,126247,50,-0.73,4,200,192,-140.74,Eastern Europe,COMPLETE,,502,24,,http://images.acmesports.sports/Nike+Men%27s+Dri-FIT+Victory+Golf+Polo,50,0,42747.51875,Standard Class,Nike Men's Dri-FIT Victory Golf Polo,424
CASH,2,4,43.09,110.49,Advance shipping,0,18,Men's Footwear,Caguas,Puerto Rico,XXXXXXXXX,Jessica,51,Smith,XXXXXXXXX,Home Office,PR,8344 Dewy Fawn Farms,725,4,Apparel,18.23,-66.05,Europe,Zhytomyr,Ucrania,51,42917,50521,403,19.5,0.15,126237,129.99,0.39,1,129.99,110.49,43.09,Eastern Europe,CLOSED,,403,18,,http://images.acmesports.sports/Nike+Men%27s+CJ+Elite+2+TD+Football+Cleat,129.99,0,42744.475,Standard Class,Nike Men's CJ Elite 2 TD Football Cleat,425
CASH,2,4,48.5,484.95,Advance shipping,0,9,Cardio Equipment,Caguas,Puerto Rico,XXXXXXXXX,Jessica,51,Smith,XXXXXXXXX,Home Office,PR,8344 Dewy Fawn Farms,725,3,Footwear,18.23,-66.05,Europe,Zhytomyr,Ucrania,51,42917,50521,191,15,0.03,126239,99.99,0.1,5,499.95,484.95,48.5,Eastern Europe,CLOSED,,191,9,,http://images.acmesports.sports/Nike+Men%27s+Free+5.0%2B+Running+Shoe,99.99,0,42744.475,Standard Class,Nike Men's Free 5.0+ Running Shoe,426
DEBIT,6,4,44.22,377.98,Late delivery,1,45,Fishing,Caguas,Puerto Rico,XXXXXXXXX,Mary,9689,Moore,XXXXXXXXX,Corporate,PR,3996 Misty Vale,725,7,Fan Shop,18.29,-66.37,Europe,Zhytomyr,Ucrania,9689,,51130,1004,22,0.06,127789,399.98,0.12,1,399.98,377.98,44.22,Eastern Europe,COMPLETE,,1004,45,,http://images.acmesports.sports/Field+%26+Stream+Sportsman+16+Gun+Fire+Safe,399.98,0,42757.36458,Standard Class,Field & Stream Sportsman 16 Gun Fire Safe,427
DEBIT,3,4,117.59,391.98,Advance shipping,0,45,Fishing,Lansdale,EE. UU.,XXXXXXXXX,Megan,1712,Brown,XXXXXXXXX,Home Office,PA,1321 Cotton Horse Concession,19446,7,Fan Shop,40.25,-75.25,Europe,Zhytomyr,Ucrania,1712,42917,50522,1004,8,0.02,126241,399.98,0.3,1,399.98,391.98,117.59,Eastern Europe,COMPLETE,,1004,45,,http://images.acmesports.sports/Field+%26+Stream+Sportsman+16+Gun+Fire+Safe,399.98,0,42745.48958,Standard Class,Field & Stream Sportsman 16 Gun Fire Safe,428
TRANSFER,5,4,137.19,391.98,Late delivery,1,45,Fishing,Caguas,Puerto Rico,XXXXXXXXX,Angela,7487,Smith,XXXXXXXXX,Consumer,PR,8478 Foggy Log Nook,725,7,Fan Shop,18.21,-66.37,Europe,Berdychiv,Ucrania,7487,,47379,1004,8,0.02,118456,399.98,0.35,1,399.98,391.98,137.19,Eastern Europe,PROCESSING,,1004,45,,http://images.acmesports.sports/Field+%26+Stream+Sportsman+16+Gun+Fire+Safe,399.98,0,42701.60903,Standard Class,Field & Stream Sportsman 16 Gun Fire Safe,429
TRANSFER,6,4,-559.97,319.98,Late delivery,1,45,Fishing,Fremont,EE. UU.,XXXXXXXXX,Sandra,6114,Nguyen,XXXXXXXXX,Home Office,CA,3050 Silent Cape,94539,7,Fan Shop,37.49,-121.93,Europe,Zhytomyr,Ucrania,6114,42440,46045,1004,80,0.2,115093,399.98,-1.75,1,399.98,319.98,-559.97,Eastern Europe,PENDING,,1004,45,,http://images.acmesports.sports/Field+%26+Stream+Sportsman+16+Gun+Fire+Safe,399.98,0,42683.13542,Standard Class,Field & Stream Sportsman 16 Gun Fire Safe,430
TRANSFER,5,4,22.32,359.96,Late delivery,1,9,Cardio Equipment,Caguas,Puerto Rico,XXXXXXXXX,Angela,7487,Smith,XXXXXXXXX,Consumer,PR,8478 Foggy Log Nook,725,3,Footwear,18.21,-66.37,Europe,Berdychiv,Ucrania,7487,,47379,191,40,0.1,118458,99.99,0.06,4,399.96,359.96,22.32,Eastern Europe,PROCESSING,,191,9,,http://images.acmesports.sports/Nike+Men%27s+Free+5.0%2B+Running+Shoe,99.99,0,42701.60903,Standard Class,Nike Men's Free 5.0+ Running Shoe,431
PAYMENT,5,4,69.75,278.98,Late delivery,1,43,Camping & Hiking,Peoria,EE. UU.,XXXXXXXXX,Mary,7408,Holmes,XXXXXXXXX,Home Office,AZ,3412 Indian Timber Field,85345,7,Fan Shop,33.58,-112.27,Europe,Zhytomyr,Ucrania,7408,,51129,957,21,0.07,127786,299.98,0.25,1,299.98,278.98,69.75,Eastern Europe,PENDING_PAYMENT,,957,43,,http://images.acmesports.sports/Diamondback+Women%27s+Serene+Classic+Comfort+Bike+2014,299.98,0,42756.35,Standard Class,Diamondback Women's Serene Classic Comfort Bi,432
PAYMENT,5,4,-183.4,239.12,Late delivery,1,12,Boxing & MMA,Peoria,EE. UU.,XXXXXXXXX,Mary,7408,Holmes,XXXXXXXXX,Home Office,AZ,3412 Indian Timber Field,85345,3,Footwear,33.58,-112.27,Europe,Zhytomyr,Ucrania,7408,,51129,249,35.72999954,0.13,127784,54.97,-0.77,5,274.85,239.12,-183.4,Eastern Europe,PENDING_PAYMENT,,249,12,,http://images.acmesports.sports/Under+Armour+Women%27s+Micro+G+Skulpt+Running+Shoe,54.97,0,42756.35,Standard Class,Under Armour Women's Micro G Skulpt Running S,433
TRANSFER,4,4,35.4,113.09,Shipping on time,0,18,Men's Footwear,Tucson,EE. UU.,XXXXXXXXX,Walter,4273,Osborne,XXXXXXXXX,Home Office,AZ,4839 Red Apple Arbor,85713,4,Apparel,32.2,-110.97,Europe,Zhytomyr,Ucrania,4273,42917,50523,403,16.89999962,0.13,126244,129.99,0.31,1,129.99,113.09,35.4,Eastern Europe,PENDING,,403,18,,http://images.acmesports.sports/Nike+Men%27s+CJ+Elite+2+TD+Football+Cleat,129.99,0,42746.50417,Standard Class,Nike Men's CJ Elite 2 TD Football Cleat,434
TRANSFER,4,4,0,33.19,Shipping on time,0,29,Shop By Sport,Tucson,EE. UU.,XXXXXXXXX,Walter,4273,Osborne,XXXXXXXXX,Home Office,AZ,4839 Red Apple Arbor,85713,5,Golf,32.2,-110.97,Europe,Zhytomyr,Ucrania,4273,42917,50523,627,6.800000191,0.17,126245,39.99,0,1,39.99,33.19,0,Eastern Europe,PENDING,,627,29,,http://images.acmesports.sports/Under+Armour+Girls%27+Toddler+Spine+Surge+Running+Shoe,39.99,0,42746.50417,Standard Class,Under Armour Girls' Toddler Spine Surge Runni,435
TRANSFER,4,4,28.56,101.98,Shipping on time,0,17,Cleats,Tucson,EE. UU.,XXXXXXXXX,Walter,4273,Osborne,XXXXXXXXX,Home Office,AZ,4839 Red Apple Arbor,85713,4,Apparel,32.2,-110.97,Europe,Zhytomyr,Ucrania,4273,42917,50523,365,18,0.15,126242,59.99,0.28,2,119.98,101.98,28.56,Eastern Europe,PENDING,,365,17,,http://images.acmesports.sports/Perfect+Fitness+Perfect+Rip+Deck,59.99,0,42746.50417,Standard Class,Perfect Fitness Perfect Rip Deck,436
TRANSFER,6,4,-317.75,205,Late delivery,1,24,Women's Apparel,Fremont,EE. UU.,XXXXXXXXX,Sandra,6114,Nguyen,XXXXXXXXX,Home Office,CA,3050 Silent Cape,94539,5,Golf,37.49,-121.93,Europe,Zhytomyr,Ucrania,6114,42440,46045,502,45,0.18,115094,50,-1.55,5,250,205,-317.75,Eastern Europe,PENDING,,502,24,,http://images.acmesports.sports/Nike+Men%27s+Dri-FIT+Victory+Golf+Polo,50,0,42683.13542,Standard Class,Nike Men's Dri-FIT Victory Golf Polo,437
TRANSFER,6,4,29.93,76.75,Late delivery,1,41,Trade-In,Fremont,EE. UU.,XXXXXXXXX,Sandra,6114,Nguyen,XXXXXXXXX,Home Office,CA,3050 Silent Cape,94539,6,Outdoors,37.49,-121.93,Europe,Zhytomyr,Ucrania,6114,42440,46045,926,3.200000048,0.04,115092,15.99,0.39,5,79.95,76.75,29.93,Eastern Europe,PENDING,,926,41,,http://images.acmesports.sports/Glove+It+Imperial+Golf+Towel,15.99,0,42683.13542,Standard Class,Glove It Imperial Golf Towel,438
CASH,6,2,22.95,85,Late delivery,1,24,Women's Apparel,Caguas,Puerto Rico,XXXXXXXXX,Melissa,5319,Harrison,XXXXXXXXX,Consumer,PR,6424 Easy Forest Gate,725,5,Golf,18.21,-66.37,Europe,Zhytomyr,Ucrania,5319,,44750,502,15,0.15,111774,50,0.27,2,100,85,22.95,Eastern Europe,CLOSED,,502,24,,http://images.acmesports.sports/Nike+Men%27s+Dri-FIT+Victory+Golf+Polo,50,0,42664.23194,Second Class,Nike Men's Dri-FIT Victory Golf Polo,439
CASH,6,2,39.48,84,Late delivery,1,24,Women's Apparel,Caguas,Puerto Rico,XXXXXXXXX,Melissa,5319,Harrison,XXXXXXXXX,Consumer,PR,6424 Easy Forest Gate,725,5,Golf,18.21,-66.37,Europe,Zhytomyr,Ucrania,5319,,44750,502,16,0.16,111773,50,0.47,2,100,84,39.48,Eastern Europe,CLOSED,,502,24,,http://images.acmesports.sports/Nike+Men%27s+Dri-FIT+Victory+Golf+Polo,50,0,42664.23194,Second Class,Nike Men's Dri-FIT Victory Golf Polo,440
CASH,6,2,46.16,170.97,Late delivery,1,17,Cleats,Caguas,Puerto Rico,XXXXXXXXX,Melissa,5319,Harrison,XXXXXXXXX,Consumer,PR,6424 Easy Forest Gate,725,4,Apparel,18.21,-66.37,Europe,Zhytomyr,Ucrania,5319,,44750,365,9,0.05,111775,59.99,0.27,3,179.97,170.97,46.16,Eastern Europe,CLOSED,,365,17,,http://images.acmesports.sports/Perfect+Fitness+Perfect+Rip+Deck,59.99,0,42664.23194,Second Class,Perfect Fitness Perfect Rip Deck,441
TRANSFER,5,4,-179.97,224.96,Late delivery,1,17,Cleats,Caguas,Puerto Rico,XXXXXXXXX,Angela,7487,Smith,XXXXXXXXX,Consumer,PR,8478 Foggy Log Nook,725,4,Apparel,18.21,-66.37,Europe,Berdychiv,Ucrania,7487,,47379,365,74.98999786,0.25,118455,59.99,-0.8,5,299.95,224.96,-179.97,Eastern Europe,PROCESSING,,365,17,,http://images.acmesports.sports/Perfect+Fitness+Perfect+Rip+Deck,59.99,0,42701.60903,Standard Class,Perfect Fitness Perfect Rip Deck,442
TRANSFER,4,4,0,268.76,Shipping on time,0,73,Sporting Goods,Dallas,EE. UU.,XXXXXXXXX,Taylor,19446,Wood,XXXXXXXXX,Corporate,TX,9879 Harvest Deer Farms,75211,2,Fitness,32.75,-96.87,Pacific Asia,Yiwu,China,19446,43435,75893,1360,59,0.18,179208,327.75,0,1,327.75,268.76,0,Eastern Asia,PROCESSING,,1360,73,,http://images.acmesports.sports/Smart+watch ,327.75,0,43116.84722,Standard Class,Smart watch ,443
CASH,6,4,128.02,304.81,Late delivery,1,73,Sporting Goods,Caguas,Puerto Rico,XXXXXXXXX,Renee,16713,Nelson,XXXXXXXXX,Consumer,PR,9843 Grand Circle,725,2,Fitness,18.24,-66.04,Pacific Asia,Wenzhou,China,16713,42806,73160,1360,22.94000053,0.07,176475,327.75,0.42,1,327.75,304.81,128.02,Eastern Asia,CLOSED,,1360,73,,http://images.acmesports.sports/Smart+watch ,327.75,0,43078.95208,Standard Class,Smart watch ,444
DEBIT,5,4,108.27,298.25,Late delivery,1,73,Sporting Goods,Riverside,EE. UU.,XXXXXXXXX,Aphrodite,16712,Leon,XXXXXXXXX,Home Office,CA,9008 Old Lane,92507,2,Fitness,32.85,-116.61,Pacific Asia,Wenzhou,China,16712,42806,73159,1360,29.5,0.09,176474,327.75,0.36,1,327.75,298.25,108.27,Eastern Asia,COMPLETE,,1360,73,,http://images.acmesports.sports/Smart+watch ,327.75,0,43077.9375,Standard Class,Smart watch ,445
TRANSFER,2,4,37.12,296.95,Advance shipping,0,17,Cleats,Caguas,Puerto Rico,XXXXXXXXX,Mary,7101,Smith,XXXXXXXXX,Consumer,PR,9503 Hazy Pine Edge,725,4,Apparel,18.27,-66.37,Pacific Asia,Hangzhou,China,7101,42016,22926,365,3,0.01,57393,59.99,0.13,5,299.95,296.95,37.12,Eastern Asia,PROCESSING,,365,17,,http://images.acmesports.sports/Perfect+Fitness+Perfect+Rip+Deck,59.99,0,42341.65139,Standard Class,Perfect Fitness Perfect Rip Deck,446
TRANSFER,2,4,46.2,210,Advance shipping,0,24,Women's Apparel,Caguas,Puerto Rico,XXXXXXXXX,Mary,7101,Smith,XXXXXXXXX,Consumer,PR,9503 Hazy Pine Edge,725,5,Golf,18.27,-66.37,Pacific Asia,Hangzhou,China,7101,42016,22926,502,40,0.16,57392,50,0.22,5,250,210,46.2,Eastern Asia,PROCESSING,,502,24,,http://images.acmesports.sports/Nike+Men%27s+Dri-FIT+Victory+Golf+Polo,50,0,42341.65139,Standard Class,Nike Men's Dri-FIT Victory Golf Polo,447
TRANSFER,4,4,11.48,40.98,Shipping canceled,0,40,Accessories,Bakersfield,EE. UU.,XXXXXXXXX,Nathan,2153,Price,XXXXXXXXX,Corporate,CA,3692 Dewy Butterfly Cape,93307,6,Outdoors,35.31,-119.01,Pacific Asia,Hangzhou,China,2153,,28988,893,9,0.18,72527,24.99,0.28,2,49.98,40.98,11.48,Eastern Asia,SUSPECTED_FRAUD,,893,40,,http://images.acmesports.sports/Team+Golf+Pittsburgh+Steelers+Putter+Grip,24.99,0,42432.14306,Standard Class,Team Golf Pittsburgh Steelers Putter Grip,448
TRANSFER,3,4,13.38,39.6,Advance shipping,0,7,Hockey,San Diego,EE. UU.,XXXXXXXXX,Mary,12192,Carlson,XXXXXXXXX,Consumer,CA,5104 Rustic Downs,92114,2,Fitness,32.75,-117.2,Pacific Asia,Hangzhou,China,12192,,24952,135,4.400000095,0.1,62525,22,0.34,2,44,39.6,13.38,Eastern Asia,PENDING,,135,7,,http://images.acmesports.sports/Nike+Dri-FIT+Crew+Sock+6+Pack,22,0,42372.22639,Standard Class,Nike Dri-FIT Crew Sock 6 Pack,449
DEBIT,6,4,76.63,218.95,Late delivery,1,71,Music,Albuquerque,EE. UU.,XXXXXXXXX,Susan,18953,Berry,XXXXXXXXX,Corporate,NM,4435 Silent Bear Road,87111,9,Discs Shop,35.14,-106.54,Pacific Asia,Lanxi,China,18953,43221,75400,1358,41.70000076,0.16,178715,260.65,0.35,1,260.65,218.95,76.63,Eastern Asia,COMPLETE,,1358,71,,http://images.acmesports.sports/Rock+music,260.65,0,43111.65069,Standard Class,Rock music,450
DEBIT,4,4,0.82,9.37,Shipping on time,0,61,CDs ,Las Vegas,EE. UU.,XXXXXXXXX,Melanie,17806,Craft,XXXXXXXXX,Corporate,NV,8987 Foggy Hill,89103,9,Discs Shop,36.11,-115.21,Pacific Asia,Wenling,China,17806,,74253,1348,1.919999957,0.17,177568,11.29,0.09,1,11.29,9.37,0.82,Eastern Asia,COMPLETE,,1348,61,,http://images.acmesports.sports/CDs+of+rock,11.29,0,43092.90694,Standard Class,CDs of rock,451
DEBIT,5,4,-23.66,118.29,Late delivery,1,18,Men's Footwear,Chesapeake,EE. UU.,XXXXXXXXX,Mary,5316,Harris,XXXXXXXXX,Corporate,VA,8839 Quiet Leaf Range,23320,4,Apparel,36.78,-76.22,Pacific Asia,Hangzhou,China,5316,,28984,403,11.69999981,0.09,72517,129.99,-0.2,1,129.99,118.29,-23.66,Eastern Asia,ON_HOLD,,403,18,,http://images.acmesports.sports/Nike+Men%27s+CJ+Elite+2+TD+Football+Cleat,129.99,0,42433.08472,Standard Class,Nike Men's CJ Elite 2 TD Football Cleat,452
TRANSFER,3,4,3.28,109.17,Advance shipping,0,29,Shop By Sport,Los Angeles,EE. UU.,XXXXXXXXX,Charles,7340,Taylor,XXXXXXXXX,Corporate,CA,8081 Rustic Concession,90016,5,Golf,34.03,-118.36,Pacific Asia,Hangzhou,China,7340,,28987,627,10.80000019,0.09,72525,39.99,0.03,3,119.97,109.17,3.28,Eastern Asia,PENDING,,627,29,,http://images.acmesports.sports/Under+Armour+Girls%27+Toddler+Spine+Surge+Running+Shoe,39.99,0,42431.12847,Standard Class,Under Armour Girls' Toddler Spine Surge Runni,453
TRANSFER,4,4,-6,120,Shipping canceled,0,24,Women's Apparel,Bakersfield,EE. UU.,XXXXXXXXX,Nathan,2153,Price,XXXXXXXXX,Corporate,CA,3692 Dewy Butterfly Cape,93307,5,Golf,35.31,-119.01,Pacific Asia,Hangzhou,China,2153,,28988,502,30,0.2,72529,50,-0.05,3,150,120,-6,Eastern Asia,SUSPECTED_FRAUD,,502,24,,http://images.acmesports.sports/Nike+Men%27s+Dri-FIT+Victory+Golf+Polo,50,0,42432.14306,Standard Class,Nike Men's Dri-FIT Victory Golf Polo,454
PAYMENT,4,4,61.74,447.37,Shipping on time,0,68,Garden,Caguas,Puerto Rico,XXXXXXXXX,Kelsey,15436,Hunter,XXXXXXXXX,Home Office,PR,4210 Dewy Round,725,6,Outdoors,18.28,-66.04,Pacific Asia,Yiwu,China,15436,,71883,1355,85.20999908,0.16,175198,532.58,0.14,1,532.58,447.37,61.74,Eastern Asia,PENDING_PAYMENT,,1355,68,,http://images.acmesports.sports/Lawn+mower,532.58,0,43058.31042,Standard Class,Lawn mower,455
DEBIT,2,4,26.94,122.45,Advance shipping,0,40,Accessories,Fresno,EE. UU.,XXXXXXXXX,George,9195,Johns,XXXXXXXXX,Consumer,CA,8383 Jagged Street,93727,6,Outdoors,36.72,-119.94,Pacific Asia,Hangzhou,China,9195,42615,27716,906,2.5,0.02,69388,24.99,0.22,5,124.95,122.45,26.94,Eastern Asia,COMPLETE,,906,40,,http://images.acmesports.sports/Team+Golf+Tennessee+Volunteers+Putter+Grip,24.99,0,42411.57431,Standard Class,Team Golf Tennessee Volunteers Putter Grip,456
TRANSFER,2,1,-32.23,257.88,Shipping canceled,0,69,Health and Beauty,Caguas,Puerto Rico,XXXXXXXXX,Orli,15799,Vang,XXXXXXXXX,Home Office,PR,4806 Sunny Forest Heath,725,12,Health and Beauty ,18.28,-66.04,Pacific Asia,Ningbo,China,15799,,72246,1356,35.15999985,0.12,175561,293.04,-0.13,1,293.04,257.88,-32.23,Eastern Asia,SUSPECTED_FRAUD,,1356,69,,http://images.acmesports.sports/First+aid+kit,293.04,0,43061.60972,First Class,First aid kit,457
DEBIT,4,4,-41.75,196,Shipping on time,0,24,Women's Apparel,Brighton,EE. UU.,XXXXXXXXX,Louis,10138,Kennedy,XXXXXXXXX,Corporate,MA,8981 Harvest Hills Path,2135,5,Golf,42.35,-71.15,Pacific Asia,Ningbo,China,10138,42016,22923,502,4,0.02,57382,50,-0.21,4,200,196,-41.75,Eastern Asia,COMPLETE,,502,24,,http://images.acmesports.sports/Nike+Men%27s+Dri-FIT+Victory+Golf+Polo,50,0,42343.60764,Standard Class,Nike Men's Dri-FIT Victory Golf Polo,458
TRANSFER,4,4,0,263.96,Shipping canceled,0,17,Cleats,Long Beach,EE. UU.,XXXXXXXXX,Lawrence,2462,Kent,XXXXXXXXX,Consumer,CA,8400 Sunny Quail Lookout,90806,4,Apparel,33.8,-118.19,Pacific Asia,Ningbo,China,2462,42046,20958,365,35.99000168,0.12,52375,59.99,0,5,299.95,263.96,0,Eastern Asia,CANCELED,,365,17,,http://images.acmesports.sports/Perfect+Fitness+Perfect+Rip+Deck,59.99,0,42314.92361,Standard Class,Perfect Fitness Perfect Rip Deck,459
TRANSFER,3,4,52.19,173.96,Advance shipping,0,29,Shop By Sport,Buffalo,EE. UU.,XXXXXXXXX,Johnny,5048,Smith,XXXXXXXXX,Consumer,NY,3367 Merry Mews,14215,5,Golf,42.94,-78.8,Pacific Asia,Ningbo,China,5048,42584,27657,627,25.98999977,0.13,69232,39.99,0.3,5,199.95,173.96,52.19,Eastern Asia,PENDING,,627,29,,http://images.acmesports.sports/Under+Armour+Girls%27+Toddler+Spine+Surge+Running+Shoe,39.99,0,42411.71319,Standard Class,Under Armour Girls' Toddler Spine Surge Runni,460
PAYMENT,2,1,18.21,70.05,Late delivery,1,72,Pet Supplies,Reno,EE. UU.,XXXXXXXXX,Ila,16579,Blake,XXXXXXXXX,Consumer,NV,9144 Pleasant Pointe,89502,11,Pet Shop,39.56,-119.08,Pacific Asia,Hangzhou,China,16579,42747,73026,1359,14.35000038,0.17,176341,84.4,0.26,1,84.4,70.05,18.21,Eastern Asia,PENDING_PAYMENT,,1359,72,,http://images.acmesports.sports/Adult+dog+supplies,84.4,0,43072.99583,First Class,Adult dog supplies,461
DEBIT,3,4,28.5,1425,Advance shipping,0,64,Computers,Caguas,Puerto Rico,XXXXXXXXX,Mia,18060,Wall,XXXXXXXXX,Consumer,PR,363 Indian Berry Abbey,725,10,Technology,18.23,-66.04,Pacific Asia,Jinhua,China,18060,,74507,1351,75,0.05,177822,1500,0.02,1,1500,1425,28.5,Eastern Asia,COMPLETE,,1351,64,,http://images.acmesports.sports/Dell+Laptop,1500,0,43095.61528,Standard Class,Dell Laptop,462
DEBIT,4,4,23.63,67.52,Shipping on time,0,72,Pet Supplies,Caguas,Puerto Rico,XXXXXXXXX,Vera,19181,Mcdaniel,XXXXXXXXX,Consumer,PR,4251 Sleepy View Alley,725,11,Pet Shop,18.26,-66.04,Pacific Asia,Ningbo,China,19181,43313,75628,1359,16.87999916,0.2,178943,84.4,0.35,1,84.4,67.52,23.63,Eastern Asia,COMPLETE,,1359,72,,http://images.acmesports.sports/Adult+dog+supplies,84.4,0,43112.97917,Standard Class,Adult dog supplies,463
DEBIT,5,4,4.59,52.79,Late delivery,1,17,Cleats,Caguas,Puerto Rico,XXXXXXXXX,Mary,1798,Kaiser,XXXXXXXXX,Consumer,PR,8874 Harvest Hills Grove,725,4,Apparel,18.21,-66.37,Pacific Asia,Yiwu,China,1798,42047,22979,365,7.199999809,0.12,57511,59.99,0.09,1,59.99,52.79,4.59,Eastern Asia,COMPLETE,,365,17,,http://images.acmesports.sports/Perfect+Fitness+Perfect+Rip+Deck,59.99,0,42345.42569,Standard Class,Perfect Fitness Perfect Rip Deck,464
DEBIT,2,4,87.32,278.98,Advance shipping,0,43,Camping & Hiking,Caguas,Puerto Rico,XXXXXXXXX,Jennifer,12291,Sims,XXXXXXXXX,Consumer,PR,3289 Thunder Prairie Inlet,725,7,Fan Shop,18.21,-66.37,Pacific Asia,Ningbo,China,12291,42046,20956,957,21,0.07,52370,299.98,0.31,1,299.98,278.98,87.32,Eastern Asia,COMPLETE,,957,43,,http://images.acmesports.sports/Diamondback+Women%27s+Serene+Classic+Comfort+Bike+2014,299.98,0,42312.89444,Standard Class,Diamondback Women's Serene Classic Comfort Bi,465
DEBIT,2,4,98.27,272.98,Advance shipping,0,43,Camping & Hiking,Caguas,Puerto Rico,XXXXXXXXX,Jennifer,12291,Sims,XXXXXXXXX,Consumer,PR,3289 Thunder Prairie Inlet,725,7,Fan Shop,18.21,-66.37,Pacific Asia,Ningbo,China,12291,42046,20956,957,27,0.09,52369,299.98,0.36,1,299.98,272.98,98.27,Eastern Asia,COMPLETE,,957,43,,http://images.acmesports.sports/Diamondback+Women%27s+Serene+Classic+Comfort+Bike+2014,299.98,0,42312.89444,Standard Class,Diamondback Women's Serene Classic Comfort Bi,466
DEBIT,2,4,91.25,269.98,Advance shipping,0,43,Camping & Hiking,Caguas,Puerto Rico,XXXXXXXXX,Mary,3453,Smith,XXXXXXXXX,Consumer,PR,4316 Misty Way,725,7,Fan Shop,18.28,-66.37,Pacific Asia,Jinhua,China,3453,42136,23216,957,30,0.1,58129,299.98,0.34,1,299.98,269.98,91.25,Eastern Asia,COMPLETE,,957,43,,http://images.acmesports.sports/Diamondback+Women%27s+Serene+Classic+Comfort+Bike+2014,299.98,0,42345.88472,Standard Class,Diamondback Women's Serene Classic Comfort Bi,467
DEBIT,2,4,126.71,263.98,Advance shipping,0,43,Camping & Hiking,Caguas,Puerto Rico,XXXXXXXXX,Mary,3453,Smith,XXXXXXXXX,Consumer,PR,4316 Misty Way,725,7,Fan Shop,18.28,-66.37,Pacific Asia,Jinhua,China,3453,42136,23216,957,36,0.12,58127,299.98,0.48,1,299.98,263.98,126.71,Eastern Asia,COMPLETE,,957,43,,http://images.acmesports.sports/Diamondback+Women%27s+Serene+Classic+Comfort+Bike+2014,299.98,0,42345.88472,Standard Class,Diamondback Women's Serene Classic Comfort Bi,468
DEBIT,2,4,3.32,37.76,Advance shipping,0,75,Video Games,Caguas,Puerto Rico,XXXXXXXXX,Angelica,19824,Dill,XXXXXXXXX,Consumer,PR,4063 Little Creek Court,725,9,Discs Shop,18.24,-66.04,Pacific Asia,Wenling,China,19824,,76271,1362,1.99000001,0.05,179586,39.75,0.09,1,39.75,37.76,3.32,Eastern Asia,COMPLETE,,1362,75,,http://images.acmesports.sports/Fighting+video+games,39.75,0,43120.36528,Standard Class,Fighting video games,469
DEBIT,4,4,30.9,67.18,Shipping on time,0,11,Fitness Accessories,Caguas,Puerto Rico,XXXXXXXXX,Mary,8374,Myers,XXXXXXXXX,Consumer,PR,1430 Gentle Diversion,725,3,Footwear,18.3,-66.37,Pacific Asia,Hangzhou,China,8374,,28983,235,2.799999952,0.04,72516,34.99,0.46,2,69.98,67.18,30.9,Eastern Asia,COMPLETE,,235,11,,http://images.acmesports.sports/Under+Armour+Hustle+Storm+Medium+Duffle+Bag,34.99,0,42432.07014,Standard Class,Under Armour Hustle Storm Medium Duffle Bag,470
DEBIT,5,4,42.52,113.38,Late delivery,1,17,Cleats,Caguas,Puerto Rico,XXXXXXXXX,Mary,1798,Kaiser,XXXXXXXXX,Consumer,PR,8874 Harvest Hills Grove,725,4,Apparel,18.21,-66.37,Pacific Asia,Yiwu,China,1798,42047,22979,365,6.599999905,0.06,57507,59.99,0.38,2,119.98,113.38,42.52,Eastern Asia,COMPLETE,,365,17,,http://images.acmesports.sports/Perfect+Fitness+Perfect+Rip+Deck,59.99,0,42345.42569,Standard Class,Perfect Fitness Perfect Rip Deck,471
DEBIT,3,4,-49.83,67.98,Advance shipping,0,29,Shop By Sport,Caguas,Puerto Rico,XXXXXXXXX,Jason,9407,Washington,XXXXXXXXX,Consumer,PR,5486 Golden Bluff Field,725,5,Golf,18.21,-66.37,Pacific Asia,Ningbo,China,9407,42046,20957,627,12,0.15,52371,39.99,-0.73,2,79.98,67.98,-49.83,Eastern Asia,COMPLETE,,627,29,,http://images.acmesports.sports/Under+Armour+Girls%27+Toddler+Spine+Surge+Running+Shoe,39.99,0,42313.90903,Standard Class,Under Armour Girls' Toddler Spine Surge Runni,472
DEBIT,2,4,27.72,84,Advance shipping,0,24,Women's Apparel,Caguas,Puerto Rico,XXXXXXXXX,Mary,3453,Smith,XXXXXXXXX,Consumer,PR,4316 Misty Way,725,5,Golf,18.28,-66.37,Pacific Asia,Jinhua,China,3453,42136,23216,502,16,0.16,58125,50,0.33,2,100,84,27.72,Eastern Asia,COMPLETE,,502,24,,http://images.acmesports.sports/Nike+Men%27s+Dri-FIT+Victory+Golf+Polo,50,0,42345.88472,Standard Class,Nike Men's Dri-FIT Victory Golf Polo,473
CASH,3,4,13.2,263.98,Advance shipping,0,43,Camping & Hiking,Oceanside,EE. UU.,XXXXXXXXX,James,5016,Rangel,XXXXXXXXX,Corporate,CA,1213 Quaking Plaza,92056,7,Fan Shop,33.19,-117.36,Pacific Asia,Jinhua,China,5016,,27987,957,36,0.12,70037,299.98,0.05,1,299.98,263.98,13.2,Eastern Asia,CLOSED,,957,43,,http://images.acmesports.sports/Diamondback+Women%27s+Serene+Classic+Comfort+Bike+2014,299.98,0,42416.53056,Standard Class,Diamondback Women's Serene Classic Comfort Bi,474
DEBIT,2,1,7.09,70.9,Late delivery,1,72,Pet Supplies,Caguas,Puerto Rico,XXXXXXXXX,Ann,16580,Kane,XXXXXXXXX,Corporate,PR,8478 Foggy Log Nook,725,11,Pet Shop,18.27,-66.04,Pacific Asia,Hangzhou,China,16580,42778,73027,1359,13.5,0.16,176342,84.4,0.1,1,84.4,70.9,7.09,Eastern Asia,COMPLETE,,1359,72,,http://images.acmesports.sports/Adult+dog+supplies,84.4,0,43073.01042,First Class,Adult dog supplies,475
DEBIT,6,4,117.01,248.96,Late delivery,1,17,Cleats,Seattle,EE. UU.,XXXXXXXXX,Richard,1971,Stokes,XXXXXXXXX,Corporate,WA,2865 Blue Rise Way,98115,4,Apparel,47.68,-122.32,Pacific Asia,Yuyao,China,1971,42493,29410,365,50.99000168,0.17,73577,59.99,0.47,5,299.95,248.96,117.01,Eastern Asia,COMPLETE,,365,17,,http://images.acmesports.sports/Perfect+Fitness+Perfect+Rip+Deck,59.99,0,42440.30278,Standard Class,Perfect Fitness Perfect Rip Deck,476
PAYMENT,2,1,10.66,106.59,Late delivery,1,18,Men's Footwear,Aurora,EE. UU.,XXXXXXXXX,Tyler,8757,Gutierrez,XXXXXXXXX,Corporate,CO,7694 Velvet Turnabout,80012,4,Apparel,39.7,-104.84,Pacific Asia,Linhai,China,8757,42491,25346,403,23.39999962,0.18,63480,129.99,0.1,1,129.99,106.59,10.66,Eastern Asia,PAYMENT_REVIEW,,403,18,,http://images.acmesports.sports/Nike+Men%27s+CJ+Elite+2+TD+Football+Cleat,129.99,0,42376.97778,First Class,Nike Men's CJ Elite 2 TD Football Cleat,477
PAYMENT,2,1,19.8,44,Late delivery,1,24,Women's Apparel,Aurora,EE. UU.,XXXXXXXXX,Tyler,8757,Gutierrez,XXXXXXXXX,Corporate,CO,7694 Velvet Turnabout,80012,5,Golf,39.7,-104.84,Pacific Asia,Linhai,China,8757,42491,25346,502,6,0.12,63479,50,0.45,1,50,44,19.8,Eastern Asia,PAYMENT_REVIEW,,502,24,,http://images.acmesports.sports/Nike+Men%27s+Dri-FIT+Victory+Golf+Polo,50,0,42376.97778,First Class,Nike Men's Dri-FIT Victory Golf Polo,478
PAYMENT,2,1,54.99,116.99,Late delivery,1,18,Men's Footwear,Orlando,EE. UU.,XXXXXXXXX,Cynthia,4793,Macdonald,XXXXXXXXX,Corporate,FL,547 Quaking Cider Bay,32822,4,Apparel,28.08,-80.57,Pacific Asia,Shaoxing,China,4793,,20643,403,13,0.1,51575,129.99,0.47,1,129.99,116.99,54.99,Eastern Asia,PENDING_PAYMENT,,403,18,,http://images.acmesports.sports/Nike+Men%27s+CJ+Elite+2+TD+Football+Cleat,129.99,0,42308.325,First Class,Nike Men's CJ Elite 2 TD Football Cleat,479
PAYMENT,2,1,16.07,32.79,Late delivery,1,29,Shop By Sport,Orlando,EE. UU.,XXXXXXXXX,Cynthia,4793,Macdonald,XXXXXXXXX,Corporate,FL,547 Quaking Cider Bay,32822,5,Golf,28.08,-80.57,Pacific Asia,Shaoxing,China,4793,,20643,627,7.199999809,0.18,51574,39.99,0.49,1,39.99,32.79,16.07,Eastern Asia,PENDING_PAYMENT,,627,29,,http://images.acmesports.sports/Under+Armour+Girls%27+Toddler+Spine+Surge+Running+Shoe,39.99,0,42308.325,First Class,Under Armour Girls' Toddler Spine Surge Runni,480
TRANSFER,5,4,-8.09,113.97,Late delivery,1,29,Shop By Sport,Caguas,Puerto Rico,XXXXXXXXX,Olivia,11678,Smith,XXXXXXXXX,Home Office,PR,7358 Gentle Manor,725,5,Golf,18.21,-66.37,Pacific Asia,Ningbo,China,11678,42584,27654,627,6,0.05,69227,39.99,-0.07,3,119.97,113.97,-8.09,Eastern Asia,PENDING,,627,29,,http://images.acmesports.sports/Under+Armour+Girls%27+Toddler+Spine+Surge+Running+Shoe,39.99,0,42413.66944,Standard Class,Under Armour Girls' Toddler Spine Surge Runni,481
TRANSFER,5,4,39.12,283.45,Late delivery,1,17,Cleats,Caguas,Puerto Rico,XXXXXXXXX,Olivia,11678,Smith,XXXXXXXXX,Home Office,PR,7358 Gentle Manor,725,4,Apparel,18.21,-66.37,Pacific Asia,Ningbo,China,11678,42584,27654,365,16.5,0.06,69229,59.99,0.14,5,299.95,283.45,39.12,Eastern Asia,PENDING,,365,17,,http://images.acmesports.sports/Perfect+Fitness+Perfect+Rip+Deck,59.99,0,42413.66944,Standard Class,Perfect Fitness Perfect Rip Deck,482
TRANSFER,3,4,10.88,28.78,Advance shipping,0,36,Golf Balls,Buffalo,EE. UU.,XXXXXXXXX,Johnny,5048,Smith,XXXXXXXXX,Consumer,NY,3367 Merry Mews,14215,6,Outdoors,42.94,-78.8,Pacific Asia,Ningbo,China,5048,42584,27657,793,1.200000048,0.04,69233,14.99,0.38,2,29.98,28.78,10.88,Eastern Asia,PENDING,,793,36,,http://images.acmesports.sports/Hirzl+Women%27s+Hybrid+Golf+Glove,14.99,0,42411.71319,Standard Class,Hirzl Women's Hybrid Golf Glove,483
TRANSFER,4,4,32.33,65.97,Shipping on time,0,35,Golf Gloves,Granite City,EE. UU.,XXXXXXXXX,Katherine,1124,Cain,XXXXXXXXX,Consumer,IL,5214 Colonial Square,62040,6,Outdoors,38.76,-90.1,Pacific Asia,Ninghai,China,1124,42402,27233,778,9,0.12,68226,24.99,0.49,3,74.97,65.97,32.33,Eastern Asia,PENDING,,778,35,,http://images.acmesports.sports/Bag+Boy+Beverage+Holder,24.99,0,42406.52361,Standard Class,Bag Boy Beverage Holder,484
CASH,3,4,10.08,47.98,Advance shipping,0,35,Golf Gloves,Bronx,EE. UU.,XXXXXXXXX,George,10674,Morton,XXXXXXXXX,Home Office,NY,5161 Crystal Quail Jetty,10466,6,Outdoors,40.89,-73.86,Pacific Asia,Jinhua,China,10674,42136,23217,778,2,0.04,58130,24.99,0.21,2,49.98,47.98,10.08,Eastern Asia,CLOSED,,778,35,,http://images.acmesports.sports/Bag+Boy+Beverage+Holder,24.99,0,42346.89931,Standard Class,Bag Boy Beverage Holder,485
TRANSFER,3,4,-5.66,25.17,Advance shipping,0,35,Golf Gloves,Los Angeles,EE. UU.,XXXXXXXXX,Charles,7340,Taylor,XXXXXXXXX,Corporate,CA,8081 Rustic Concession,90016,6,Outdoors,34.03,-118.36,Pacific Asia,Hangzhou,China,7340,,28987,775,4.800000191,0.16,72523,9.99,-0.23,3,29.97,25.17,-5.66,Eastern Asia,PENDING,,775,35,,http://images.acmesports.sports/Clicgear+8.0+Shoe+Brush,9.99,0,42431.12847,Standard Class,Clicgear 8.0 Shoe Brush,486
TRANSFER,3,4,5.27,18.18,Advance shipping,0,35,Golf Gloves,Buffalo,EE. UU.,XXXXXXXXX,Johnny,5048,Smith,XXXXXXXXX,Consumer,NY,3367 Merry Mews,14215,6,Outdoors,42.94,-78.8,Pacific Asia,Ningbo,China,5048,42584,27657,775,1.799999952,0.09,69234,9.99,0.29,2,19.98,18.18,5.27,Eastern Asia,PENDING,,775,35,,http://images.acmesports.sports/Clicgear+8.0+Shoe+Brush,9.99,0,42411.71319,Standard Class,Clicgear 8.0 Shoe Brush,487
DEBIT,2,2,57.39,163.96,Shipping on time,0,35,Golf Gloves,Philadelphia,EE. UU.,XXXXXXXXX,Mary,8247,Smith,XXXXXXXXX,Consumer,PA,5057 Fallen Knoll,19134,6,Outdoors,39.99,-75.11,Pacific Asia,Shangyu,China,8247,,22141,771,35.99000168,0.18,55420,39.99,0.35,5,199.95,163.96,57.39,Eastern Asia,COMPLETE,,771,35,,http://images.acmesports.sports/Clicgear+Rovic+Cooler+Bag,39.99,0,42330.19236,Second Class,Clicgear Rovic Cooler Bag,488
CASH,5,4,58.03,120.89,Late delivery,1,18,Men's Footwear,Staten Island,EE. UU.,XXXXXXXXX,Nicholas,12226,Smith,XXXXXXXXX,Consumer,NY,3612 Silver Autumn Extension,10314,4,Apparel,40.58,-74.16,Pacific Asia,Wenzhou,China,12226,,21869,403,9.100000381,0.07,54685,129.99,0.48,1,129.99,120.89,58.03,Eastern Asia,CLOSED,,403,18,,http://images.acmesports.sports/Nike+Men%27s+CJ+Elite+2+TD+Football+Cleat,129.99,0,42329.22222,Standard Class,Nike Men's CJ Elite 2 TD Football Cleat,489
CASH,5,4,11.64,24.24,Late delivery,1,40,Accessories,Staten Island,EE. UU.,XXXXXXXXX,Nicholas,12226,Smith,XXXXXXXXX,Consumer,NY,3612 Silver Autumn Extension,10314,6,Outdoors,40.58,-74.16,Pacific Asia,Wenzhou,China,12226,,21869,897,0.75,0.03,54684,24.99,0.48,1,24.99,24.24,11.64,Eastern Asia,CLOSED,,897,40,,http://images.acmesports.sports/Team+Golf+New+England+Patriots+Putter+Grip,24.99,0,42329.22222,Standard Class,Team Golf New England Patriots Putter Grip,490
CASH,2,4,69.99,199.98,Advance shipping,0,9,Cardio Equipment,Carmichael,EE. UU.,XXXXXXXXX,Philip,7297,Smith,XXXXXXXXX,Consumer,CA,7814 Colonial Bluff Concession,95608,3,Footwear,38.62,-121.32,Pacific Asia,Jinhua,China,7297,,27986,191,0,0,70036,99.99,0.35,2,199.98,199.98,69.99,Eastern Asia,CLOSED,,191,9,,http://images.acmesports.sports/Nike+Men%27s+Free+5.0%2B+Running+Shoe,99.99,0,42415.51597,Standard Class,Nike Men's Free 5.0+ Running Shoe,491
CASH,5,4,82.89,176.37,Late delivery,1,17,Cleats,Staten Island,EE. UU.,XXXXXXXXX,Nicholas,12226,Smith,XXXXXXXXX,Consumer,NY,3612 Silver Autumn Extension,10314,4,Apparel,40.58,-74.16,Pacific Asia,Wenzhou,China,12226,,21869,365,3.599999905,0.02,54686,59.99,0.47,3,179.97,176.37,82.89,Eastern Asia,CLOSED,,365,17,,http://images.acmesports.sports/Perfect+Fitness+Perfect+Rip+Deck,59.99,0,42329.22222,Standard Class,Perfect Fitness Perfect Rip Deck,492
CASH,5,4,72.62,151.29,Late delivery,1,37,Electronics,Staten Island,EE. UU.,XXXXXXXXX,Nicholas,12226,Smith,XXXXXXXXX,Consumer,NY,3612 Silver Autumn Extension,10314,6,Outdoors,40.58,-74.16,Pacific Asia,Wenzhou,China,12226,,21869,823,4.679999828,0.03,54687,51.99,0.48,3,155.97,151.29,72.62,Eastern Asia,CLOSED,,823,37,,http://images.acmesports.sports/Titleist+Pro+V1x+High+Numbers+Personalized+Golf+Balls,51.99,0,42329.22222,Standard Class,Titleist Pro V1x High Numbers Personalized Go,493
PAYMENT,0,0,48.94,130.5,Shipping on time,0,24,Women's Apparel,El Paso,EE. UU.,XXXXXXXXX,Mary,11690,Jenkins,XXXXXXXXX,Consumer,TX,4477 Quaking Court,79936,5,Golf,31.74,-106.3,Pacific Asia,Wenling,China,11690,42554,29529,502,19.5,0.13,73892,50,0.38,3,150,130.5,48.94,Eastern Asia,PENDING_PAYMENT,,502,24,,http://images.acmesports.sports/Nike+Men%27s+Dri-FIT+Victory+Golf+Polo,50,0,42436.54028,Same Day,Nike Men's Dri-FIT Victory Golf Polo,494
PAYMENT,0,0,108,225,Shipping on time,0,24,Women's Apparel,El Paso,EE. UU.,XXXXXXXXX,Mary,11690,Jenkins,XXXXXXXXX,Consumer,TX,4477 Quaking Court,79936,5,Golf,31.74,-106.3,Pacific Asia,Wenling,China,11690,42554,29529,502,25,0.1,73893,50,0.48,5,250,225,108,Eastern Asia,PENDING_PAYMENT,,502,24,,http://images.acmesports.sports/Nike+Men%27s+Dri-FIT+Victory+Golf+Polo,50,0,42436.54028,Same Day,Nike Men's Dri-FIT Victory Golf Polo,495
PAYMENT,3,2,12,239.98,Late delivery,1,43,Camping & Hiking,Ann Arbor,EE. UU.,XXXXXXXXX,Judith,12189,Hicks,XXXXXXXXX,Consumer,MI,1666 Sunny View,48103,7,Fan Shop,42.27,-83.77,Pacific Asia,Shaoxing,China,12189,,20642,957,60,0.2,51573,299.98,0.05,1,299.98,239.98,12,Eastern Asia,PENDING_PAYMENT,,957,43,,http://images.acmesports.sports/Diamondback+Women%27s+Serene+Classic+Comfort+Bike+2014,299.98,0,42309.31042,Second Class,Diamondback Women's Serene Classic Comfort Bi,496
PAYMENT,3,2,114.74,254.97,Late delivery,1,9,Cardio Equipment,Ann Arbor,EE. UU.,XXXXXXXXX,Judith,12189,Hicks,XXXXXXXXX,Consumer,MI,1666 Sunny View,48103,3,Footwear,42.27,-83.77,Pacific Asia,Shaoxing,China,12189,,20642,191,45,0.15,51571,99.99,0.45,3,299.97,254.97,114.74,Eastern Asia,PENDING_PAYMENT,,191,9,,http://images.acmesports.sports/Nike+Men%27s+Free+5.0%2B+Running+Shoe,99.99,0,42309.31042,Second Class,Nike Men's Free 5.0+ Running Shoe,497
PAYMENT,3,2,48.11,178.17,Late delivery,1,17,Cleats,Ann Arbor,EE. UU.,XXXXXXXXX,Judith,12189,Hicks,XXXXXXXXX,Consumer,MI,1666 Sunny View,48103,4,Apparel,42.27,-83.77,Pacific Asia,Shaoxing,China,12189,,20642,365,1.799999952,0.01,51572,59.99,0.27,3,179.97,178.17,48.11,Eastern Asia,PENDING_PAYMENT,,365,17,,http://images.acmesports.sports/Perfect+Fitness+Perfect+Rip+Deck,59.99,0,42309.31042,Second Class,Perfect Fitness Perfect Rip Deck,498
DEBIT,6,2,-20.13,114.39,Late delivery,1,18,Men's Footwear,Caguas,Puerto Rico,XXXXXXXXX,Mary,7918,Kemp,XXXXXXXXX,Corporate,PR,2070 Crystal Timber Gardens,725,4,Apparel,18.25,-66.37,Pacific Asia,Huzhou,China,7918,,25960,403,15.60000038,0.12,64986,129.99,-0.18,1,129.99,114.39,-20.13,Eastern Asia,COMPLETE,,403,18,,http://images.acmesports.sports/Nike+Men%27s+CJ+Elite+2+TD+Football+Cleat,129.99,0,42389.94097,Second Class,Nike Men's CJ Elite 2 TD Football Cleat,499
DEBIT,6,2,-41.23,24.25,Late delivery,1,26,Girls' Apparel,Caguas,Puerto Rico,XXXXXXXXX,Mary,7918,Kemp,XXXXXXXXX,Corporate,PR,2070 Crystal Timber Gardens,725,5,Golf,18.25,-66.37,Pacific Asia,Huzhou,China,7918,,25960,567,0.75,0.03,64987,25,-1.7,1,25,24.25,-41.23,Eastern Asia,COMPLETE,,567,26,,http://images.acmesports.sports/adidas+Men%27s+Germany+Black+Crest+Away+Tee,25,0,42389.94097,Second Class,adidas Men's Germany Black Crest Away Tee,500
DEBIT,6,2,9.74,34.79,Late delivery,1,29,Shop By Sport,Caguas,Puerto Rico,XXXXXXXXX,Mary,7918,Kemp,XXXXXXXXX,Corporate,PR,2070 Crystal Timber Gardens,725,5,Golf,18.25,-66.37,Pacific Asia,Huzhou,China,7918,,25960,627,5.199999809,0.13,64985,39.99,0.28,1,39.99,34.79,9.74,Eastern Asia,COMPLETE,,627,29,,http://images.acmesports.sports/Under+Armour+Girls%27+Toddler+Spine+Surge+Running+Shoe,39.99,0,42389.94097,Second Class,Under Armour Girls' Toddler Spine Surge Runni,501
DEBIT,6,2,107.98,224.96,Late delivery,1,17,Cleats,Caguas,Puerto Rico,XXXXXXXXX,Mary,7918,Kemp,XXXXXXXXX,Corporate,PR,2070 Crystal Timber Gardens,725,4,Apparel,18.25,-66.37,Pacific Asia,Huzhou,China,7918,,25960,365,74.98999786,0.25,64984,59.99,0.48,5,299.95,224.96,107.98,Eastern Asia,COMPLETE,,365,17,,http://images.acmesports.sports/Perfect+Fitness+Perfect+Rip+Deck,59.99,0,42389.94097,Second Class,Perfect Fitness Perfect Rip Deck,502
DEBIT,2,4,95.82,283.48,Advance shipping,0,43,Camping & Hiking,Caguas,Puerto Rico,XXXXXXXXX,Katherine,10511,Smith,XXXXXXXXX,Corporate,PR,6127 Pleasant Wagon  Campus,725,7,Fan Shop,18.28,-66.37,Pacific Asia,Hangzhou,China,10511,42553,27556,957,16.5,0.06,68976,299.98,0.34,1,299.98,283.48,95.82,Eastern Asia,COMPLETE,,957,43,,http://images.acmesports.sports/Diamondback+Women%27s+Serene+Classic+Comfort+Bike+2014,299.98,0,42409.23889,Standard Class,Diamondback Women's Serene Classic Comfort Bi,503
PAYMENT,6,4,19.48,39.75,Late delivery,1,75,Video Games,Hamilton,EE. UU.,XXXXXXXXX,Katelyn,19793,Kim,XXXXXXXXX,Corporate,OH,9439 Pleasant Rise Falls,45013,9,Discs Shop,39.29,-84.7,Pacific Asia,Hangzhou,China,19793,,76240,1362,0,0,179555,39.75,0.49,1,39.75,39.75,19.48,Eastern Asia,PENDING_PAYMENT,,1362,75,,http://images.acmesports.sports/Fighting+video+games,39.75,0,43123.91319,Standard Class,Fighting video games,504
DEBIT,1,0,39.47,126.09,Late delivery,1,18,Men's Footwear,Mount Pleasant,EE. UU.,XXXXXXXXX,Mary,2528,Acevedo,XXXXXXXXX,Corporate,MI,3901 Iron Parade,48858,4,Apparel,43.62,-84.61,Pacific Asia,Ninghai,China,2528,42402,27234,403,3.900000095,0.03,68228,129.99,0.31,1,129.99,126.09,39.47,Eastern Asia,COMPLETE,,403,18,,http://images.acmesports.sports/Nike+Men%27s+CJ+Elite+2+TD+Football+Cleat,129.99,0,42403.03819,Same Day,Nike Men's CJ Elite 2 TD Football Cleat,505
DEBIT,1,0,84.15,247.5,Late delivery,1,24,Women's Apparel,Mount Pleasant,EE. UU.,XXXXXXXXX,Mary,2528,Acevedo,XXXXXXXXX,Corporate,MI,3901 Iron Parade,48858,5,Golf,43.62,-84.61,Pacific Asia,Ninghai,China,2528,42402,27234,502,2.5,0.01,68229,50,0.34,5,250,247.5,84.15,Eastern Asia,COMPLETE,,502,24,,http://images.acmesports.sports/Nike+Men%27s+Dri-FIT+Victory+Golf+Polo,50,0,42403.03819,Same Day,Nike Men's Dri-FIT Victory Golf Polo,506
DEBIT,2,1,0.53,10.5,Late delivery,1,74,Toys,Caguas,Puerto Rico,XXXXXXXXX,Stella,17013,Jensen,XXXXXXXXX,Corporate,PR,1966 Easy Trace,725,7,Fan Shop,18.21,-66.04,Pacific Asia,Hangzhou,China,17013,42959,73460,1361,1.039999962,0.09,176775,11.54,0.05,1,11.54,10.5,0.53,Eastern Asia,COMPLETE,,1361,74,,http://images.acmesports.sports/Toys ,11.54,0,43079.33125,First Class,Toys ,507
PAYMENT,2,1,2.97,11.42,Late delivery,1,74,Toys,Hialeah,EE. UU.,XXXXXXXXX,Signe,16984,Key,XXXXXXXXX,Consumer,FL,8492 Round Path,33016,7,Fan Shop,25.88,-80.33,Pacific Asia,Shangyu,China,16984,42928,73431,1361,0.119999997,0.01,176746,11.54,0.26,1,11.54,11.42,2.97,Eastern Asia,PENDING_PAYMENT,,1361,74,,http://images.acmesports.sports/Toys ,11.54,0,43078.90764,First Class,Toys ,508
PAYMENT,1,0,-0.97,11.31,Late delivery,1,74,Toys,Van Nuys,EE. UU.,XXXXXXXXX,Deanna,16983,Shields,XXXXXXXXX,Consumer,CA,8428 Gentle Rise Canyon,91405,7,Fan Shop,34.22,-118.45,Pacific Asia,Shangyu,China,16983,42928,73430,1361,0.230000004,0.02,176745,11.54,-0.09,1,11.54,11.31,-0.97,Eastern Asia,PENDING_PAYMENT,,1361,74,,http://images.acmesports.sports/Toys ,11.54,0,43077.39306,Same Day,Toys ,509
PAYMENT,5,4,4.93,11.19,Late delivery,1,74,Toys,Riverside,EE. UU.,XXXXXXXXX,Kai,16982,Farmer,XXXXXXXXX,Consumer,CA,7502 Hidden Glen,92509,7,Fan Shop,34.03,-117.37,Pacific Asia,Shangyu,China,16982,42928,73429,1361,0.349999994,0.03,176744,11.54,0.44,1,11.54,11.19,4.93,Eastern Asia,PENDING_PAYMENT,,1361,74,,http://images.acmesports.sports/Toys ,11.54,0,43081.87847,Standard Class,Toys ,510
DEBIT,3,4,33,263.97,Advance shipping,0,9,Cardio Equipment,Caguas,Puerto Rico,XXXXXXXXX,Jason,9407,Washington,XXXXXXXXX,Consumer,PR,5486 Golden Bluff Field,725,3,Footwear,18.21,-66.37,Pacific Asia,Ningbo,China,9407,42046,20957,191,36,0.12,52374,99.99,0.13,3,299.97,263.97,33,Eastern Asia,COMPLETE,,191,9,,http://images.acmesports.sports/Nike+Men%27s+Free+5.0%2B+Running+Shoe,99.99,0,42313.90903,Standard Class,Nike Men's Free 5.0+ Running Shoe,511
DEBIT,3,4,-156.44,203.97,Advance shipping,0,17,Cleats,Caguas,Puerto Rico,XXXXXXXXX,Jason,9407,Washington,XXXXXXXXX,Consumer,PR,5486 Golden Bluff Field,725,4,Apparel,18.21,-66.37,Pacific Asia,Ningbo,China,9407,42046,20957,365,35.99000168,0.15,52372,59.99,-0.77,4,239.96,203.97,-156.44,Eastern Asia,COMPLETE,,365,17,,http://images.acmesports.sports/Perfect+Fitness+Perfect+Rip+Deck,59.99,0,42313.90903,Standard Class,Perfect Fitness Perfect Rip Deck,512
DEBIT,5,4,62.99,179.97,Late delivery,1,17,Cleats,Caguas,Puerto Rico,XXXXXXXXX,Mary,1798,Kaiser,XXXXXXXXX,Consumer,PR,8874 Harvest Hills Grove,725,4,Apparel,18.21,-66.37,Pacific Asia,Yiwu,China,1798,42047,22979,365,59.99000168,0.25,57510,59.99,0.35,4,239.96,179.97,62.99,Eastern Asia,COMPLETE,,365,17,,http://images.acmesports.sports/Perfect+Fitness+Perfect+Rip+Deck,59.99,0,42345.42569,Standard Class,Perfect Fitness Perfect Rip Deck,513
DEBIT,3,4,56.32,155.16,Advance shipping,0,29,Shop By Sport,Caguas,Puerto Rico,XXXXXXXXX,Jason,9407,Washington,XXXXXXXXX,Consumer,PR,5486 Golden Bluff Field,725,5,Golf,18.21,-66.37,Pacific Asia,Ningbo,China,9407,42046,20957,627,4.800000191,0.03,52373,39.99,0.36,4,159.96,155.16,56.32,Eastern Asia,COMPLETE,,627,29,,http://images.acmesports.sports/Under+Armour+Girls%27+Toddler+Spine+Surge+Running+Shoe,39.99,0,42313.90903,Standard Class,Under Armour Girls' Toddler Spine Surge Runni,514
DEBIT,5,4,80.99,224.96,Late delivery,1,17,Cleats,Caguas,Puerto Rico,XXXXXXXXX,Mary,1798,Kaiser,XXXXXXXXX,Consumer,PR,8874 Harvest Hills Grove,725,4,Apparel,18.21,-66.37,Pacific Asia,Yiwu,China,1798,42047,22979,365,74.98999786,0.25,57508,59.99,0.36,5,299.95,224.96,80.99,Eastern Asia,COMPLETE,,365,17,,http://images.acmesports.sports/Perfect+Fitness+Perfect+Rip+Deck,59.99,0,42345.42569,Standard Class,Perfect Fitness Perfect Rip Deck,515
DEBIT,2,4,86.4,240,Advance shipping,0,24,Women's Apparel,Caguas,Puerto Rico,XXXXXXXXX,Jennifer,12291,Sims,XXXXXXXXX,Consumer,PR,3289 Thunder Prairie Inlet,725,5,Golf,18.21,-66.37,Pacific Asia,Ningbo,China,12291,42046,20956,502,10,0.04,52368,50,0.36,5,250,240,86.4,Eastern Asia,COMPLETE,,502,24,,http://images.acmesports.sports/Nike+Men%27s+Dri-FIT+Victory+Golf+Polo,50,0,42312.89444,Standard Class,Nike Men's Dri-FIT Victory Golf Polo,516
DEBIT,0,0,139.99,499.95,Shipping on time,0,9,Cardio Equipment,Dallas,EE. UU.,XXXXXXXXX,Michael,7892,Hayes,XXXXXXXXX,Consumer,TX,7094 Lost Heath,75228,3,Footwear,32.81,-96.69,Pacific Asia,Ningbo,China,7892,,24337,191,0,0,60878,99.99,0.28,5,499.95,499.95,139.99,Eastern Asia,COMPLETE,,191,9,,http://images.acmesports.sports/Nike+Men%27s+Free+5.0%2B+Running+Shoe,99.99,0,42360.74931,Same Day,Nike Men's Free 5.0+ Running Shoe,517
DEBIT,2,2,9.23,118.29,Shipping on time,0,18,Men's Footwear,Philadelphia,EE. UU.,XXXXXXXXX,Mary,8247,Smith,XXXXXXXXX,Consumer,PA,5057 Fallen Knoll,19134,4,Apparel,39.99,-75.11,Pacific Asia,Shangyu,China,8247,,22141,403,11.69999981,0.09,55422,129.99,0.08,1,129.99,118.29,9.23,Eastern Asia,COMPLETE,,403,18,,http://images.acmesports.sports/Nike+Men%27s+CJ+Elite+2+TD+Football+Cleat,129.99,0,42330.19236,Second Class,Nike Men's CJ Elite 2 TD Football Cleat,518
DEBIT,2,2,40.95,116.99,Shipping on time,0,18,Men's Footwear,Philadelphia,EE. UU.,XXXXXXXXX,Mary,8247,Smith,XXXXXXXXX,Consumer,PA,5057 Fallen Knoll,19134,4,Apparel,39.99,-75.11,Pacific Asia,Shangyu,China,8247,,22141,403,13,0.1,55421,129.99,0.35,1,129.99,116.99,40.95,Eastern Asia,COMPLETE,,403,18,,http://images.acmesports.sports/Nike+Men%27s+CJ+Elite+2+TD+Football+Cleat,129.99,0,42330.19236,Second Class,Nike Men's CJ Elite 2 TD Football Cleat,519
DEBIT,5,2,12.78,113.09,Late delivery,1,18,Men's Footwear,Edison,EE. UU.,XXXXXXXXX,Karen,3128,Turner,XXXXXXXXX,Consumer,NJ,40 Pleasant Brook Trace,8817,4,Apparel,40.52,-74.39,Pacific Asia,Huzhou,China,3128,,25959,403,16.89999962,0.13,64982,129.99,0.11,1,129.99,113.09,12.78,Eastern Asia,COMPLETE,,403,18,,http://images.acmesports.sports/Nike+Men%27s+CJ+Elite+2+TD+Football+Cleat,129.99,0,42388.92639,Second Class,Nike Men's CJ Elite 2 TD Football Cleat,520
DEBIT,5,2,41.43,110.49,Late delivery,1,18,Men's Footwear,Edison,EE. UU.,XXXXXXXXX,Karen,3128,Turner,XXXXXXXXX,Consumer,NJ,40 Pleasant Brook Trace,8817,4,Apparel,40.52,-74.39,Pacific Asia,Huzhou,China,3128,,25959,403,19.5,0.15,64981,129.99,0.38,1,129.99,110.49,41.43,Eastern Asia,COMPLETE,,403,18,,http://images.acmesports.sports/Nike+Men%27s+CJ+Elite+2+TD+Football+Cleat,129.99,0,42388.92639,Second Class,Nike Men's CJ Elite 2 TD Football Cleat,521
DEBIT,5,2,-133.03,201.57,Late delivery,1,17,Cleats,Edison,EE. UU.,XXXXXXXXX,Karen,3128,Turner,XXXXXXXXX,Consumer,NJ,40 Pleasant Brook Trace,8817,4,Apparel,40.52,-74.39,Pacific Asia,Huzhou,China,3128,,25959,365,38.38999939,0.16,64979,59.99,-0.66,4,239.96,201.57,-133.03,Eastern Asia,COMPLETE,,365,17,,http://images.acmesports.sports/Perfect+Fitness+Perfect+Rip+Deck,59.99,0,42388.92639,Second Class,Perfect Fitness Perfect Rip Deck,522
DEBIT,2,4,13.39,178.52,Advance shipping,0,37,Electronics,Caguas,Puerto Rico,XXXXXXXXX,Katherine,10511,Smith,XXXXXXXXX,Corporate,PR,6127 Pleasant Wagon  Campus,725,6,Outdoors,18.28,-66.37,Pacific Asia,Hangzhou,China,10511,42553,27556,818,13.43999958,0.07,68977,47.99,0.08,4,191.96,178.52,13.39,Eastern Asia,COMPLETE,,818,37,,http://images.acmesports.sports/Titleist+Pro+V1x+Golf+Balls,47.99,0,42409.23889,Standard Class,Titleist Pro V1x Golf Balls,523
PAYMENT,1,0,73.12,216.34,Late delivery,1,71,Music,Caguas,Puerto Rico,XXXXXXXXX,Catherine,18952,Lancaster,XXXXXXXXX,Corporate,PR,2923 Quiet Pathway,725,9,Discs Shop,18.26,-66.04,Pacific Asia,Lanxi,China,18952,43221,75399,1358,44.31000137,0.17,178714,260.65,0.34,1,260.65,216.34,73.12,Eastern Asia,PENDING_PAYMENT,,1358,71,,http://images.acmesports.sports/Rock+music,260.65,0,43106.13611,Same Day,Rock music,524
TRANSFER,2,1,33.12,127.39,Late delivery,1,18,Men's Footwear,Honolulu,EE. UU.,XXXXXXXXX,Mary,2769,Hendricks,XXXXXXXXX,Corporate,HI,2186 Amber Lagoon Mountain,96817,4,Apparel,21.32,-157.86,Pacific Asia,Ningbo,China,2769,,26834,403,2.599999905,0.02,67233,129.99,0.26,1,129.99,127.39,33.12,Eastern Asia,PROCESSING,,403,18,,http://images.acmesports.sports/Nike+Men%27s+CJ+Elite+2+TD+Football+Cleat,129.99,0,42398.69931,First Class,Nike Men's CJ Elite 2 TD Football Cleat,525
TRANSFER,2,1,46.79,179.97,Late delivery,1,17,Cleats,Honolulu,EE. UU.,XXXXXXXXX,Mary,2769,Hendricks,XXXXXXXXX,Corporate,HI,2186 Amber Lagoon Mountain,96817,4,Apparel,21.32,-157.86,Pacific Asia,Ningbo,China,2769,,26834,365,59.99000168,0.25,67235,59.99,0.26,4,239.96,179.97,46.79,Eastern Asia,PROCESSING,,365,17,,http://images.acmesports.sports/Perfect+Fitness+Perfect+Rip+Deck,59.99,0,42398.69931,First Class,Perfect Fitness Perfect Rip Deck,526
TRANSFER,3,2,37.35,82.99,Shipping canceled,0,9,Cardio Equipment,Chicago,EE. UU.,XXXXXXXXX,Mary,10805,Smith,XXXXXXXXX,Corporate,IL,5824 Misty Forest,60639,3,Footwear,41.91,-87.77,Pacific Asia,Ningbo,China,10805,,26547,191,17,0.17,66464,99.99,0.45,1,99.99,82.99,37.35,Eastern Asia,CANCELED,,191,9,,http://images.acmesports.sports/Nike+Men%27s+Free+5.0%2B+Running+Shoe,99.99,0,42395.50972,Second Class,Nike Men's Free 5.0+ Running Shoe,527
TRANSFER,3,2,3.68,49,Shipping canceled,0,24,Women's Apparel,Chicago,EE. UU.,XXXXXXXXX,Mary,10805,Smith,XXXXXXXXX,Corporate,IL,5824 Misty Forest,60639,5,Golf,41.91,-87.77,Pacific Asia,Ningbo,China,10805,,26547,502,1,0.02,66467,50,0.08,1,50,49,3.68,Eastern Asia,CANCELED,,502,24,,http://images.acmesports.sports/Nike+Men%27s+Dri-FIT+Victory+Golf+Polo,50,0,42395.50972,Second Class,Nike Men's Dri-FIT Victory Golf Polo,528
TRANSFER,3,2,12.45,248.98,Shipping canceled,0,43,Camping & Hiking,Chicago,EE. UU.,XXXXXXXXX,Mary,10805,Smith,XXXXXXXXX,Corporate,IL,5824 Misty Forest,60639,7,Fan Shop,41.91,-87.77,Pacific Asia,Ningbo,China,10805,,26547,957,51,0.17,66465,299.98,0.05,1,299.98,248.98,12.45,Eastern Asia,CANCELED,,957,43,,http://images.acmesports.sports/Diamondback+Women%27s+Serene+Classic+Comfort+Bike+2014,299.98,0,42395.50972,Second Class,Diamondback Women's Serene Classic Comfort Bi,529
TRANSFER,3,2,46.8,99.58,Shipping canceled,0,17,Cleats,Chicago,EE. UU.,XXXXXXXXX,Mary,10805,Smith,XXXXXXXXX,Corporate,IL,5824 Misty Forest,60639,4,Apparel,41.91,-87.77,Pacific Asia,Ningbo,China,10805,,26547,365,20.39999962,0.17,66466,59.99,0.47,2,119.98,99.58,46.8,Eastern Asia,CANCELED,,365,17,,http://images.acmesports.sports/Perfect+Fitness+Perfect+Rip+Deck,59.99,0,42395.50972,Second Class,Perfect Fitness Perfect Rip Deck,530
PAYMENT,4,4,47.56,163.99,Shipping on time,0,48,Water Sports,Caguas,Puerto Rico,XXXXXXXXX,Susan,6466,Meyer,XXXXXXXXX,Consumer,PR,3662 Middle Willow Promenade,725,7,Fan Shop,18.21,-66.37,Pacific Asia,Wenling,China,6466,42554,29528,1073,36,0.18,73891,199.99,0.29,1,199.99,163.99,47.56,Eastern Asia,PENDING_PAYMENT,,1073,48,,http://images.acmesports.sports/Pelican+Sunstream+100+Kayak,199.99,0,42440.02569,Standard Class,Pelican Sunstream 100 Kayak,531
TRANSFER,3,4,50.4,167.99,Advance shipping,0,48,Water Sports,Los Angeles,EE. UU.,XXXXXXXXX,Charles,7340,Taylor,XXXXXXXXX,Corporate,CA,8081 Rustic Concession,90016,7,Fan Shop,34.03,-118.36,Pacific Asia,Hangzhou,China,7340,,28987,1073,32,0.16,72526,199.99,0.3,1,199.99,167.99,50.4,Eastern Asia,PENDING,,1073,48,,http://images.acmesports.sports/Pelican+Sunstream+100+Kayak,199.99,0,42431.12847,Standard Class,Pelican Sunstream 100 Kayak,532
CASH,2,1,31.5,179.99,Late delivery,1,48,Water Sports,Caguas,Puerto Rico,XXXXXXXXX,Kyle,6316,Smith,XXXXXXXXX,Home Office,PR,7107 Blue Rise Place,725,7,Fan Shop,18.22,-66.37,Pacific Asia,Ningbo,China,6316,,26832,1073,20,0.1,67226,199.99,0.18,1,199.99,179.99,31.5,Eastern Asia,CLOSED,,1073,48,,http://images.acmesports.sports/Pelican+Sunstream+100+Kayak,199.99,0,42398.67014,First Class,Pelican Sunstream 100 Kayak,533
DEBIT,5,2,78.96,167.99,Late delivery,1,48,Water Sports,Edison,EE. UU.,XXXXXXXXX,Karen,3128,Turner,XXXXXXXXX,Consumer,NJ,40 Pleasant Brook Trace,8817,7,Fan Shop,40.52,-74.39,Pacific Asia,Huzhou,China,3128,,25959,1073,32,0.16,64980,199.99,0.47,1,199.99,167.99,78.96,Eastern Asia,COMPLETE,,1073,48,,http://images.acmesports.sports/Pelican+Sunstream+100+Kayak,199.99,0,42388.92639,Second Class,Pelican Sunstream 100 Kayak,534
TRANSFER,2,4,56.69,195.49,Shipping canceled,0,71,Music,Fontana,EE. UU.,XXXXXXXXX,Ruth,18949,Franks,XXXXXXXXX,Corporate,CA,5721 Fallen Pony Cove,92336,9,Discs Shop,34.16,-117.48,Pacific Asia,Jiaxing,China,18949,43221,75396,1358,65.16000366,0.25,178711,260.65,0.29,1,260.65,195.49,56.69,Eastern Asia,CANCELED,,1358,71,,http://images.acmesports.sports/Rock+music,260.65,0,43107.59236,Standard Class,Rock music,535
TRANSFER,5,4,-7.1,38.79,Late delivery,1,29,Shop By Sport,Austin,EE. UU.,XXXXXXXXX,Jose,12207,Smith,XXXXXXXXX,Corporate,TX,8473 Crystal Hickory Path,78745,5,Golf,30.25,-97.89,Pacific Asia,Lanxi,China,12207,,24109,627,1.200000048,0.03,60317,39.99,-0.18,1,39.99,38.79,-7.1,Eastern Asia,PENDING,,627,29,,http://images.acmesports.sports/Under+Armour+Girls%27+Toddler+Spine+Surge+Running+Shoe,39.99,0,42361.92083,Standard Class,Under Armour Girls' Toddler Spine Surge Runni,536
TRANSFER,5,4,14.37,42.5,Late delivery,1,24,Women's Apparel,Austin,EE. UU.,XXXXXXXXX,Jose,12207,Smith,XXXXXXXXX,Corporate,TX,8473 Crystal Hickory Path,78745,5,Golf,30.25,-97.89,Pacific Asia,Lanxi,China,12207,,24109,502,7.5,0.15,60318,50,0.34,1,50,42.5,14.37,Eastern Asia,PENDING,,502,24,,http://images.acmesports.sports/Nike+Men%27s+Dri-FIT+Victory+Golf+Polo,50,0,42361.92083,Standard Class,Nike Men's Dri-FIT Victory Golf Polo,537
TRANSFER,5,4,104.99,299.98,Late delivery,1,43,Camping & Hiking,Austin,EE. UU.,XXXXXXXXX,Jose,12207,Smith,XXXXXXXXX,Corporate,TX,8473 Crystal Hickory Path,78745,7,Fan Shop,30.25,-97.89,Pacific Asia,Lanxi,China,12207,,24109,957,0,0,60319,299.98,0.35,1,299.98,299.98,104.99,Eastern Asia,PENDING,,957,43,,http://images.acmesports.sports/Diamondback+Women%27s+Serene+Classic+Comfort+Bike+2014,299.98,0,42361.92083,Standard Class,Diamondback Women's Serene Classic Comfort Bi,538
TRANSFER,4,4,0,56.69,Shipping canceled,0,17,Cleats,Bakersfield,EE. UU.,XXXXXXXXX,Nathan,2153,Price,XXXXXXXXX,Corporate,CA,3692 Dewy Butterfly Cape,93307,4,Apparel,35.31,-119.01,Pacific Asia,Hangzhou,China,2153,,28988,365,3.299999952,0.06,72528,59.99,0,1,59.99,56.69,0,Eastern Asia,SUSPECTED_FRAUD,,365,17,,http://images.acmesports.sports/Perfect+Fitness+Perfect+Rip+Deck,59.99,0,42432.14306,Standard Class,Perfect Fitness Perfect Rip Deck,539
PAYMENT,2,4,524.48,1417.5,Advance shipping,0,64,Computers,Winnetka,EE. UU.,XXXXXXXXX,Mariam,18059,Cobb,XXXXXXXXX,Consumer,CA,3586 Clear Key,91306,10,Technology,32.67,-117.03,Pacific Asia,Jinhua,China,18059,,74506,1351,82.5,0.06,177821,1500,0.37,1,1500,1417.5,524.48,Eastern Asia,PENDING_PAYMENT,,1351,64,,http://images.acmesports.sports/Dell+Laptop,1500,0,43094.60069,Standard Class,Dell Laptop,540
PAYMENT,6,4,33.25,94.99,Late delivery,1,9,Cardio Equipment,Lansdale,EE. UU.,XXXXXXXXX,Jack,10035,Griffith,XXXXXXXXX,Consumer,PA,4805 Lost Berry Forest,19446,3,Footwear,40.24,-75.27,Pacific Asia,Wenzhou,China,10035,,21870,191,5,0.05,54690,99.99,0.35,1,99.99,94.99,33.25,Eastern Asia,PENDING_PAYMENT,,191,9,,http://images.acmesports.sports/Nike+Men%27s+Free+5.0%2B+Running+Shoe,99.99,0,42330.23681,Standard Class,Nike Men's Free 5.0+ Running Shoe,541
PAYMENT,6,4,10.39,94.49,Late delivery,1,9,Cardio Equipment,Lansdale,EE. UU.,XXXXXXXXX,Jack,10035,Griffith,XXXXXXXXX,Consumer,PA,4805 Lost Berry Forest,19446,3,Footwear,40.24,-75.27,Pacific Asia,Wenzhou,China,10035,,21870,191,5.5,0.06,54688,99.99,0.11,1,99.99,94.49,10.39,Eastern Asia,PENDING_PAYMENT,,191,9,,http://images.acmesports.sports/Nike+Men%27s+Free+5.0%2B+Running+Shoe,99.99,0,42330.23681,Standard Class,Nike Men's Free 5.0+ Running Shoe,542
PAYMENT,6,4,15.44,49.79,Late delivery,1,17,Cleats,Lansdale,EE. UU.,XXXXXXXXX,Jack,10035,Griffith,XXXXXXXXX,Consumer,PA,4805 Lost Berry Forest,19446,4,Apparel,40.24,-75.27,Pacific Asia,Wenzhou,China,10035,,21870,365,10.19999981,0.17,54691,59.99,0.31,1,59.99,49.79,15.44,Eastern Asia,PENDING_PAYMENT,,365,17,,http://images.acmesports.sports/Perfect+Fitness+Perfect+Rip+Deck,59.99,0,42330.23681,Standard Class,Perfect Fitness Perfect Rip Deck,543
PAYMENT,6,4,23.52,48,Late delivery,1,24,Women's Apparel,Lansdale,EE. UU.,XXXXXXXXX,Jack,10035,Griffith,XXXXXXXXX,Consumer,PA,4805 Lost Berry Forest,19446,5,Golf,40.24,-75.27,Pacific Asia,Wenzhou,China,10035,,21870,502,2,0.04,54689,50,0.49,1,50,48,23.52,Eastern Asia,PENDING_PAYMENT,,502,24,,http://images.acmesports.sports/Nike+Men%27s+Dri-FIT+Victory+Golf+Polo,50,0,42330.23681,Standard Class,Nike Men's Dri-FIT Victory Golf Polo,544
PAYMENT,6,4,56.4,299.98,Late delivery,1,43,Camping & Hiking,Buena Park,EE. UU.,XXXXXXXXX,Harold,3935,Hayes,XXXXXXXXX,Consumer,CA,3740 Velvet Rise,90620,7,Fan Shop,34.14,-118.39,Pacific Asia,Hangzhou,China,3935,,28985,957,0,0,72518,299.98,0.19,1,299.98,299.98,56.4,Eastern Asia,PENDING_PAYMENT,,957,43,,http://images.acmesports.sports/Diamondback+Women%27s+Serene+Classic+Comfort+Bike+2014,299.98,0,42434.09931,Standard Class,Diamondback Women's Serene Classic Comfort Bi,545
PAYMENT,6,4,146.99,299.98,Late delivery,1,43,Camping & Hiking,Saint Paul,EE. UU.,XXXXXXXXX,Donna,6191,Smith,XXXXXXXXX,Consumer,MN,1453 Amber Deer Farm,55104,7,Fan Shop,44.95,-93.16,Pacific Asia,Hangzhou,China,6191,,24995,957,0,0,62628,299.98,0.49,1,299.98,299.98,146.99,Eastern Asia,PENDING_PAYMENT,,957,43,,http://images.acmesports.sports/Diamondback+Women%27s+Serene+Classic+Comfort+Bike+2014,299.98,0,42375.85417,Standard Class,Diamondback Women's Serene Classic Comfort Bi,546
PAYMENT,5,4,1.25,9.03,Late delivery,1,61,CDs ,Plymouth,EE. UU.,XXXXXXXXX,Anika,17822,Emerson,XXXXXXXXX,Consumer,MA,4317 Emerald Bay,2360,9,Discs Shop,41.93,-70.75,Pacific Asia,Yiwu,China,17822,,74269,1348,2.25999999,0.2,177584,11.29,0.14,1,11.29,9.03,1.25,Eastern Asia,PENDING_PAYMENT,,1348,61,,http://images.acmesports.sports/CDs+of+rock,11.29,0,43094.14097,Standard Class,CDs of rock,547
PAYMENT,2,4,14.31,29.81,Advance shipping,0,75,Video Games,Mililani,EE. UU.,XXXXXXXXX,Nell,19794,Rowland,XXXXXXXXX,Consumer,HI,5292 Heather Zephyr Forest,96789,9,Discs Shop,21.45,-158.02,Pacific Asia,Hangzhou,China,19794,,76241,1362,9.93999958,0.25,179556,39.75,0.48,1,39.75,29.81,14.31,Eastern Asia,PENDING_PAYMENT,,1362,75,,http://images.acmesports.sports/Fighting+video+games,39.75,0,43119.92778,Standard Class,Fighting video games,548
PAYMENT,4,4,139.8,399.44,Shipping on time,0,68,Garden,Caguas,Puerto Rico,XXXXXXXXX,Avye,15486,Martin,XXXXXXXXX,Corporate,PR,7885 Misty Knoll,725,6,Outdoors,18.28,-66.04,Pacific Asia,Shaoxing,China,15486,,71933,1355,133.1499939,0.25,175248,532.58,0.35,1,532.58,399.44,139.8,Eastern Asia,PENDING_PAYMENT,,1355,68,,http://images.acmesports.sports/Lawn+mower,532.58,0,43059.04097,Standard Class,Lawn mower,549
DEBIT,2,4,26.42,84.4,Advance shipping,0,72,Pet Supplies,Ithaca,EE. UU.,XXXXXXXXX,Katelyn,19179,Noel,XXXXXXXXX,Consumer,NY,8428 Honey Freeway,14850,11,Pet Shop,42.44,-76.48,Pacific Asia,Ningbo,China,19179,43313,75626,1359,0,0,178941,84.4,0.31,1,84.4,84.4,26.42,Eastern Asia,COMPLETE,,1359,72,,http://images.acmesports.sports/Adult+dog+supplies,84.4,0,43110.95,Standard Class,Adult dog supplies,550
DEBIT,6,4,40.94,83.56,Late delivery,1,72,Pet Supplies,San Jose,EE. UU.,XXXXXXXXX,Julie,19088,Mccall,XXXXXXXXX,Consumer,CA,4105 Fallen Goose Port,95124,11,Pet Shop,37.27,-121.91,Pacific Asia,Wenzhou,China,19088,43282,75535,1359,0.839999974,0.01,178850,84.4,0.49,1,84.4,83.56,40.94,Eastern Asia,COMPLETE,,1359,72,,http://images.acmesports.sports/Adult+dog+supplies,84.4,0,43113.62153,Standard Class,Adult dog supplies,551
DEBIT,4,4,80,266.67,Shipping on time,0,69,Health and Beauty,Rock Hill,EE. UU.,XXXXXXXXX,Kylie,15801,Mitchell,XXXXXXXXX,Consumer,SC,7392 Pleasant Horse Orchard,29730,12,Health and Beauty ,34.8,-81.1,Pacific Asia,Ningbo,China,15801,,72248,1356,26.37000084,0.09,175563,293.04,0.3,1,293.04,266.67,80,Eastern Asia,COMPLETE,,1356,69,,http://images.acmesports.sports/First+aid+kit,293.04,0,43063.63889,Standard Class,First aid kit,552
DEBIT,4,4,-178.28,243.22,Shipping on time,0,69,Health and Beauty,Garden Grove,EE. UU.,XXXXXXXXX,Jayme,18796,Hebert,XXXXXXXXX,Consumer,CA,3543 Crystal Bear Forest,92843,12,Health and Beauty ,33.77,-117.95,Pacific Asia,Jiaxing,China,18796,43160,75243,1356,49.8199997,0.17,178558,293.04,-0.73,1,293.04,243.22,-178.28,Eastern Asia,COMPLETE,,1356,69,,http://images.acmesports.sports/First+aid+kit,293.04,0,43107.35903,Standard Class,First aid kit,553
DEBIT,2,4,36.75,97.99,Advance shipping,0,9,Cardio Equipment,Chicago,EE. UU.,XXXXXXXXX,Mary,6530,Elliott,XXXXXXXXX,Consumer,IL,7427 Bright Robin Landing,60628,3,Footwear,41.69,-87.62,Pacific Asia,Hangzhou,China,6530,,24951,191,2,0.02,62521,99.99,0.38,1,99.99,97.99,36.75,Eastern Asia,COMPLETE,,191,9,,http://images.acmesports.sports/Nike+Men%27s+Free+5.0%2B+Running+Shoe,99.99,0,42371.21181,Standard Class,Nike Men's Free 5.0+ Running Shoe,554
DEBIT,4,4,32.76,109.19,Shipping on time,0,18,Men's Footwear,Albuquerque,EE. UU.,XXXXXXXXX,Mary,3938,Smith,XXXXXXXXX,Consumer,NM,2556 Umber Autoroute,87105,4,Apparel,35.07,-106.67,Pacific Asia,Linhai,China,3938,,28663,403,20.79999924,0.16,71745,129.99,0.3,1,129.99,109.19,32.76,Eastern Asia,COMPLETE,,403,18,,http://images.acmesports.sports/Nike+Men%27s+CJ+Elite+2+TD+Football+Cleat,129.99,0,42427.39861,Standard Class,Nike Men's CJ Elite 2 TD Football Cleat,555
DEBIT,4,4,35.06,107.89,Shipping on time,0,18,Men's Footwear,Albuquerque,EE. UU.,XXXXXXXXX,Mary,3938,Smith,XXXXXXXXX,Consumer,NM,2556 Umber Autoroute,87105,4,Apparel,35.07,-106.67,Pacific Asia,Linhai,China,3938,,28663,403,22.10000038,0.17,71743,129.99,0.33,1,129.99,107.89,35.06,Eastern Asia,COMPLETE,,403,18,,http://images.acmesports.sports/Nike+Men%27s+CJ+Elite+2+TD+Football+Cleat,129.99,0,42427.39861,Standard Class,Nike Men's CJ Elite 2 TD Football Cleat,556
DEBIT,4,4,105.83,293.98,Shipping on time,0,43,Camping & Hiking,Albuquerque,EE. UU.,XXXXXXXXX,Mary,3938,Smith,XXXXXXXXX,Consumer,NM,2556 Umber Autoroute,87105,7,Fan Shop,35.07,-106.67,Pacific Asia,Linhai,China,3938,,28663,957,6,0.02,71746,299.98,0.36,1,299.98,293.98,105.83,Eastern Asia,COMPLETE,,957,43,,http://images.acmesports.sports/Diamondback+Women%27s+Serene+Classic+Comfort+Bike+2014,299.98,0,42427.39861,Standard Class,Diamondback Women's Serene Classic Comfort Bi,557
DEBIT,2,4,97.5,299.99,Advance shipping,0,45,Fishing,Chicago,EE. UU.,XXXXXXXXX,Mary,6530,Elliott,XXXXXXXXX,Consumer,IL,7427 Bright Robin Landing,60628,7,Fan Shop,41.69,-87.62,Pacific Asia,Hangzhou,China,6530,,24951,1004,100,0.25,62520,399.98,0.33,1,399.98,299.99,97.5,Eastern Asia,COMPLETE,,1004,45,,http://images.acmesports.sports/Field+%26+Stream+Sportsman+16+Gun+Fire+Safe,399.98,0,42371.21181,Standard Class,Field & Stream Sportsman 16 Gun Fire Safe,558
DEBIT,6,4,4.34,9.03,Late delivery,1,61,CDs ,Phoenix,EE. UU.,XXXXXXXXX,Katell,17768,Rivas,XXXXXXXXX,Consumer,AZ,8768 Shady Arbor,85008,9,Discs Shop,33.47,-112.01,Pacific Asia,Hangzhou,China,17768,,74215,1348,2.25999999,0.2,177530,11.29,0.48,1,11.29,9.03,4.34,Eastern Asia,COMPLETE,,1348,61,,http://images.acmesports.sports/CDs+of+rock,11.29,0,43094.35278,Standard Class,CDs of rock,559
DEBIT,2,4,45.77,126.09,Advance shipping,0,18,Men's Footwear,Placentia,EE. UU.,XXXXXXXXX,Samantha,2362,Smith,XXXXXXXXX,Consumer,CA,7126 Hazy Berry Mount,92870,4,Apparel,33.99,-117.95,Pacific Asia,Hangzhou,China,2362,,21736,403,3.900000095,0.03,54384,129.99,0.36,1,129.99,126.09,45.77,Eastern Asia,ON_HOLD,,403,18,,http://images.acmesports.sports/Nike+Men%27s+CJ+Elite+2+TD+Football+Cleat,129.99,0,42324.28056,Standard Class,Nike Men's CJ Elite 2 TD Football Cleat,560
DEBIT,2,4,74.97,351.98,Advance shipping,0,45,Fishing,Placentia,EE. UU.,XXXXXXXXX,Samantha,2362,Smith,XXXXXXXXX,Consumer,CA,7126 Hazy Berry Mount,92870,7,Fan Shop,33.99,-117.95,Pacific Asia,Hangzhou,China,2362,,21736,1004,48,0.12,54386,399.98,0.21,1,399.98,351.98,74.97,Eastern Asia,ON_HOLD,,1004,45,,http://images.acmesports.sports/Field+%26+Stream+Sportsman+16+Gun+Fire+Safe,399.98,0,42324.28056,Standard Class,Field & Stream Sportsman 16 Gun Fire Safe,561
DEBIT,6,2,-60.88,34.79,Late delivery,1,29,Shop By Sport,Saint Charles,EE. UU.,XXXXXXXXX,Charles,8136,Smith,XXXXXXXXX,Home Office,MO,6980 Lost Parade,63301,5,Golf,38.68,-90.3,Pacific Asia,Shangyu,China,8136,,22140,627,5.199999809,0.13,55419,39.99,-1.75,1,39.99,34.79,-60.88,Eastern Asia,COMPLETE,,627,29,,http://images.acmesports.sports/Under+Armour+Girls%27+Toddler+Spine+Surge+Running+Shoe,39.99,0,42334.17778,Second Class,Under Armour Girls' Toddler Spine Surge Runni,562
DEBIT,6,2,-639.97,399.98,Late delivery,1,45,Fishing,Saint Charles,EE. UU.,XXXXXXXXX,Charles,8136,Smith,XXXXXXXXX,Home Office,MO,6980 Lost Parade,63301,7,Fan Shop,38.68,-90.3,Pacific Asia,Shangyu,China,8136,,22140,1004,0,0,55418,399.98,-1.6,1,399.98,399.98,-639.97,Eastern Asia,COMPLETE,,1004,45,,http://images.acmesports.sports/Field+%26+Stream+Sportsman+16+Gun+Fire+Safe,399.98,0,42334.17778,Second Class,Field & Stream Sportsman 16 Gun Fire Safe,563
DEBIT,2,4,45.36,167.99,Advance shipping,0,48,Water Sports,Chicago,EE. UU.,XXXXXXXXX,Mary,6530,Elliott,XXXXXXXXX,Consumer,IL,7427 Bright Robin Landing,60628,7,Fan Shop,41.69,-87.62,Pacific Asia,Hangzhou,China,6530,,24951,1073,32,0.16,62522,199.99,0.27,1,199.99,167.99,45.36,Eastern Asia,COMPLETE,,1073,48,,http://images.acmesports.sports/Pelican+Sunstream+100+Kayak,199.99,0,42371.21181,Standard Class,Pelican Sunstream 100 Kayak,564
TRANSFER,4,4,-47.1,149.99,Shipping on time,0,48,Water Sports,Virginia Beach,EE. UU.,XXXXXXXXX,Mary,2112,Wallace,XXXXXXXXX,Home Office,VA,2721 Silent Barn Subdivision,23454,7,Fan Shop,36.84,-76.04,Pacific Asia,Yiwu,China,2112,,24603,1073,50,0.25,61611,199.99,-0.31,1,199.99,149.99,-47.1,Eastern Asia,PROCESSING,,1073,48,,http://images.acmesports.sports/Pelican+Sunstream+100+Kayak,199.99,0,42368.13194,Standard Class,Pelican Sunstream 100 Kayak,565
PAYMENT,0,0,79.98,185.99,Shipping on time,0,48,Water Sports,Caguas,Puerto Rico,XXXXXXXXX,Mary,4111,Smith,XXXXXXXXX,Home Office,PR,9533 Little Forest,725,7,Fan Shop,18.27,-66.37,Pacific Asia,Ningbo,China,4111,,24338,1073,14,0.07,60879,199.99,0.43,1,199.99,185.99,79.98,Eastern Asia,PENDING_PAYMENT,,1073,48,,http://images.acmesports.sports/Pelican+Sunstream+100+Kayak,199.99,0,42360.76389,Same Day,Pelican Sunstream 100 Kayak,566
TRANSFER,5,2,87.36,181.99,Late delivery,1,48,Water Sports,Caguas,Puerto Rico,XXXXXXXXX,Charles,9291,Mueller,XXXXXXXXX,Consumer,PR,7591 Easy Inlet,725,7,Fan Shop,18.25,-66.37,Pacific Asia,Wenzhou,China,9291,,24244,1073,18,0.09,60650,199.99,0.48,1,199.99,181.99,87.36,Eastern Asia,PROCESSING,,1073,48,,http://images.acmesports.sports/Pelican+Sunstream+100+Kayak,199.99,0,42363.89167,Second Class,Pelican Sunstream 100 Kayak,567
TRANSFER,2,2,-251.74,189.99,Shipping on time,0,48,Water Sports,Caguas,Puerto Rico,XXXXXXXXX,Patrick,2101,Lopez,XXXXXXXXX,Corporate,PR,2863 Crystal Barn End,725,7,Fan Shop,18.24,-66.37,Pacific Asia,Jiaxing,China,2101,,24106,1073,10,0.05,60311,199.99,-1.33,1,199.99,189.99,-251.74,Eastern Asia,PENDING,,1073,48,,http://images.acmesports.sports/Pelican+Sunstream+100+Kayak,199.99,0,42358.87708,Second Class,Pelican Sunstream 100 Kayak,568
DEBIT,2,4,66.92,197.99,Advance shipping,0,48,Water Sports,Caguas,Puerto Rico,XXXXXXXXX,Mary,3453,Smith,XXXXXXXXX,Consumer,PR,4316 Misty Way,725,7,Fan Shop,18.28,-66.37,Pacific Asia,Jinhua,China,3453,42136,23216,1073,2,0.01,58128,199.99,0.34,1,199.99,197.99,66.92,Eastern Asia,COMPLETE,,1073,48,,http://images.acmesports.sports/Pelican+Sunstream+100+Kayak,199.99,0,42345.88472,Standard Class,Pelican Sunstream 100 Kayak,569
DEBIT,2,4,94.08,195.99,Advance shipping,0,48,Water Sports,Caguas,Puerto Rico,XXXXXXXXX,Mary,3453,Smith,XXXXXXXXX,Consumer,PR,4316 Misty Way,725,7,Fan Shop,18.28,-66.37,Pacific Asia,Jinhua,China,3453,42136,23216,1073,4,0.02,58126,199.99,0.48,1,199.99,195.99,94.08,Eastern Asia,COMPLETE,,1073,48,,http://images.acmesports.sports/Pelican+Sunstream+100+Kayak,199.99,0,42345.88472,Standard Class,Pelican Sunstream 100 Kayak,570
DEBIT,5,4,47.6,169.99,Late delivery,1,48,Water Sports,Caguas,Puerto Rico,XXXXXXXXX,Mary,1798,Kaiser,XXXXXXXXX,Consumer,PR,8874 Harvest Hills Grove,725,7,Fan Shop,18.21,-66.37,Pacific Asia,Yiwu,China,1798,42047,22979,1073,30,0.15,57509,199.99,0.28,1,199.99,169.99,47.6,Eastern Asia,COMPLETE,,1073,48,,http://images.acmesports.sports/Pelican+Sunstream+100+Kayak,199.99,0,42345.42569,Standard Class,Pelican Sunstream 100 Kayak,571
TRANSFER,6,4,52.38,193.99,Shipping canceled,0,48,Water Sports,Caguas,Puerto Rico,XXXXXXXXX,Mary,9560,Oneill,XXXXXXXXX,Consumer,PR,37 Lost Hills Maze,725,7,Fan Shop,18.26,-66.37,Pacific Asia,Hangzhou,China,9560,42016,22925,1073,6,0.03,57387,199.99,0.27,1,199.99,193.99,52.38,Eastern Asia,SUSPECTED_FRAUD,,1073,48,,http://images.acmesports.sports/Pelican+Sunstream+100+Kayak,199.99,0,42345.63681,Standard Class,Pelican Sunstream 100 Kayak,572
PAYMENT,2,1,91.08,197.99,Late delivery,1,48,Water Sports,Orlando,EE. UU.,XXXXXXXXX,Cynthia,4793,Macdonald,XXXXXXXXX,Corporate,FL,547 Quaking Cider Bay,32822,7,Fan Shop,28.08,-80.57,Pacific Asia,Shaoxing,China,4793,,20643,1073,2,0.01,51576,199.99,0.46,1,199.99,197.99,91.08,Eastern Asia,PENDING_PAYMENT,,1073,48,,http://images.acmesports.sports/Pelican+Sunstream+100+Kayak,199.99,0,42308.325,First Class,Pelican Sunstream 100 Kayak,573
PAYMENT,6,4,53.57,113.97,Late delivery,1,29,Shop By Sport,Saint Paul,EE. UU.,XXXXXXXXX,Donna,6191,Smith,XXXXXXXXX,Consumer,MN,1453 Amber Deer Farm,55104,5,Golf,44.95,-93.16,Pacific Asia,Hangzhou,China,6191,,24995,627,6,0.05,62629,39.99,0.47,3,119.97,113.97,53.57,Eastern Asia,PENDING_PAYMENT,,627,29,,http://images.acmesports.sports/Under+Armour+Girls%27+Toddler+Spine+Surge+Running+Shoe,39.99,0,42375.85417,Standard Class,Under Armour Girls' Toddler Spine Surge Runni,574
PAYMENT,6,4,36.71,215.96,Late delivery,1,17,Cleats,Saint Paul,EE. UU.,XXXXXXXXX,Donna,6191,Smith,XXXXXXXXX,Consumer,MN,1453 Amber Deer Farm,55104,4,Apparel,44.95,-93.16,Pacific Asia,Hangzhou,China,6191,,24995,365,24,0.1,62627,59.99,0.17,4,239.96,215.96,36.71,Eastern Asia,PENDING_PAYMENT,,365,17,,http://images.acmesports.sports/Perfect+Fitness+Perfect+Rip+Deck,59.99,0,42375.85417,Standard Class,Perfect Fitness Perfect Rip Deck,575
PAYMENT,6,4,51.4,215.96,Late delivery,1,17,Cleats,Dallas,EE. UU.,XXXXXXXXX,Mary,9939,Singleton,XXXXXXXXX,Consumer,TX,6025 Clear Deer Swale,75240,4,Apparel,32.93,-96.81,Pacific Asia,Ningbo,China,9939,42584,27655,365,24,0.1,69231,59.99,0.24,4,239.96,215.96,51.4,Eastern Asia,PENDING_PAYMENT,,365,17,,http://images.acmesports.sports/Perfect+Fitness+Perfect+Rip+Deck,59.99,0,42414.68403,Standard Class,Perfect Fitness Perfect Rip Deck,576
PAYMENT,6,4,20.57,182,Late delivery,1,24,Women's Apparel,Buena Park,EE. UU.,XXXXXXXXX,Harold,3935,Hayes,XXXXXXXXX,Consumer,CA,3740 Velvet Rise,90620,5,Golf,34.14,-118.39,Pacific Asia,Hangzhou,China,3935,,28985,502,18,0.09,72521,50,0.11,4,200,182,20.57,Eastern Asia,PENDING_PAYMENT,,502,24,,http://images.acmesports.sports/Nike+Men%27s+Dri-FIT+Victory+Golf+Polo,50,0,42434.09931,Standard Class,Nike Men's Dri-FIT Victory Golf Polo,577
PAYMENT,6,4,63,180,Late delivery,1,24,Women's Apparel,Buena Park,EE. UU.,XXXXXXXXX,Harold,3935,Hayes,XXXXXXXXX,Consumer,CA,3740 Velvet Rise,90620,5,Golf,34.14,-118.39,Pacific Asia,Hangzhou,China,3935,,28985,502,20,0.1,72520,50,0.35,4,200,180,63,Eastern Asia,PENDING_PAYMENT,,502,24,,http://images.acmesports.sports/Nike+Men%27s+Dri-FIT+Victory+Golf+Polo,50,0,42434.09931,Standard Class,Nike Men's Dri-FIT Victory Golf Polo,578
PAYMENT,6,4,78.36,284.95,Late delivery,1,17,Cleats,Dallas,EE. UU.,XXXXXXXXX,Mary,9939,Singleton,XXXXXXXXX,Consumer,TX,6025 Clear Deer Swale,75240,4,Apparel,32.93,-96.81,Pacific Asia,Ningbo,China,9939,42584,27655,365,15,0.05,69230,59.99,0.28,5,299.95,284.95,78.36,Eastern Asia,PENDING_PAYMENT,,365,17,,http://images.acmesports.sports/Perfect+Fitness+Perfect+Rip+Deck,59.99,0,42414.68403,Standard Class,Perfect Fitness Perfect Rip Deck,579
TRANSFER,6,2,-8.79,11.99,Late delivery,1,41,Trade-In,Caguas,Puerto Rico,XXXXXXXXX,Gary,2049,Smith,XXXXXXXXX,Corporate,PR,9905 Fallen Butterfly Valley,725,6,Outdoors,18.27,-66.37,Pacific Asia,Lanxi,China,2049,,24110,926,4,0.25,60321,15.99,-0.73,1,15.99,11.99,-8.79,Eastern Asia,PENDING,,926,41,,http://images.acmesports.sports/Glove+It+Imperial+Golf+Towel,15.99,0,42362.93542,Second Class,Glove It Imperial Golf Towel,580
TRANSFER,2,2,-78.29,260.96,Shipping on time,0,17,Cleats,Caguas,Puerto Rico,XXXXXXXXX,Patrick,2101,Lopez,XXXXXXXXX,Corporate,PR,2863 Crystal Barn End,725,4,Apparel,18.24,-66.37,Pacific Asia,Jiaxing,China,2101,,24106,365,38.99000168,0.13,60312,59.99,-0.3,5,299.95,260.96,-78.29,Eastern Asia,PENDING,,365,17,,http://images.acmesports.sports/Perfect+Fitness+Perfect+Rip+Deck,59.99,0,42358.87708,Second Class,Perfect Fitness Perfect Rip Deck,581
TRANSFER,2,4,74.88,221.55,Advance shipping,0,71,Music,Caguas,Puerto Rico,XXXXXXXXX,Iona,18954,Collier,XXXXXXXXX,Corporate,PR,6019 Rustic Ridge,725,9,Discs Shop,18.23,-66.04,Pacific Asia,Lanxi,China,18954,43221,75401,1358,39.09999847,0.15,178716,260.65,0.34,1,260.65,221.55,74.88,Eastern Asia,PROCESSING,,1358,71,,http://images.acmesports.sports/Rock+music,260.65,0,43107.66528,Standard Class,Rock music,582
TRANSFER,2,4,3.6,89.99,Shipping canceled,0,17,Cleats,Caguas,Puerto Rico,XXXXXXXXX,Mary,5581,Miller,XXXXXXXXX,Corporate,PR,9937 Round Panda Hill,725,4,Apparel,18.26,-66.37,Pacific Asia,Wenling,China,5581,,24981,365,30,0.25,62593,59.99,0.04,2,119.98,89.99,3.6,Eastern Asia,SUSPECTED_FRAUD,,365,17,,http://images.acmesports.sports/Perfect+Fitness+Perfect+Rip+Deck,59.99,0,42371.65,Standard Class,Perfect Fitness Perfect Rip Deck,583
DEBIT,2,4,80.63,167.98,Advance shipping,0,9,Cardio Equipment,Fresno,EE. UU.,XXXXXXXXX,George,9195,Johns,XXXXXXXXX,Consumer,CA,8383 Jagged Street,93727,3,Footwear,36.72,-119.94,Pacific Asia,Hangzhou,China,9195,42615,27716,191,32,0.16,69387,99.99,0.48,2,199.98,167.98,80.63,Eastern Asia,COMPLETE,,191,9,,http://images.acmesports.sports/Nike+Men%27s+Free+5.0%2B+Running+Shoe,99.99,0,42411.57431,Standard Class,Nike Men's Free 5.0+ Running Shoe,584
DEBIT,4,4,19.22,107.98,Shipping on time,0,17,Cleats,Albuquerque,EE. UU.,XXXXXXXXX,Mary,3938,Smith,XXXXXXXXX,Consumer,NM,2556 Umber Autoroute,87105,4,Apparel,35.07,-106.67,Pacific Asia,Linhai,China,3938,,28663,365,12,0.1,71744,59.99,0.18,2,119.98,107.98,19.22,Eastern Asia,COMPLETE,,365,17,,http://images.acmesports.sports/Perfect+Fitness+Perfect+Rip+Deck,59.99,0,42427.39861,Standard Class,Perfect Fitness Perfect Rip Deck,585
DEBIT,2,4,44.99,119.98,Advance shipping,0,17,Cleats,Placentia,EE. UU.,XXXXXXXXX,Samantha,2362,Smith,XXXXXXXXX,Consumer,CA,7126 Hazy Berry Mount,92870,4,Apparel,33.99,-117.95,Pacific Asia,Hangzhou,China,2362,,21736,365,0,0,54385,59.99,0.38,2,119.98,119.98,44.99,Eastern Asia,ON_HOLD,,365,17,,http://images.acmesports.sports/Perfect+Fitness+Perfect+Rip+Deck,59.99,0,42324.28056,Standard Class,Perfect Fitness Perfect Rip Deck,586
DEBIT,2,4,73.7,163.77,Advance shipping,0,17,Cleats,Fresno,EE. UU.,XXXXXXXXX,George,9195,Johns,XXXXXXXXX,Consumer,CA,8383 Jagged Street,93727,4,Apparel,36.72,-119.94,Pacific Asia,Hangzhou,China,9195,42615,27716,365,16.20000076,0.09,69390,59.99,0.45,3,179.97,163.77,73.7,Eastern Asia,COMPLETE,,365,17,,http://images.acmesports.sports/Perfect+Fitness+Perfect+Rip+Deck,59.99,0,42411.57431,Standard Class,Perfect Fitness Perfect Rip Deck,587
DEBIT,2,4,-152.66,156.57,Advance shipping,0,17,Cleats,Placentia,EE. UU.,XXXXXXXXX,Samantha,2362,Smith,XXXXXXXXX,Consumer,CA,7126 Hazy Berry Mount,92870,4,Apparel,33.99,-117.95,Pacific Asia,Hangzhou,China,2362,,21736,365,23.39999962,0.13,54387,59.99,-0.98,3,179.97,156.57,-152.66,Eastern Asia,ON_HOLD,,365,17,,http://images.acmesports.sports/Perfect+Fitness+Perfect+Rip+Deck,59.99,0,42324.28056,Standard Class,Perfect Fitness Perfect Rip Deck,588
TRANSFER,3,4,27.89,92.96,Advance shipping,0,46,Indoor/Outdoor Games,Los Angeles,EE. UU.,XXXXXXXXX,Charles,7340,Taylor,XXXXXXXXX,Corporate,CA,8081 Rustic Concession,90016,7,Fan Shop,34.03,-118.36,Pacific Asia,Hangzhou,China,7340,,28987,1014,7,0.07,72524,49.98,0.3,2,99.96,92.96,27.89,Eastern Asia,PENDING,,1014,46,,http://images.acmesports.sports/O%27Brien+Men%27s+Neoprene+Life+Vest,49.98,0,42431.12847,Standard Class,O'Brien Men's Neoprene Life Vest,589
PAYMENT,6,4,70.66,217.41,Late delivery,1,46,Indoor/Outdoor Games,Buena Park,EE. UU.,XXXXXXXXX,Harold,3935,Hayes,XXXXXXXXX,Consumer,CA,3740 Velvet Rise,90620,7,Fan Shop,34.14,-118.39,Pacific Asia,Hangzhou,China,3935,,28985,1014,32.49000168,0.13,72519,49.98,0.33,5,249.9,217.41,70.66,Eastern Asia,PENDING_PAYMENT,,1014,46,,http://images.acmesports.sports/O%27Brien+Men%27s+Neoprene+Life+Vest,49.98,0,42434.09931,Standard Class,O'Brien Men's Neoprene Life Vest,590
CASH,3,4,23.75,49.48,Advance shipping,0,46,Indoor/Outdoor Games,Oceanside,EE. UU.,XXXXXXXXX,James,5016,Rangel,XXXXXXXXX,Corporate,CA,1213 Quaking Plaza,92056,7,Fan Shop,33.19,-117.36,Pacific Asia,Jinhua,China,5016,,27987,1014,0.5,0.01,70038,49.98,0.48,1,49.98,49.48,23.75,Eastern Asia,CLOSED,,1014,46,,http://images.acmesports.sports/O%27Brien+Men%27s+Neoprene+Life+Vest,49.98,0,42416.53056,Standard Class,O'Brien Men's Neoprene Life Vest,591
DEBIT,2,4,-4.75,94.96,Advance shipping,0,46,Indoor/Outdoor Games,Fresno,EE. UU.,XXXXXXXXX,George,9195,Johns,XXXXXXXXX,Consumer,CA,8383 Jagged Street,93727,7,Fan Shop,36.72,-119.94,Pacific Asia,Hangzhou,China,9195,42615,27716,1014,5,0.05,69389,49.98,-0.05,2,99.96,94.96,-4.75,Eastern Asia,COMPLETE,,1014,46,,http://images.acmesports.sports/O%27Brien+Men%27s+Neoprene+Life+Vest,49.98,0,42411.57431,Standard Class,O'Brien Men's Neoprene Life Vest,592
TRANSFER,3,4,111.58,237.41,Advance shipping,0,46,Indoor/Outdoor Games,Buffalo,EE. UU.,XXXXXXXXX,Johnny,5048,Smith,XXXXXXXXX,Consumer,NY,3367 Merry Mews,14215,7,Fan Shop,42.94,-78.8,Pacific Asia,Ningbo,China,5048,42584,27657,1014,12.5,0.05,69235,49.98,0.47,5,249.9,237.41,111.58,Eastern Asia,PENDING,,1014,46,,http://images.acmesports.sports/O%27Brien+Men%27s+Neoprene+Life+Vest,49.98,0,42411.71319,Standard Class,O'Brien Men's Neoprene Life Vest,593
TRANSFER,2,1,88.79,188.92,Late delivery,1,46,Indoor/Outdoor Games,Honolulu,EE. UU.,XXXXXXXXX,Mary,2769,Hendricks,XXXXXXXXX,Corporate,HI,2186 Amber Lagoon Mountain,96817,7,Fan Shop,21.32,-157.86,Pacific Asia,Ningbo,China,2769,,26834,1014,11,0.06,67234,49.98,0.47,4,199.92,188.92,88.79,Eastern Asia,PROCESSING,,1014,46,,http://images.acmesports.sports/O%27Brien+Men%27s+Neoprene+Life+Vest,49.98,0,42398.69931,First Class,O'Brien Men's Neoprene Life Vest,594
TRANSFER,4,4,55.1,112.46,Shipping on time,0,46,Indoor/Outdoor Games,Caguas,Puerto Rico,XXXXXXXXX,Mary,6960,Smith,XXXXXXXXX,Consumer,PR,5182 Little Freeway,725,7,Fan Shop,18.3,-66.37,Pacific Asia,Ningbo,China,6960,,26833,1014,37.49000168,0.25,67231,49.98,0.49,3,149.94,112.46,55.1,Eastern Asia,PROCESSING,,1014,46,,http://images.acmesports.sports/O%27Brien+Men%27s+Neoprene+Life+Vest,49.98,0,42400.68472,Standard Class,O'Brien Men's Neoprene Life Vest,595
CASH,2,1,41.23,149.94,Late delivery,1,46,Indoor/Outdoor Games,Caguas,Puerto Rico,XXXXXXXXX,Kyle,6316,Smith,XXXXXXXXX,Home Office,PR,7107 Blue Rise Place,725,7,Fan Shop,18.22,-66.37,Pacific Asia,Ningbo,China,6316,,26832,1014,0,0,67227,49.98,0.28,3,149.94,149.94,41.23,Eastern Asia,CLOSED,,1014,46,,http://images.acmesports.sports/O%27Brien+Men%27s+Neoprene+Life+Vest,49.98,0,42398.67014,First Class,O'Brien Men's Neoprene Life Vest,596
CASH,2,1,-3.71,148.44,Late delivery,1,46,Indoor/Outdoor Games,Caguas,Puerto Rico,XXXXXXXXX,Kyle,6316,Smith,XXXXXXXXX,Home Office,PR,7107 Blue Rise Place,725,7,Fan Shop,18.22,-66.37,Pacific Asia,Ningbo,China,6316,,26832,1014,1.5,0.01,67225,49.98,-0.03,3,149.94,148.44,-3.71,Eastern Asia,CLOSED,,1014,46,,http://images.acmesports.sports/O%27Brien+Men%27s+Neoprene+Life+Vest,49.98,0,42398.67014,First Class,O'Brien Men's Neoprene Life Vest,597
DEBIT,5,2,63.33,191.92,Late delivery,1,46,Indoor/Outdoor Games,Edison,EE. UU.,XXXXXXXXX,Karen,3128,Turner,XXXXXXXXX,Consumer,NJ,40 Pleasant Brook Trace,8817,7,Fan Shop,40.52,-74.39,Pacific Asia,Huzhou,China,3128,,25959,1014,8,0.04,64983,49.98,0.33,4,199.92,191.92,63.33,Eastern Asia,COMPLETE,,1014,46,,http://images.acmesports.sports/O%27Brien+Men%27s+Neoprene+Life+Vest,49.98,0,42388.92639,Second Class,O'Brien Men's Neoprene Life Vest,598
TRANSFER,5,4,56.68,125.95,Late delivery,1,46,Indoor/Outdoor Games,Austin,EE. UU.,XXXXXXXXX,Jose,12207,Smith,XXXXXXXXX,Corporate,TX,8473 Crystal Hickory Path,78745,7,Fan Shop,30.25,-97.89,Pacific Asia,Lanxi,China,12207,,24109,1014,23.98999977,0.16,60320,49.98,0.45,3,149.94,125.95,56.68,Eastern Asia,PENDING,,1014,46,,http://images.acmesports.sports/O%27Brien+Men%27s+Neoprene+Life+Vest,49.98,0,42361.92083,Standard Class,O'Brien Men's Neoprene Life Vest,599
TRANSFER,2,2,42.22,87.96,Shipping on time,0,46,Indoor/Outdoor Games,Caguas,Puerto Rico,XXXXXXXXX,Patrick,2101,Lopez,XXXXXXXXX,Corporate,PR,2863 Crystal Barn End,725,7,Fan Shop,18.24,-66.37,Pacific Asia,Jiaxing,China,2101,,24106,1014,12,0.12,60310,49.98,0.48,2,99.96,87.96,42.22,Eastern Asia,PENDING,,1014,46,,http://images.acmesports.sports/O%27Brien+Men%27s+Neoprene+Life+Vest,49.98,0,42358.87708,Second Class,O'Brien Men's Neoprene Life Vest,600
TRANSFER,2,4,25.7,227.41,Advance shipping,0,46,Indoor/Outdoor Games,Caguas,Puerto Rico,XXXXXXXXX,Mary,7101,Smith,XXXXXXXXX,Consumer,PR,9503 Hazy Pine Edge,725,7,Fan Shop,18.27,-66.37,Pacific Asia,Hangzhou,China,7101,42016,22926,1014,22.48999977,0.09,57391,49.98,0.11,5,249.9,227.41,25.7,Eastern Asia,PROCESSING,,1014,46,,http://images.acmesports.sports/O%27Brien+Men%27s+Neoprene+Life+Vest,49.98,0,42341.65139,Standard Class,O'Brien Men's Neoprene Life Vest,601
TRANSFER,2,1,90.68,188.92,Late delivery,1,46,Indoor/Outdoor Games,Daly City,EE. UU.,XXXXXXXXX,Frances,3415,Gomez,XXXXXXXXX,Home Office,CA,3948 Shady Campus,94015,7,Fan Shop,37.7,-122.48,Pacific Asia,Hangzhou,China,3415,,22170,1014,11,0.06,55495,49.98,0.48,4,199.92,188.92,90.68,Eastern Asia,PROCESSING,,1014,46,,http://images.acmesports.sports/O%27Brien+Men%27s+Neoprene+Life+Vest,49.98,0,42330.61597,First Class,O'Brien Men's Neoprene Life Vest,602
TRANSFER,4,4,102.9,283.48,Shipping canceled,0,43,Camping & Hiking,Long Beach,EE. UU.,XXXXXXXXX,Lawrence,2462,Kent,XXXXXXXXX,Consumer,CA,8400 Sunny Quail Lookout,90806,7,Fan Shop,33.8,-118.19,Pacific Asia,Ningbo,China,2462,42046,20958,957,16.5,0.06,52378,299.98,0.36,1,299.98,283.48,102.9,Eastern Asia,CANCELED,,957,43,,http://images.acmesports.sports/Diamondback+Women%27s+Serene+Classic+Comfort+Bike+2014,299.98,0,42314.92361,Standard Class,Diamondback Women's Serene Classic Comfort Bi,603
TRANSFER,4,4,14.08,38.79,Shipping on time,0,29,Shop By Sport,Granite City,EE. UU.,XXXXXXXXX,Katherine,1124,Cain,XXXXXXXXX,Consumer,IL,5214 Colonial Square,62040,5,Golf,38.76,-90.1,Pacific Asia,Ninghai,China,1124,42402,27233,627,1.200000048,0.03,68227,39.99,0.36,1,39.99,38.79,14.08,Eastern Asia,PENDING,,627,29,,http://images.acmesports.sports/Under+Armour+Girls%27+Toddler+Spine+Surge+Running+Shoe,39.99,0,42406.52361,Standard Class,Under Armour Girls' Toddler Spine Surge Runni,604
TRANSFER,3,4,-129.42,532.58,Advance shipping,0,68,Garden,Bakersfield,EE. UU.,XXXXXXXXX,Nora,15485,Goff,XXXXXXXXX,Consumer,CA,6281 Round Farm,93304,6,Outdoors,35.36,-119.02,Pacific Asia,Shaoxing,China,15485,,71932,1355,0,0,175247,532.58,-0.24,1,532.58,532.58,-129.42,Eastern Asia,PENDING,,1355,68,,http://images.acmesports.sports/Lawn+mower,532.58,0,43058.02639,Standard Class,Lawn mower,605
TRANSFER,4,4,-19.81,278.98,Shipping on time,0,43,Camping & Hiking,Granite City,EE. UU.,XXXXXXXXX,Katherine,1124,Cain,XXXXXXXXX,Consumer,IL,5214 Colonial Square,62040,7,Fan Shop,38.76,-90.1,Pacific Asia,Ninghai,China,1124,42402,27233,957,21,0.07,68225,299.98,-0.07,1,299.98,278.98,-19.81,Eastern Asia,PENDING,,957,43,,http://images.acmesports.sports/Diamondback+Women%27s+Serene+Classic+Comfort+Bike+2014,299.98,0,42406.52361,Standard Class,Diamondback Women's Serene Classic Comfort Bi,606
TRANSFER,3,4,-37.06,327.98,Advance shipping,0,45,Fishing,San Diego,EE. UU.,XXXXXXXXX,Mary,12192,Carlson,XXXXXXXXX,Consumer,CA,5104 Rustic Downs,92114,7,Fan Shop,32.75,-117.2,Pacific Asia,Hangzhou,China,12192,,24952,1004,72,0.18,62524,399.98,-0.11,1,399.98,327.98,-37.06,Eastern Asia,PENDING,,1004,45,,http://images.acmesports.sports/Field+%26+Stream+Sportsman+16+Gun+Fire+Safe,399.98,0,42372.22639,Standard Class,Field & Stream Sportsman 16 Gun Fire Safe,607
TRANSFER,3,4,-217.59,319.98,Advance shipping,0,45,Fishing,San Diego,EE. UU.,XXXXXXXXX,Mary,12192,Carlson,XXXXXXXXX,Consumer,CA,5104 Rustic Downs,92114,7,Fan Shop,32.75,-117.2,Pacific Asia,Hangzhou,China,12192,,24952,1004,80,0.2,62523,399.98,-0.68,1,399.98,319.98,-217.59,Eastern Asia,PENDING,,1004,45,,http://images.acmesports.sports/Field+%26+Stream+Sportsman+16+Gun+Fire+Safe,399.98,0,42372.22639,Standard Class,Field & Stream Sportsman 16 Gun Fire Safe,608
TRANSFER,5,4,7.28,82.71,Late delivery,1,72,Pet Supplies,Aurora,EE. UU.,XXXXXXXXX,Cleo,19087,Pate,XXXXXXXXX,Consumer,CO,6955 Lost Ramp,80011,11,Pet Shop,39.75,-104.82,Pacific Asia,Wenzhou,China,19087,43282,75534,1359,1.690000057,0.02,178849,84.4,0.09,1,84.4,82.71,7.28,Eastern Asia,PROCESSING,,1359,72,,http://images.acmesports.sports/Adult+dog+supplies,84.4,0,43112.60694,Standard Class,Adult dog supplies,609
TRANSFER,3,4,7.91,63.3,Advance shipping,0,72,Pet Supplies,Madera,EE. UU.,XXXXXXXXX,Willow,19180,Bowers,XXXXXXXXX,Consumer,CA,6245 Iron Cloud Farms,93638,11,Pet Shop,36.97,-120.06,Pacific Asia,Ningbo,China,19180,43313,75627,1359,21.10000038,0.25,178942,84.4,0.13,1,84.4,63.3,7.91,Eastern Asia,PROCESSING,,1359,72,,http://images.acmesports.sports/Adult+dog+supplies,84.4,0,43111.96458,Standard Class,Adult dog supplies,610
TRANSFER,4,4,41.81,115.18,Shipping canceled,0,17,Cleats,Long Beach,EE. UU.,XXXXXXXXX,Lawrence,2462,Kent,XXXXXXXXX,Consumer,CA,8400 Sunny Quail Lookout,90806,4,Apparel,33.8,-118.19,Pacific Asia,Ningbo,China,2462,42046,20958,365,4.800000191,0.04,52376,59.99,0.36,2,119.98,115.18,41.81,Eastern Asia,CANCELED,,365,17,,http://images.acmesports.sports/Perfect+Fitness+Perfect+Rip+Deck,59.99,0,42314.92361,Standard Class,Perfect Fitness Perfect Rip Deck,611
CASH,2,1,36.9,245.98,Late delivery,1,43,Camping & Hiking,Caguas,Puerto Rico,XXXXXXXXX,Kyle,6316,Smith,XXXXXXXXX,Home Office,PR,7107 Blue Rise Place,725,7,Fan Shop,18.22,-66.37,Pacific Asia,Ningbo,China,6316,,26832,957,54,0.18,67228,299.98,0.15,1,299.98,245.98,36.9,Eastern Asia,CLOSED,,957,43,,http://images.acmesports.sports/Diamondback+Women%27s+Serene+Classic+Comfort+Bike+2014,299.98,0,42398.67014,First Class,Diamondback Women's Serene Classic Comfort Bi,612
CASH,4,2,29.92,339.98,Late delivery,1,45,Fishing,Caguas,Puerto Rico,XXXXXXXXX,Diana,6822,Smith,XXXXXXXXX,Home Office,PR,8341 Stony Avenue,725,7,Fan Shop,18.22,-66.37,Pacific Asia,Jiaxing,China,6822,,23953,1004,60,0.15,59965,399.98,0.09,1,399.98,339.98,29.92,Eastern Asia,CLOSED,,1004,45,,http://images.acmesports.sports/Field+%26+Stream+Sportsman+16+Gun+Fire+Safe,399.98,0,42358.64375,Second Class,Field & Stream Sportsman 16 Gun Fire Safe,613
CASH,4,2,94.08,335.98,Late delivery,1,45,Fishing,Caguas,Puerto Rico,XXXXXXXXX,Diana,6822,Smith,XXXXXXXXX,Home Office,PR,8341 Stony Avenue,725,7,Fan Shop,18.22,-66.37,Pacific Asia,Jiaxing,China,6822,,23953,1004,64,0.16,59964,399.98,0.28,1,399.98,335.98,94.08,Eastern Asia,CLOSED,,1004,45,,http://images.acmesports.sports/Field+%26+Stream+Sportsman+16+Gun+Fire+Safe,399.98,0,42358.64375,Second Class,Field & Stream Sportsman 16 Gun Fire Safe,614
TRANSFER,4,4,43.65,139.44,Shipping canceled,0,46,Indoor/Outdoor Games,Long Beach,EE. UU.,XXXXXXXXX,Lawrence,2462,Kent,XXXXXXXXX,Consumer,CA,8400 Sunny Quail Lookout,90806,7,Fan Shop,33.8,-118.19,Pacific Asia,Ningbo,China,2462,42046,20958,1014,10.5,0.07,52377,49.98,0.31,3,149.94,139.44,43.65,Eastern Asia,CANCELED,,1014,46,,http://images.acmesports.sports/O%27Brien+Men%27s+Neoprene+Life+Vest,49.98,0,42314.92361,Standard Class,O'Brien Men's Neoprene Life Vest,615
DEBIT,3,4,19.53,55.79,Advance shipping,0,17,Cleats,Caguas,Puerto Rico,XXXXXXXXX,Jessica,51,Smith,XXXXXXXXX,Home Office,PR,8344 Dewy Fawn Farms,725,4,Apparel,18.23,-66.05,Pacific Asia,Ningbo,China,51,42584,27652,365,4.199999809,0.07,69225,59.99,0.35,1,59.99,55.79,19.53,Eastern Asia,COMPLETE,,365,17,,http://images.acmesports.sports/Perfect+Fitness+Perfect+Rip+Deck,59.99,0,42411.64028,Standard Class,Perfect Fitness Perfect Rip Deck,616
PAYMENT,0,0,48.36,185.98,Shipping on time,0,9,Cardio Equipment,Caguas,Puerto Rico,XXXXXXXXX,Mary,4111,Smith,XXXXXXXXX,Home Office,PR,9533 Little Forest,725,3,Footwear,18.27,-66.37,Pacific Asia,Ningbo,China,4111,,24338,191,14,0.07,60882,99.99,0.26,2,199.98,185.98,48.36,Eastern Asia,PENDING_PAYMENT,,191,9,,http://images.acmesports.sports/Nike+Men%27s+Free+5.0%2B+Running+Shoe,99.99,0,42360.76389,Same Day,Nike Men's Free 5.0+ Running Shoe,617
PAYMENT,0,0,46.73,113.98,Shipping on time,0,17,Cleats,Caguas,Puerto Rico,XXXXXXXXX,Mary,4111,Smith,XXXXXXXXX,Home Office,PR,9533 Little Forest,725,4,Apparel,18.27,-66.37,Pacific Asia,Ningbo,China,4111,,24338,365,6,0.05,60881,59.99,0.41,2,119.98,113.98,46.73,Eastern Asia,PENDING_PAYMENT,,365,17,,http://images.acmesports.sports/Perfect+Fitness+Perfect+Rip+Deck,59.99,0,42360.76389,Same Day,Perfect Fitness Perfect Rip Deck,618
PAYMENT,0,0,-3.63,28.14,Shipping on time,0,41,Trade-In,Caguas,Puerto Rico,XXXXXXXXX,Mary,4111,Smith,XXXXXXXXX,Home Office,PR,9533 Little Forest,725,6,Outdoors,18.27,-66.37,Pacific Asia,Ningbo,China,4111,,24338,924,3.839999914,0.12,60880,15.99,-0.13,2,31.98,28.14,-3.63,Eastern Asia,PENDING_PAYMENT,,924,41,,http://images.acmesports.sports/Glove+It+Urban+Brick+Golf+Towel,15.99,0,42360.76389,Same Day,Glove It Urban Brick Golf Towel,619
PAYMENT,4,4,-30.23,151.17,Shipping on time,0,17,Cleats,Caguas,Puerto Rico,XXXXXXXXX,Susan,6466,Meyer,XXXXXXXXX,Consumer,PR,3662 Middle Willow Promenade,725,4,Apparel,18.21,-66.37,Pacific Asia,Wenling,China,6466,42554,29528,365,28.79999924,0.16,73890,59.99,-0.2,3,179.97,151.17,-30.23,Eastern Asia,PENDING_PAYMENT,,365,17,,http://images.acmesports.sports/Perfect+Fitness+Perfect+Rip+Deck,59.99,0,42440.02569,Standard Class,Perfect Fitness Perfect Rip Deck,620
TRANSFER,5,2,79.94,245.98,Late delivery,1,43,Camping & Hiking,Caguas,Puerto Rico,XXXXXXXXX,Charles,9291,Mueller,XXXXXXXXX,Consumer,PR,7591 Easy Inlet,725,7,Fan Shop,18.25,-66.37,Pacific Asia,Wenzhou,China,9291,,24244,957,54,0.18,60653,299.98,0.33,1,299.98,245.98,79.94,Eastern Asia,PROCESSING,,957,43,,http://images.acmesports.sports/Diamondback+Women%27s+Serene+Classic+Comfort+Bike+2014,299.98,0,42363.89167,Second Class,Diamondback Women's Serene Classic Comfort Bi,621
TRANSFER,5,2,11.25,112.5,Late delivery,1,24,Women's Apparel,Caguas,Puerto Rico,XXXXXXXXX,Charles,9291,Mueller,XXXXXXXXX,Consumer,PR,7591 Easy Inlet,725,5,Golf,18.25,-66.37,Pacific Asia,Wenzhou,China,9291,,24244,502,37.5,0.25,60651,50,0.1,3,150,112.5,11.25,Eastern Asia,PROCESSING,,502,24,,http://images.acmesports.sports/Nike+Men%27s+Dri-FIT+Victory+Golf+Polo,50,0,42363.89167,Second Class,Nike Men's Dri-FIT Victory Golf Polo,622
TRANSFER,5,2,10.25,81.97,Late delivery,1,40,Accessories,Caguas,Puerto Rico,XXXXXXXXX,Charles,9291,Mueller,XXXXXXXXX,Consumer,PR,7591 Easy Inlet,725,6,Outdoors,18.25,-66.37,Pacific Asia,Wenzhou,China,9291,,24244,893,17.98999977,0.18,60652,24.99,0.13,4,99.96,81.97,10.25,Eastern Asia,PROCESSING,,893,40,,http://images.acmesports.sports/Team+Golf+Pittsburgh+Steelers+Putter+Grip,24.99,0,42363.89167,Second Class,Team Golf Pittsburgh Steelers Putter Grip,623
TRANSFER,3,4,0.32,31.8,Shipping canceled,0,75,Video Games,Caguas,Puerto Rico,XXXXXXXXX,Fiona,19795,Byrd,XXXXXXXXX,Consumer,PR,7637 Silver Lake Passage,725,9,Discs Shop,18.29,-66.04,Pacific Asia,Hangzhou,China,19795,,76242,1362,7.949999809,0.2,179557,39.75,0.01,1,39.75,31.8,0.32,Eastern Asia,CANCELED,,1362,75,,http://images.acmesports.sports/Fighting+video+games,39.75,0,43120.94236,Standard Class,Fighting video games,624
TRANSFER,4,4,13.86,49.5,Shipping on time,0,24,Women's Apparel,Caguas,Puerto Rico,XXXXXXXXX,Mary,6960,Smith,XXXXXXXXX,Consumer,PR,5182 Little Freeway,725,5,Golf,18.3,-66.37,Pacific Asia,Ningbo,China,6960,,26833,502,0.5,0.01,67230,50,0.28,1,50,49.5,13.86,Eastern Asia,PROCESSING,,502,24,,http://images.acmesports.sports/Nike+Men%27s+Dri-FIT+Victory+Golf+Polo,50,0,42400.68472,Standard Class,Nike Men's Dri-FIT Victory Golf Polo,625
TRANSFER,4,4,122,248.98,Shipping on time,0,43,Camping & Hiking,Caguas,Puerto Rico,XXXXXXXXX,Mary,6960,Smith,XXXXXXXXX,Consumer,PR,5182 Little Freeway,725,7,Fan Shop,18.3,-66.37,Pacific Asia,Ningbo,China,6960,,26833,957,51,0.17,67232,299.98,0.49,1,299.98,248.98,122,Eastern Asia,PROCESSING,,957,43,,http://images.acmesports.sports/Diamondback+Women%27s+Serene+Classic+Comfort+Bike+2014,299.98,0,42400.68472,Standard Class,Diamondback Women's Serene Classic Comfort Bi,626
TRANSFER,4,4,41.6,103.99,Shipping canceled,0,18,Men's Footwear,Caguas,Puerto Rico,XXXXXXXXX,Mary,4867,Smith,XXXXXXXXX,Consumer,PR,6292 Velvet Wagon  Plaza,725,4,Apparel,18.22,-66.37,Pacific Asia,Ningbo,China,4867,42584,27653,403,26,0.2,69226,129.99,0.4,1,129.99,103.99,41.6,Eastern Asia,SUSPECTED_FRAUD,,403,18,,http://images.acmesports.sports/Nike+Men%27s+CJ+Elite+2+TD+Football+Cleat,129.99,0,42412.65486,Standard Class,Nike Men's CJ Elite 2 TD Football Cleat,627
TRANSFER,6,4,-5.4,107.98,Shipping canceled,0,17,Cleats,Caguas,Puerto Rico,XXXXXXXXX,Mary,9560,Oneill,XXXXXXXXX,Consumer,PR,37 Lost Hills Maze,725,4,Apparel,18.26,-66.37,Pacific Asia,Hangzhou,China,9560,42016,22925,365,12,0.1,57388,59.99,-0.05,2,119.98,107.98,-5.4,Eastern Asia,SUSPECTED_FRAUD,,365,17,,http://images.acmesports.sports/Perfect+Fitness+Perfect+Rip+Deck,59.99,0,42345.63681,Standard Class,Perfect Fitness Perfect Rip Deck,628
TRANSFER,4,4,63.86,148.5,Shipping on time,0,24,Women's Apparel,Caguas,Puerto Rico,XXXXXXXXX,Mary,6960,Smith,XXXXXXXXX,Consumer,PR,5182 Little Freeway,725,5,Golf,18.3,-66.37,Pacific Asia,Ningbo,China,6960,,26833,502,1.5,0.01,67229,50,0.43,3,150,148.5,63.86,Eastern Asia,PROCESSING,,502,24,,http://images.acmesports.sports/Nike+Men%27s+Dri-FIT+Victory+Golf+Polo,50,0,42400.68472,Standard Class,Nike Men's Dri-FIT Victory Golf Polo,629
TRANSFER,6,4,17.1,170.97,Shipping canceled,0,17,Cleats,Caguas,Puerto Rico,XXXXXXXXX,Mary,9560,Oneill,XXXXXXXXX,Consumer,PR,37 Lost Hills Maze,725,4,Apparel,18.26,-66.37,Pacific Asia,Hangzhou,China,9560,42016,22925,365,9,0.05,57390,59.99,0.1,3,179.97,170.97,17.1,Eastern Asia,SUSPECTED_FRAUD,,365,17,,http://images.acmesports.sports/Perfect+Fitness+Perfect+Rip+Deck,59.99,0,42345.63681,Standard Class,Perfect Fitness Perfect Rip Deck,630
TRANSFER,6,4,14.85,198,Shipping canceled,0,24,Women's Apparel,Caguas,Puerto Rico,XXXXXXXXX,Mary,9560,Oneill,XXXXXXXXX,Consumer,PR,37 Lost Hills Maze,725,5,Golf,18.26,-66.37,Pacific Asia,Hangzhou,China,9560,42016,22925,502,2,0.01,57389,50,0.08,4,200,198,14.85,Eastern Asia,SUSPECTED_FRAUD,,502,24,,http://images.acmesports.sports/Nike+Men%27s+Dri-FIT+Victory+Golf+Polo,50,0,42345.63681,Standard Class,Nike Men's Dri-FIT Victory Golf Polo,631
DEBIT,3,4,-3.43,263.74,Advance shipping,0,69,Health and Beauty,Martinez,EE. UU.,XXXXXXXXX,Demetria,15800,Holt,XXXXXXXXX,Home Office,CA,1870 Crystal Blossom Towers,94553,12,Health and Beauty ,38.01,-122.12,Pacific Asia,Ningbo,China,15800,,72247,1356,29.29999924,0.1,175562,293.04,-0.01,1,293.04,263.74,-3.43,Eastern Asia,COMPLETE,,1356,69,,http://images.acmesports.sports/First+aid+kit,293.04,0,43062.62431,Standard Class,First aid kit,632
DEBIT,3,4,12.74,127.39,Advance shipping,0,18,Men's Footwear,Flushing,EE. UU.,XXXXXXXXX,Evelyn,4099,Smith,XXXXXXXXX,Home Office,NY,8799 Cozy Pike,11354,4,Apparel,40.76,-73.83,Pacific Asia,Hangzhou,China,4099,,21737,403,2.599999905,0.02,54388,129.99,0.1,1,129.99,127.39,12.74,Eastern Asia,COMPLETE,,403,18,,http://images.acmesports.sports/Nike+Men%27s+CJ+Elite+2+TD+Football+Cleat,129.99,0,42325.29514,Standard Class,Nike Men's CJ Elite 2 TD Football Cleat,633
DEBIT,2,4,1.57,9.26,Advance shipping,0,61,CDs ,Crystal Lake,EE. UU.,XXXXXXXXX,Kitra,17769,Sheppard,XXXXXXXXX,Home Office,IL,3709 Middle Forest Downs,60014,9,Discs Shop,42.24,-88.27,Pacific Asia,Hangzhou,China,17769,,74216,1348,2.029999971,0.18,177531,11.29,0.17,1,11.29,9.26,1.57,Eastern Asia,COMPLETE,,1348,61,,http://images.acmesports.sports/CDs+of+rock,11.29,0,43090.36736,Standard Class,CDs of rock,634
PAYMENT,6,4,1.07,35.78,Late delivery,1,75,Video Games,Santa Cruz,EE. UU.,XXXXXXXXX,Meredith,19838,Sharpe,XXXXXXXXX,Home Office,CA,1795 Dusty Hills Village,95060,9,Discs Shop,36.96,-122.04,Pacific Asia,Hangzhou,China,19838,,76285,1362,3.980000019,0.1,179600,39.75,0.03,1,39.75,35.78,1.07,Eastern Asia,PAYMENT_REVIEW,,1362,75,,http://images.acmesports.sports/Fighting+video+games,39.75,0,43124.56944,Standard Class,Fighting video games,635
PAYMENT,3,4,38.02,116.99,Advance shipping,0,18,Men's Footwear,Newark,EE. UU.,XXXXXXXXX,Angela,11402,Wilkinson,XXXXXXXXX,Home Office,DE,4616 Thunder View Link,19711,4,Apparel,39.67,-75.77,Pacific Asia,Hangzhou,China,11402,,28982,403,13,0.1,72513,129.99,0.33,1,129.99,116.99,38.02,Eastern Asia,PENDING_PAYMENT,,403,18,,http://images.acmesports.sports/Nike+Men%27s+CJ+Elite+2+TD+Football+Cleat,129.99,0,42431.05556,Standard Class,Nike Men's CJ Elite 2 TD Football Cleat,636
PAYMENT,3,4,103.94,296.98,Advance shipping,0,43,Camping & Hiking,Newark,EE. UU.,XXXXXXXXX,Angela,11402,Wilkinson,XXXXXXXXX,Home Office,DE,4616 Thunder View Link,19711,7,Fan Shop,39.67,-75.77,Pacific Asia,Hangzhou,China,11402,,28982,957,3,0.01,72514,299.98,0.35,1,299.98,296.98,103.94,Eastern Asia,PENDING_PAYMENT,,957,43,,http://images.acmesports.sports/Diamondback+Women%27s+Serene+Classic+Comfort+Bike+2014,299.98,0,42431.05556,Standard Class,Diamondback Women's Serene Classic Comfort Bi,637
PAYMENT,6,4,39.6,88,Late delivery,1,24,Women's Apparel,San Francisco,EE. UU.,XXXXXXXXX,Jeffrey,11877,Krueger,XXXXXXXXX,Home Office,CA,7778 Silver Turnabout,94122,5,Golf,37.76,-122.48,Pacific Asia,Ningbo,China,11877,42584,27660,502,12,0.12,69238,50,0.45,2,100,88,39.6,Eastern Asia,PENDING_PAYMENT,,502,24,,http://images.acmesports.sports/Nike+Men%27s+Dri-FIT+Victory+Golf+Polo,50,0,42414.75694,Standard Class,Nike Men's Dri-FIT Victory Golf Polo,638
PAYMENT,3,4,37.79,107.97,Advance shipping,0,29,Shop By Sport,Newark,EE. UU.,XXXXXXXXX,Angela,11402,Wilkinson,XXXXXXXXX,Home Office,DE,4616 Thunder View Link,19711,5,Golf,39.67,-75.77,Pacific Asia,Hangzhou,China,11402,,28982,627,12,0.1,72515,39.99,0.35,3,119.97,107.97,37.79,Eastern Asia,PENDING_PAYMENT,,627,29,,http://images.acmesports.sports/Under+Armour+Girls%27+Toddler+Spine+Surge+Running+Shoe,39.99,0,42431.05556,Standard Class,Under Armour Girls' Toddler Spine Surge Runni,639
PAYMENT,6,4,69.3,198,Late delivery,1,24,Women's Apparel,San Francisco,EE. UU.,XXXXXXXXX,Jeffrey,11877,Krueger,XXXXXXXXX,Home Office,CA,7778 Silver Turnabout,94122,5,Golf,37.76,-122.48,Pacific Asia,Ningbo,China,11877,42584,27660,502,2,0.01,69237,50,0.35,4,200,198,69.3,Eastern Asia,PENDING_PAYMENT,,502,24,,http://images.acmesports.sports/Nike+Men%27s+Dri-FIT+Victory+Golf+Polo,50,0,42414.75694,Standard Class,Nike Men's Dri-FIT Victory Golf Polo,640
TRANSFER,2,1,29.4,293.95,Late delivery,1,17,Cleats,Daly City,EE. UU.,XXXXXXXXX,Frances,3415,Gomez,XXXXXXXXX,Home Office,CA,3948 Shady Campus,94015,4,Apparel,37.7,-122.48,Pacific Asia,Hangzhou,China,3415,,22170,365,6,0.02,55496,59.99,0.1,5,299.95,293.95,29.4,Eastern Asia,PROCESSING,,365,17,,http://images.acmesports.sports/Perfect+Fitness+Perfect+Rip+Deck,59.99,0,42330.61597,First Class,Perfect Fitness Perfect Rip Deck,641
TRANSFER,4,4,3.82,11.29,Shipping canceled,0,61,CDs ,Mount Pleasant,EE. UU.,XXXXXXXXX,Calista,17766,Beasley,XXXXXXXXX,Home Office,MI,2865 Blue Rise Way,48858,9,Discs Shop,43.6,-84.79,Pacific Asia,Ningbo,China,17766,,74213,1348,0,0,177528,11.29,0.34,1,11.29,11.29,3.82,Eastern Asia,CANCELED,,1348,61,,http://images.acmesports.sports/CDs+of+rock,11.29,0,43092.32361,Standard Class,CDs of rock,642
TRANSFER,4,4,26.1,90,Shipping on time,0,24,Women's Apparel,Virginia Beach,EE. UU.,XXXXXXXXX,Mary,2112,Wallace,XXXXXXXXX,Home Office,VA,2721 Silent Barn Subdivision,23454,5,Golf,36.84,-76.04,Pacific Asia,Yiwu,China,2112,,24603,502,10,0.1,61610,50,0.29,2,100,90,26.1,Eastern Asia,PROCESSING,,502,24,,http://images.acmesports.sports/Nike+Men%27s+Dri-FIT+Victory+Golf+Polo,50,0,42368.13194,Standard Class,Nike Men's Dri-FIT Victory Golf Polo,643
CASH,6,4,9.1,227.5,Late delivery,1,24,Women's Apparel,Vega Baja,Puerto Rico,XXXXXXXXX,Stephen,9697,Williams,XXXXXXXXX,Consumer,PR,4849 Clear Blossom Turnabout,693,5,Golf,18.44,-66.39,Pacific Asia,Hangzhou,China,9697,,24950,502,22.5,0.09,62519,50,0.04,5,250,227.5,9.1,Eastern Asia,CLOSED,,502,24,,http://images.acmesports.sports/Nike+Men%27s+Dri-FIT+Victory+Golf+Polo,50,0,42375.19722,Standard Class,Nike Men's Dri-FIT Victory Golf Polo,644
DEBIT,2,1,-30.49,39.75,Late delivery,1,75,Video Games,Caguas,Puerto Rico,XXXXXXXXX,Sage,20189,Kirby,XXXXXXXXX,Consumer,PR,9879 Lazy Horse Mall,725,9,Discs Shop,18.21,-66.04,Pacific Asia,Linhai,China,20189,,76636,1362,0,0,179951,39.75,-0.77,1,39.75,39.75,-30.49,Eastern Asia,COMPLETE,,1362,75,,http://images.acmesports.sports/Fighting+video+games,39.75,0,43125.69375,First Class,Fighting video games,645
DEBIT,6,4,132.59,339.98,Late delivery,1,45,Fishing,Seattle,EE. UU.,XXXXXXXXX,Richard,1971,Stokes,XXXXXXXXX,Corporate,WA,2865 Blue Rise Way,98115,7,Fan Shop,47.68,-122.32,Pacific Asia,Yuyao,China,1971,42493,29410,1004,60,0.15,73576,399.98,0.39,1,399.98,339.98,132.59,Eastern Asia,COMPLETE,,1004,45,,http://images.acmesports.sports/Field+%26+Stream+Sportsman+16+Gun+Fire+Safe,399.98,0,42440.30278,Standard Class,Field & Stream Sportsman 16 Gun Fire Safe,646
DEBIT,2,4,195.99,391.98,Advance shipping,0,45,Fishing,Cleveland,EE. UU.,XXXXXXXXX,Jordan,5573,Ortiz,XXXXXXXXX,Corporate,OH,92 Green Woods,44105,7,Fan Shop,41.45,-81.64,Pacific Asia,Hangzhou,China,5573,,28986,1004,8,0.02,72522,399.98,0.5,1,399.98,391.98,195.99,Eastern Asia,COMPLETE,,1004,45,,http://images.acmesports.sports/Field+%26+Stream+Sportsman+16+Gun+Fire+Safe,399.98,0,42430.11389,Standard Class,Field & Stream Sportsman 16 Gun Fire Safe,647
CASH,6,4,27,359.98,Late delivery,1,45,Fishing,Brooklyn,EE. UU.,XXXXXXXXX,Alexander,6030,Adams,XXXXXXXXX,Consumer,NY,2681 Cinder By-pass,11230,7,Fan Shop,40.63,-73.97,Pacific Asia,Jinhua,China,6030,,27985,1004,40,0.1,70035,399.98,0.08,1,399.98,359.98,27,Eastern Asia,CLOSED,,1004,45,,http://images.acmesports.sports/Field+%26+Stream+Sportsman+16+Gun+Fire+Safe,399.98,0,42419.50139,Standard Class,Field & Stream Sportsman 16 Gun Fire Safe,648
TRANSFER,5,4,186.19,379.98,Late delivery,1,45,Fishing,Arecibo,Puerto Rico,XXXXXXXXX,Ronald,11319,Smith,XXXXXXXXX,Consumer,PR,7723 Middle Lane,612,7,Fan Shop,39.5,-98.99,Pacific Asia,Ningbo,China,11319,42584,27659,1004,20,0.05,69236,399.98,0.49,1,399.98,379.98,186.19,Eastern Asia,PENDING,,1004,45,,http://images.acmesports.sports/Field+%26+Stream+Sportsman+16+Gun+Fire+Safe,399.98,0,42413.74236,Standard Class,Field & Stream Sportsman 16 Gun Fire Safe,649
TRANSFER,5,4,113.39,377.98,Late delivery,1,45,Fishing,Caguas,Puerto Rico,XXXXXXXXX,Olivia,11678,Smith,XXXXXXXXX,Home Office,PR,7358 Gentle Manor,725,7,Fan Shop,18.21,-66.37,Pacific Asia,Ningbo,China,11678,42584,27654,1004,22,0.06,69228,399.98,0.3,1,399.98,377.98,113.39,Eastern Asia,PENDING,,1004,45,,http://images.acmesports.sports/Field+%26+Stream+Sportsman+16+Gun+Fire+Safe,399.98,0,42413.66944,Standard Class,Field & Stream Sportsman 16 Gun Fire Safe,650
TRANSFER,2,1,98,391.98,Late delivery,1,45,Fishing,Honolulu,EE. UU.,XXXXXXXXX,Mary,2769,Hendricks,XXXXXXXXX,Corporate,HI,2186 Amber Lagoon Mountain,96817,7,Fan Shop,21.32,-157.86,Pacific Asia,Ningbo,China,2769,,26834,1004,8,0.02,67236,399.98,0.25,1,399.98,391.98,98,Eastern Asia,PROCESSING,,1004,45,,http://images.acmesports.sports/Field+%26+Stream+Sportsman+16+Gun+Fire+Safe,399.98,0,42398.69931,First Class,Field & Stream Sportsman 16 Gun Fire Safe,651
TRANSFER,2,1,39.19,107.97,Late delivery,1,35,Golf Gloves,Caguas,Puerto Rico,XXXXXXXXX,Mary,2560,Gilmore,XXXXXXXXX,Corporate,PR,6316 Quiet Pines,725,6,Outdoors,18.29,-66.37,Pacific Asia,Taraz,Kazakistan,2560,42531,44185,771,12,0.1,110350,39.99,0.36,3,119.97,107.97,39.19,Central Asia,PENDING,,771,35,,http://images.acmesports.sports/Clicgear+Rovic+Cooler+Bag,39.99,0,42651.98403,First Class,Clicgear Rovic Cooler Bag,652
TRANSFER,2,1,8.8,175.99,Late delivery,1,48,Water Sports,Caguas,Puerto Rico,XXXXXXXXX,Mary,2560,Gilmore,XXXXXXXXX,Corporate,PR,6316 Quiet Pines,725,7,Fan Shop,18.29,-66.37,Pacific Asia,Taraz,Kazakistan,2560,42531,44185,1073,24,0.12,110351,199.99,0.05,1,199.99,175.99,8.8,Central Asia,PENDING,,1073,48,,http://images.acmesports.sports/Pelican+Sunstream+100+Kayak,199.99,0,42651.98403,First Class,Pelican Sunstream 100 Kayak,653
TRANSFER,2,1,1.25,103.99,Late delivery,1,18,Men's Footwear,Caguas,Puerto Rico,XXXXXXXXX,Mary,2560,Gilmore,XXXXXXXXX,Corporate,PR,6316 Quiet Pines,725,4,Apparel,18.29,-66.37,Pacific Asia,Taraz,Kazakistan,2560,42531,44185,403,26,0.2,110349,129.99,0.01,1,129.99,103.99,1.25,Central Asia,PENDING,,403,18,,http://images.acmesports.sports/Nike+Men%27s+CJ+Elite+2+TD+Football+Cleat,129.99,0,42651.98403,First Class,Nike Men's CJ Elite 2 TD Football Cleat,654
TRANSFER,2,1,23.27,48.48,Late delivery,1,46,Indoor/Outdoor Games,Caguas,Puerto Rico,XXXXXXXXX,Mary,2560,Gilmore,XXXXXXXXX,Corporate,PR,6316 Quiet Pines,725,7,Fan Shop,18.29,-66.37,Pacific Asia,Taraz,Kazakistan,2560,42531,44185,1014,1.5,0.03,110347,49.98,0.48,1,49.98,48.48,23.27,Central Asia,PENDING,,1014,46,,http://images.acmesports.sports/O%27Brien+Men%27s+Neoprene+Life+Vest,49.98,0,42651.98403,First Class,O'Brien Men's Neoprene Life Vest,655
DEBIT,5,4,47.53,97,Late delivery,1,24,Women's Apparel,La Crosse,EE. UU.,XXXXXXXXX,Johnny,4968,Lutz,XXXXXXXXX,Consumer,WI,7597 Golden Dale Nook,54601,5,Golf,43.81,-91.24,Pacific Asia,Taraz,Kazakistan,4968,42887,50479,502,3,0.03,126131,50,0.49,2,100,97,47.53,Central Asia,COMPLETE,,502,24,,http://images.acmesports.sports/Nike+Men%27s+Dri-FIT+Victory+Golf+Polo,50,0,42746.86181,Standard Class,Nike Men's Dri-FIT Victory Golf Polo,656
TRANSFER,2,1,135.99,399.98,Late delivery,1,45,Fishing,Caguas,Puerto Rico,XXXXXXXXX,Mary,2560,Gilmore,XXXXXXXXX,Corporate,PR,6316 Quiet Pines,725,7,Fan Shop,18.29,-66.37,Pacific Asia,Taraz,Kazakistan,2560,42531,44185,1004,0,0,110348,399.98,0.34,1,399.98,399.98,135.99,Central Asia,PENDING,,1004,45,,http://images.acmesports.sports/Field+%26+Stream+Sportsman+16+Gun+Fire+Safe,399.98,0,42651.98403,First Class,Field & Stream Sportsman 16 Gun Fire Safe,657
DEBIT,6,4,38.54,81.99,Late delivery,1,9,Cardio Equipment,Los Angeles,EE. UU.,XXXXXXXXX,Bryan,6635,Esparza,XXXXXXXXX,Corporate,CA,7092 Pleasant Promenade,90057,3,Footwear,34.06,-118.28,Europe,Terneuzen,Paes Bajos,6635,42317,17390,191,18,0.18,43463,99.99,0.47,1,99.99,81.99,38.54,Western Europe,COMPLETE,,191,9,,http://images.acmesports.sports/Nike+Men%27s+Free+5.0%2B+Running+Shoe,99.99,0,42264.83889,Standard Class,Nike Men's Free 5.0+ Running Shoe,658
PAYMENT,1,0,113.39,251.98,Late delivery,1,43,Camping & Hiking,Caguas,Puerto Rico,XXXXXXXXX,Willie,3636,Smith,XXXXXXXXX,Corporate,PR,7588 High Way,725,7,Fan Shop,18.22,-66.37,Europe,Terneuzen,Paes Bajos,3636,,68680,957,48,0.16,171708,299.98,0.45,1,299.98,251.98,113.39,Western Europe,PENDING_PAYMENT,,957,43,,http://images.acmesports.sports/Diamondback+Women%27s+Serene+Classic+Comfort+Bike+2014,299.98,0,43008.05417,Same Day,Diamondback Women's Serene Classic Comfort Bi,659
DEBIT,6,4,68.22,136.45,Late delivery,1,46,Indoor/Outdoor Games,Los Angeles,EE. UU.,XXXXXXXXX,Bryan,6635,Esparza,XXXXXXXXX,Corporate,CA,7092 Pleasant Promenade,90057,7,Fan Shop,34.06,-118.28,Europe,Terneuzen,Paes Bajos,6635,42317,17390,1014,13.48999977,0.09,43462,49.98,0.5,3,149.94,136.45,68.22,Western Europe,COMPLETE,,1014,46,,http://images.acmesports.sports/O%27Brien+Men%27s+Neoprene+Life+Vest,49.98,0,42264.83889,Standard Class,O'Brien Men's Neoprene Life Vest,660
DEBIT,2,4,1.98,79.18,Advance shipping,0,29,Shop By Sport,Indianapolis,EE. UU.,XXXXXXXXX,Mary,1310,Smith,XXXXXXXXX,Corporate,IN,1591 Little Cider Park,46227,5,Golf,39.21,-85.93,Europe,Zaporiyia,Ucrania,1310,,42721,627,0.800000012,0.01,106628,39.99,0.03,2,79.98,79.18,1.98,Eastern Europe,COMPLETE,,627,29,,http://images.acmesports.sports/Under+Armour+Girls%27+Toddler+Spine+Surge+Running+Shoe,39.99,0,42630.61319,Standard Class,Under Armour Girls' Toddler Spine Surge Runni,661
DEBIT,3,4,10.8,47.99,Advance shipping,0,17,Cleats,Caguas,Puerto Rico,XXXXXXXXX,Mary,12273,Dunn,XXXXXXXXX,Consumer,PR,1626 Misty Hills Round,725,4,Apparel,18.26,-66.37,Europe,Zaporiyia,Ucrania,12273,,42722,365,12,0.2,106629,59.99,0.23,1,59.99,47.99,10.8,Eastern Europe,ON_HOLD,,365,17,,http://images.acmesports.sports/Perfect+Fitness+Perfect+Rip+Deck,59.99,0,42631.62778,Standard Class,Perfect Fitness Perfect Rip Deck,662
DEBIT,3,4,-3.69,14.75,Advance shipping,0,36,Golf Balls,Caguas,Puerto Rico,XXXXXXXXX,Mary,12273,Dunn,XXXXXXXXX,Consumer,PR,1626 Misty Hills Round,725,6,Outdoors,18.26,-66.37,Europe,Zaporiyia,Ucrania,12273,,42722,797,3.24000001,0.18,106632,17.99,-0.25,1,17.99,14.75,-3.69,Eastern Europe,ON_HOLD,,797,36,,http://images.acmesports.sports/Hirzl+Women%27s+Soffft+Flex+Golf+Glove,17.99,0,42631.62778,Standard Class,Hirzl Women's Soffft Flex Golf Glove,663
DEBIT,2,4,43.44,203.97,Advance shipping,0,17,Cleats,Los Angeles,EE. UU.,XXXXXXXXX,Christopher,5714,Meza,XXXXXXXXX,Corporate,CA,9992 Easy Front,90007,4,Apparel,34.03,-118.28,Europe,Zaporiyia,Ucrania,5714,42440,46036,365,35.99000168,0.15,115068,59.99,0.21,4,239.96,203.97,43.44,Eastern Europe,COMPLETE,,365,17,,http://images.acmesports.sports/Perfect+Fitness+Perfect+Rip+Deck,59.99,0,42679.00417,Standard Class,Perfect Fitness Perfect Rip Deck,664
DEBIT,2,1,-337.48,224.99,Late delivery,1,43,Camping & Hiking,Danbury,EE. UU.,XXXXXXXXX,Mary,1120,Grant,XXXXXXXXX,Corporate,CT,9166 Dusty Cape,6810,7,Fan Shop,41.4,-73.45,Europe,Zaporiyia,Ucrania,1120,,45103,957,75,0.25,112636,299.98,-1.5,1,299.98,224.99,-337.48,Eastern Europe,COMPLETE,,957,43,,http://images.acmesports.sports/Diamondback+Women%27s+Serene+Classic+Comfort+Bike+2014,299.98,0,42665.38472,First Class,Diamondback Women's Serene Classic Comfort Bi,665
DEBIT,2,1,-89.46,383.96,Late delivery,1,9,Cardio Equipment,Danbury,EE. UU.,XXXXXXXXX,Mary,1120,Grant,XXXXXXXXX,Corporate,CT,9166 Dusty Cape,6810,3,Footwear,41.4,-73.45,Europe,Zaporiyia,Ucrania,1120,,45103,191,16,0.04,112635,99.99,-0.23,4,399.96,383.96,-89.46,Eastern Europe,COMPLETE,,191,9,,http://images.acmesports.sports/Nike+Men%27s+Free+5.0%2B+Running+Shoe,99.99,0,42665.38472,First Class,Nike Men's Free 5.0+ Running Shoe,666
DEBIT,2,1,102.04,283.45,Late delivery,1,17,Cleats,Danbury,EE. UU.,XXXXXXXXX,Mary,1120,Grant,XXXXXXXXX,Corporate,CT,9166 Dusty Cape,6810,4,Apparel,41.4,-73.45,Europe,Zaporiyia,Ucrania,1120,,45103,365,16.5,0.06,112634,59.99,0.36,5,299.95,283.45,102.04,Eastern Europe,COMPLETE,,365,17,,http://images.acmesports.sports/Perfect+Fitness+Perfect+Rip+Deck,59.99,0,42665.38472,First Class,Perfect Fitness Perfect Rip Deck,667
DEBIT,2,1,109.13,242.5,Late delivery,1,24,Women's Apparel,Danbury,EE. UU.,XXXXXXXXX,Mary,1120,Grant,XXXXXXXXX,Corporate,CT,9166 Dusty Cape,6810,5,Golf,41.4,-73.45,Europe,Zaporiyia,Ucrania,1120,,45103,502,7.5,0.03,112632,50,0.45,5,250,242.5,109.13,Eastern Europe,COMPLETE,,502,24,,http://images.acmesports.sports/Nike+Men%27s+Dri-FIT+Victory+Golf+Polo,50,0,42665.38472,First Class,Nike Men's Dri-FIT Victory Golf Polo,668
TRANSFER,6,4,25.92,95.98,Late delivery,1,17,Cleats,Caguas,Puerto Rico,XXXXXXXXX,Jessica,10013,Smith,XXXXXXXXX,Home Office,PR,9809 Indian Berry Hollow,725,4,Apparel,18.22,-66.37,Europe,Zaporiyia,Ucrania,10013,42411,46035,365,24,0.2,115065,59.99,0.27,2,119.98,95.98,25.92,Eastern Europe,PROCESSING,,365,17,,http://images.acmesports.sports/Perfect+Fitness+Perfect+Rip+Deck,59.99,0,42682.98958,Standard Class,Perfect Fitness Perfect Rip Deck,669
TRANSFER,3,4,-240,150,Shipping canceled,0,24,Women's Apparel,Caguas,Puerto Rico,XXXXXXXXX,Mary,4188,Smith,XXXXXXXXX,Home Office,PR,5041 Sleepy Lane,725,5,Golf,18.26,-66.37,Europe,Zaporiyia,Ucrania,4188,42440,46037,502,0,0,115070,50,-1.6,3,150,150,-240,Eastern Europe,CANCELED,,502,24,,http://images.acmesports.sports/Nike+Men%27s+Dri-FIT+Victory+Golf+Polo,50,0,42680.01875,Standard Class,Nike Men's Dri-FIT Victory Golf Polo,670
TRANSFER,6,4,71.28,148.5,Late delivery,1,24,Women's Apparel,Caguas,Puerto Rico,XXXXXXXXX,Jessica,10013,Smith,XXXXXXXXX,Home Office,PR,9809 Indian Berry Hollow,725,5,Golf,18.22,-66.37,Europe,Zaporiyia,Ucrania,10013,42411,46035,502,1.5,0.01,115066,50,0.48,3,150,148.5,71.28,Eastern Europe,PROCESSING,,502,24,,http://images.acmesports.sports/Nike+Men%27s+Dri-FIT+Victory+Golf+Polo,50,0,42682.98958,Standard Class,Nike Men's Dri-FIT Victory Golf Polo,671
TRANSFER,3,4,75.78,208.77,Shipping canceled,0,17,Cleats,Caguas,Puerto Rico,XXXXXXXXX,Mary,4188,Smith,XXXXXXXXX,Home Office,PR,5041 Sleepy Lane,725,4,Apparel,18.26,-66.37,Europe,Zaporiyia,Ucrania,4188,42440,46037,365,31.19000053,0.13,115069,59.99,0.36,4,239.96,208.77,75.78,Eastern Europe,CANCELED,,365,17,,http://images.acmesports.sports/Perfect+Fitness+Perfect+Rip+Deck,59.99,0,42680.01875,Standard Class,Perfect Fitness Perfect Rip Deck,672
TRANSFER,6,4,28,200,Late delivery,1,24,Women's Apparel,Caguas,Puerto Rico,XXXXXXXXX,Jessica,10013,Smith,XXXXXXXXX,Home Office,PR,9809 Indian Berry Hollow,725,5,Golf,18.22,-66.37,Europe,Zaporiyia,Ucrania,10013,42411,46035,502,50,0.2,115064,50,0.14,5,250,200,28,Eastern Europe,PROCESSING,,502,24,,http://images.acmesports.sports/Nike+Men%27s+Dri-FIT+Victory+Golf+Polo,50,0,42682.98958,Standard Class,Nike Men's Dri-FIT Victory Golf Polo,673
DEBIT,2,1,43.1,87.96,Late delivery,1,40,Accessories,Findlay,EE. UU.,XXXXXXXXX,Mary,8472,Heath,XXXXXXXXX,Consumer,OH,8546 Thunder Goose Inlet,45840,6,Outdoors,41.05,-83.79,Europe,Zaporiyia,Ucrania,8472,42563,48397,886,12,0.12,121048,24.99,0.49,4,99.96,87.96,43.1,Eastern Europe,COMPLETE,,886,40,,http://images.acmesports.sports/Team+Golf+San+Francisco+Giants+Putter+Grip,24.99,0,42713.46944,First Class,Team Golf San Francisco Giants Putter Grip,674
DEBIT,3,4,12.67,126.68,Advance shipping,0,13,Electronics,Caguas,Puerto Rico,XXXXXXXXX,Mary,12273,Dunn,XXXXXXXXX,Consumer,PR,1626 Misty Hills Round,725,3,Footwear,18.26,-66.37,Europe,Zaporiyia,Ucrania,12273,,42722,276,1.279999971,0.01,106633,31.99,0.1,4,127.96,126.68,12.67,Eastern Europe,ON_HOLD,,276,13,,http://images.acmesports.sports/Under+Armour+Women%27s+Ignite+Slide,31.99,0,42631.62778,Standard Class,Under Armour Women's Ignite Slide,675
DEBIT,3,4,-16.83,191.21,Advance shipping,0,13,Electronics,Caguas,Puerto Rico,XXXXXXXXX,Mary,335,Smith,XXXXXXXXX,Consumer,PR,1082 Rustic Rabbit Street,725,3,Footwear,18.36,-66.08,Europe,Zaporiyia,Ucrania,335,42472,48212,278,33.74000168,0.15,120572,44.99,-0.09,5,224.95,191.21,-16.83,Eastern Europe,ON_HOLD,,278,13,,http://images.acmesports.sports/Under+Armour+Men%27s+Compression+EV+SL+Slide,44.99,0,42711.76875,Standard Class,Under Armour Men's Compression EV SL Slide,676
PAYMENT,2,1,5.63,45,Late delivery,1,26,Girls' Apparel,Manati,Puerto Rico,XXXXXXXXX,Mary,10078,Jones,XXXXXXXXX,Consumer,PR,5282 Silent Landing,674,5,Golf,18.43,-66.49,Europe,Berdyans'k,Ucrania,10078,,45274,564,15,0.25,113115,30,0.13,2,60,45,5.63,Eastern Europe,PENDING_PAYMENT,,564,26,,http://images.acmesports.sports/Nike+Men%27s+Deutschland+Weltmeister+Winners+Black+T-Shirt,30,0,42667.88056,First Class,Nike Men's Deutschland Weltmeister Winners Bl,677
PAYMENT,2,1,48.54,167.37,Late delivery,1,17,Cleats,Manati,Puerto Rico,XXXXXXXXX,Mary,10078,Jones,XXXXXXXXX,Consumer,PR,5282 Silent Landing,674,4,Apparel,18.43,-66.49,Europe,Berdyans'k,Ucrania,10078,,45274,365,12.60000038,0.07,113113,59.99,0.29,3,179.97,167.37,48.54,Eastern Europe,PENDING_PAYMENT,,365,17,,http://images.acmesports.sports/Perfect+Fitness+Perfect+Rip+Deck,59.99,0,42667.88056,First Class,Perfect Fitness Perfect Rip Deck,678
PAYMENT,2,1,49.79,165.96,Late delivery,1,29,Shop By Sport,Manati,Puerto Rico,XXXXXXXXX,Mary,10078,Jones,XXXXXXXXX,Consumer,PR,5282 Silent Landing,674,5,Golf,18.43,-66.49,Europe,Berdyans'k,Ucrania,10078,,45274,627,33.99000168,0.17,113117,39.99,0.3,5,199.95,165.96,49.79,Eastern Europe,PENDING_PAYMENT,,627,29,,http://images.acmesports.sports/Under+Armour+Girls%27+Toddler+Spine+Surge+Running+Shoe,39.99,0,42667.88056,First Class,Under Armour Girls' Toddler Spine Surge Runni,679
TRANSFER,2,1,11.26,35.98,Shipping canceled,0,36,Golf Balls,Valrico,EE. UU.,XXXXXXXXX,Mary,2329,Smith,XXXXXXXXX,Corporate,FL,7312 Umber Prairie Wynd,33594,6,Outdoors,27.97,-82.25,Europe,Zaporiyia,Ucrania,2329,,45102,797,0,0,112631,17.99,0.31,2,35.98,35.98,11.26,Eastern Europe,CANCELED,,797,36,,http://images.acmesports.sports/Hirzl+Women%27s+Soffft+Flex+Golf+Glove,17.99,0,42665.37014,First Class,Hirzl Women's Soffft Flex Golf Glove,680
DEBIT,3,4,3.7,167.99,Advance shipping,0,48,Water Sports,New York,EE. UU.,XXXXXXXXX,Mary,5567,Garza,XXXXXXXXX,Consumer,NY,1850 Honey Centre,10031,7,Fan Shop,40.82,-73.95,Europe,Zaporiyia,Ucrania,5567,,49237,1073,32,0.16,123101,199.99,0.02,1,199.99,167.99,3.7,Eastern Europe,COMPLETE,,1073,48,,http://images.acmesports.sports/Pelican+Sunstream+100+Kayak,199.99,0,42726.73125,Standard Class,Pelican Sunstream 100 Kayak,681
DEBIT,2,1,25.2,167.99,Late delivery,1,48,Water Sports,Caguas,Puerto Rico,XXXXXXXXX,Lauren,11761,Coleman,XXXXXXXXX,Consumer,PR,1285 Noble Pointe,725,7,Fan Shop,18.28,-66.37,Europe,Melitopol,Ucrania,11761,42562,46340,1073,32,0.16,115859,199.99,0.15,1,199.99,167.99,25.2,Eastern Europe,COMPLETE,,1073,48,,http://images.acmesports.sports/Pelican+Sunstream+100+Kayak,199.99,0,42683.44167,First Class,Pelican Sunstream 100 Kayak,682
TRANSFER,2,2,59.2,159.99,Shipping on time,0,48,Water Sports,Jackson,EE. UU.,XXXXXXXXX,Mary,11713,Frost,XXXXXXXXX,Consumer,MI,8398 Cinder Brook Cape,49201,7,Fan Shop,42.11,-84.41,Europe,Berdyans'k,Ucrania,11713,,45276,1073,40,0.2,113120,199.99,0.37,1,199.99,159.99,59.2,Eastern Europe,PROCESSING,,1073,48,,http://images.acmesports.sports/Pelican+Sunstream+100+Kayak,199.99,0,42667.90972,Second Class,Pelican Sunstream 100 Kayak,683
PAYMENT,2,1,49.5,149.99,Late delivery,1,48,Water Sports,Manati,Puerto Rico,XXXXXXXXX,Mary,10078,Jones,XXXXXXXXX,Consumer,PR,5282 Silent Landing,674,7,Fan Shop,18.43,-66.49,Europe,Berdyans'k,Ucrania,10078,,45274,1073,50,0.25,113116,199.99,0.33,1,199.99,149.99,49.5,Eastern Europe,PENDING_PAYMENT,,1073,48,,http://images.acmesports.sports/Pelican+Sunstream+100+Kayak,199.99,0,42667.88056,First Class,Pelican Sunstream 100 Kayak,684
DEBIT,3,4,50.7,149.99,Advance shipping,0,48,Water Sports,Caguas,Puerto Rico,XXXXXXXXX,Mary,12273,Dunn,XXXXXXXXX,Consumer,PR,1626 Misty Hills Round,725,7,Fan Shop,18.26,-66.37,Europe,Zaporiyia,Ucrania,12273,,42722,1073,50,0.25,106631,199.99,0.34,1,199.99,149.99,50.7,Eastern Europe,ON_HOLD,,1073,48,,http://images.acmesports.sports/Pelican+Sunstream+100+Kayak,199.99,0,42631.62778,Standard Class,Pelican Sunstream 100 Kayak,685
DEBIT,3,4,-166.69,227.41,Advance shipping,0,46,Indoor/Outdoor Games,Caguas,Puerto Rico,XXXXXXXXX,Mary,12273,Dunn,XXXXXXXXX,Consumer,PR,1626 Misty Hills Round,725,7,Fan Shop,18.26,-66.37,Europe,Zaporiyia,Ucrania,12273,,42722,1014,22.48999977,0.09,106630,49.98,-0.73,5,249.9,227.41,-166.69,Eastern Europe,ON_HOLD,,1014,46,,http://images.acmesports.sports/O%27Brien+Men%27s+Neoprene+Life+Vest,49.98,0,42631.62778,Standard Class,O'Brien Men's Neoprene Life Vest,686
DEBIT,3,4,2.95,29.5,Advance shipping,0,36,Golf Balls,New York,EE. UU.,XXXXXXXXX,Mary,5567,Garza,XXXXXXXXX,Consumer,NY,1850 Honey Centre,10031,6,Outdoors,40.82,-73.95,Europe,Zaporiyia,Ucrania,5567,,49237,797,6.480000019,0.18,123102,17.99,0.1,2,35.98,29.5,2.95,Eastern Europe,COMPLETE,,797,36,,http://images.acmesports.sports/Hirzl+Women%27s+Soffft+Flex+Golf+Glove,17.99,0,42726.73125,Standard Class,Hirzl Women's Soffft Flex Golf Glove,687
DEBIT,6,2,12.48,38.39,Late delivery,1,29,Shop By Sport,Peoria,EE. UU.,XXXXXXXXX,Mary,8764,Curtis,XXXXXXXXX,Home Office,AZ,5263 Hidden Bay,85345,5,Golf,33.58,-112.25,Europe,Berdyans'k,Ucrania,8764,,45275,627,1.600000024,0.04,113119,39.99,0.33,1,39.99,38.39,12.48,Eastern Europe,COMPLETE,,627,29,,http://images.acmesports.sports/Under+Armour+Girls%27+Toddler+Spine+Surge+Running+Shoe,39.99,0,42671.89514,Second Class,Under Armour Girls' Toddler Spine Surge Runni,688
DEBIT,2,4,16.27,46.48,Advance shipping,0,46,Indoor/Outdoor Games,Los Angeles,EE. UU.,XXXXXXXXX,Christopher,5714,Meza,XXXXXXXXX,Corporate,CA,9992 Easy Front,90007,7,Fan Shop,34.03,-118.28,Europe,Zaporiyia,Ucrania,5714,42440,46036,1014,3.5,0.07,115067,49.98,0.35,1,49.98,46.48,16.27,Eastern Europe,COMPLETE,,1014,46,,http://images.acmesports.sports/O%27Brien+Men%27s+Neoprene+Life+Vest,49.98,0,42679.00417,Standard Class,O'Brien Men's Neoprene Life Vest,689
TRANSFER,2,2,35.09,134.95,Shipping on time,0,46,Indoor/Outdoor Games,Jackson,EE. UU.,XXXXXXXXX,Mary,11713,Frost,XXXXXXXXX,Consumer,MI,8398 Cinder Brook Cape,49201,7,Fan Shop,42.11,-84.41,Europe,Berdyans'k,Ucrania,11713,,45276,1014,14.98999977,0.1,113124,49.98,0.26,3,149.94,134.95,35.09,Eastern Europe,PROCESSING,,1014,46,,http://images.acmesports.sports/O%27Brien+Men%27s+Neoprene+Life+Vest,49.98,0,42667.90972,Second Class,O'Brien Men's Neoprene Life Vest,690
TRANSFER,2,2,-39.58,131.95,Shipping on time,0,46,Indoor/Outdoor Games,Jackson,EE. UU.,XXXXXXXXX,Mary,11713,Frost,XXXXXXXXX,Consumer,MI,8398 Cinder Brook Cape,49201,7,Fan Shop,42.11,-84.41,Europe,Berdyans'k,Ucrania,11713,,45276,1014,17.98999977,0.12,113121,49.98,-0.3,3,149.94,131.95,-39.58,Eastern Europe,PROCESSING,,1014,46,,http://images.acmesports.sports/O%27Brien+Men%27s+Neoprene+Life+Vest,49.98,0,42667.90972,Second Class,O'Brien Men's Neoprene Life Vest,691
DEBIT,6,2,13.19,43.98,Late delivery,1,46,Indoor/Outdoor Games,Peoria,EE. UU.,XXXXXXXXX,Mary,8764,Curtis,XXXXXXXXX,Home Office,AZ,5263 Hidden Bay,85345,7,Fan Shop,33.58,-112.25,Europe,Berdyans'k,Ucrania,8764,,45275,1014,6,0.12,113118,49.98,0.3,1,49.98,43.98,13.19,Eastern Europe,COMPLETE,,1014,46,,http://images.acmesports.sports/O%27Brien+Men%27s+Neoprene+Life+Vest,49.98,0,42671.89514,Second Class,O'Brien Men's Neoprene Life Vest,692
TRANSFER,2,2,-415.73,251.96,Shipping on time,0,17,Cleats,Jackson,EE. UU.,XXXXXXXXX,Mary,11713,Frost,XXXXXXXXX,Consumer,MI,8398 Cinder Brook Cape,49201,4,Apparel,42.11,-84.41,Europe,Berdyans'k,Ucrania,11713,,45276,365,47.99000168,0.16,113122,59.99,-1.65,5,299.95,251.96,-415.73,Eastern Europe,PROCESSING,,365,17,,http://images.acmesports.sports/Perfect+Fitness+Perfect+Rip+Deck,59.99,0,42667.90972,Second Class,Perfect Fitness Perfect Rip Deck,693
PAYMENT,3,2,-87.74,114.39,Late delivery,1,18,Men's Footwear,Caguas,Puerto Rico,XXXXXXXXX,Timothy,9310,Smith,XXXXXXXXX,Consumer,PR,1258 Misty Bend,725,4,Apparel,18.22,-66.37,Europe,Berdyans'k,Ucrania,9310,,46852,403,15.60000038,0.12,117124,129.99,-0.77,1,129.99,114.39,-87.74,Eastern Europe,PENDING_PAYMENT,,403,18,,http://images.acmesports.sports/Nike+Men%27s+CJ+Elite+2+TD+Football+Cleat,129.99,0,42691.91597,Second Class,Nike Men's CJ Elite 2 TD Football Cleat,694
PAYMENT,3,2,-35.44,48.35,Late delivery,1,37,Electronics,Caguas,Puerto Rico,XXXXXXXXX,Timothy,9310,Smith,XXXXXXXXX,Consumer,PR,1258 Misty Bend,725,6,Outdoors,18.22,-66.37,Europe,Berdyans'k,Ucrania,9310,,46852,823,3.640000105,0.07,117123,51.99,-0.73,1,51.99,48.35,-35.44,Eastern Europe,PENDING_PAYMENT,,823,37,,http://images.acmesports.sports/Titleist+Pro+V1x+High+Numbers+Personalized+Golf+Balls,51.99,0,42691.91597,Second Class,Titleist Pro V1x High Numbers Personalized Go,695
DEBIT,3,4,-24.4,215.96,Advance shipping,0,17,Cleats,New York,EE. UU.,XXXXXXXXX,Mary,5567,Garza,XXXXXXXXX,Consumer,NY,1850 Honey Centre,10031,4,Apparel,40.82,-73.95,Europe,Zaporiyia,Ucrania,5567,,49237,365,24,0.1,123099,59.99,-0.11,4,239.96,215.96,-24.4,Eastern Europe,COMPLETE,,365,17,,http://images.acmesports.sports/Perfect+Fitness+Perfect+Rip+Deck,59.99,0,42726.73125,Standard Class,Perfect Fitness Perfect Rip Deck,696
TRANSFER,4,4,37.94,223.16,Shipping on time,0,17,Cleats,Caguas,Puerto Rico,XXXXXXXXX,Mary,9947,Smith,XXXXXXXXX,Corporate,PR,1250 Foggy Cloud Canyon,725,4,Apparel,18.26,-66.37,Europe,Zaporiyia,Ucrania,9947,42622,42313,365,16.79999924,0.07,105651,59.99,0.17,4,239.96,223.16,37.94,Eastern Europe,PROCESSING,,365,17,,http://images.acmesports.sports/Perfect+Fitness+Perfect+Rip+Deck,59.99,0,42626.65694,Standard Class,Perfect Fitness Perfect Rip Deck,697
DEBIT,3,4,131.14,387.98,Advance shipping,0,45,Fishing,New York,EE. UU.,XXXXXXXXX,Mary,5567,Garza,XXXXXXXXX,Consumer,NY,1850 Honey Centre,10031,7,Fan Shop,40.82,-73.95,Europe,Zaporiyia,Ucrania,5567,,49237,1004,12,0.03,123100,399.98,0.34,1,399.98,387.98,131.14,Eastern Europe,COMPLETE,,1004,45,,http://images.acmesports.sports/Field+%26+Stream+Sportsman+16+Gun+Fire+Safe,399.98,0,42726.73125,Standard Class,Field & Stream Sportsman 16 Gun Fire Safe,698
DEBIT,2,1,-99.32,371.98,Late delivery,1,45,Fishing,Caguas,Puerto Rico,XXXXXXXXX,Lauren,11761,Coleman,XXXXXXXXX,Consumer,PR,1285 Noble Pointe,725,7,Fan Shop,18.28,-66.37,Europe,Melitopol,Ucrania,11761,42562,46340,1004,28,0.07,115858,399.98,-0.27,1,399.98,371.98,-99.32,Eastern Europe,COMPLETE,,1004,45,,http://images.acmesports.sports/Field+%26+Stream+Sportsman+16+Gun+Fire+Safe,399.98,0,42683.44167,First Class,Field & Stream Sportsman 16 Gun Fire Safe,699
TRANSFER,2,2,39.32,347.98,Shipping on time,0,45,Fishing,Jackson,EE. UU.,XXXXXXXXX,Mary,11713,Frost,XXXXXXXXX,Consumer,MI,8398 Cinder Brook Cape,49201,7,Fan Shop,42.11,-84.41,Europe,Berdyans'k,Ucrania,11713,,45276,1004,52,0.13,113123,399.98,0.11,1,399.98,347.98,39.32,Eastern Europe,PROCESSING,,1004,45,,http://images.acmesports.sports/Field+%26+Stream+Sportsman+16+Gun+Fire+Safe,399.98,0,42667.90972,Second Class,Field & Stream Sportsman 16 Gun Fire Safe,700
PAYMENT,2,1,98.6,339.98,Late delivery,1,45,Fishing,Manati,Puerto Rico,XXXXXXXXX,Mary,10078,Jones,XXXXXXXXX,Consumer,PR,5282 Silent Landing,674,7,Fan Shop,18.43,-66.49,Europe,Berdyans'k,Ucrania,10078,,45274,1004,60,0.15,113114,399.98,0.29,1,399.98,339.98,98.6,Eastern Europe,PENDING_PAYMENT,,1004,45,,http://images.acmesports.sports/Field+%26+Stream+Sportsman+16+Gun+Fire+Safe,399.98,0,42667.88056,First Class,Field & Stream Sportsman 16 Gun Fire Safe,701
DEBIT,2,1,11.52,383.98,Late delivery,1,45,Fishing,Danbury,EE. UU.,XXXXXXXXX,Mary,1120,Grant,XXXXXXXXX,Corporate,CT,9166 Dusty Cape,6810,7,Fan Shop,41.4,-73.45,Europe,Zaporiyia,Ucrania,1120,,45103,1004,16,0.04,112633,399.98,0.03,1,399.98,383.98,11.52,Eastern Europe,COMPLETE,,1004,45,,http://images.acmesports.sports/Field+%26+Stream+Sportsman+16+Gun+Fire+Safe,399.98,0,42665.38472,First Class,Field & Stream Sportsman 16 Gun Fire Safe,702
TRANSFER,4,4,51.33,371.98,Shipping on time,0,45,Fishing,Caguas,Puerto Rico,XXXXXXXXX,Mary,9947,Smith,XXXXXXXXX,Corporate,PR,1250 Foggy Cloud Canyon,725,7,Fan Shop,18.26,-66.37,Europe,Zaporiyia,Ucrania,9947,42622,42313,1004,28,0.07,105650,399.98,0.14,1,399.98,371.98,51.33,Eastern Europe,PROCESSING,,1004,45,,http://images.acmesports.sports/Field+%26+Stream+Sportsman+16+Gun+Fire+Safe,399.98,0,42626.65694,Standard Class,Field & Stream Sportsman 16 Gun Fire Safe,703
TRANSFER,4,4,50.23,363.98,Shipping on time,0,45,Fishing,Caguas,Puerto Rico,XXXXXXXXX,Mary,9947,Smith,XXXXXXXXX,Corporate,PR,1250 Foggy Cloud Canyon,725,7,Fan Shop,18.26,-66.37,Europe,Zaporiyia,Ucrania,9947,42622,42313,1004,36,0.09,105649,399.98,0.14,1,399.98,363.98,50.23,Eastern Europe,PROCESSING,,1004,45,,http://images.acmesports.sports/Field+%26+Stream+Sportsman+16+Gun+Fire+Safe,399.98,0,42626.65694,Standard Class,Field & Stream Sportsman 16 Gun Fire Safe,704
DEBIT,2,1,2.27,189,Late delivery,1,24,Women's Apparel,Caguas,Puerto Rico,XXXXXXXXX,Lauren,11761,Coleman,XXXXXXXXX,Consumer,PR,1285 Noble Pointe,725,5,Golf,18.28,-66.37,Europe,Melitopol,Ucrania,11761,42562,46340,502,11,0.06,115857,50,0.01,4,200,189,2.27,Eastern Europe,COMPLETE,,502,24,,http://images.acmesports.sports/Nike+Men%27s+Dri-FIT+Victory+Golf+Polo,50,0,42683.44167,First Class,Nike Men's Dri-FIT Victory Golf Polo,705
DEBIT,2,4,-34.99,42,Advance shipping,0,24,Women's Apparel,Escondido,EE. UU.,XXXXXXXXX,James,9902,Gilmore,XXXXXXXXX,Corporate,CA,9138 Indian Nook,92026,5,Golf,33.22,-117.14,Pacific Asia,Zanjan,Iran,9902,,44686,502,8,0.16,111591,50,-0.83,1,50,42,-34.99,South Asia,COMPLETE,,502,24,,http://images.acmesports.sports/Nike+Men%27s+Dri-FIT+Victory+Golf+Polo,50,0,42659.29722,Standard Class,Nike Men's Dri-FIT Victory Golf Polo,706
DEBIT,2,4,27.2,120.89,Advance shipping,0,18,Men's Footwear,Stamford,EE. UU.,XXXXXXXXX,Christian,11822,Smith,XXXXXXXXX,Corporate,CT,363 Green Goose Run,6902,4,Apparel,41.02,-73.52,Pacific Asia,Zanjan,Iran,11822,,47371,403,9.100000381,0.07,118438,129.99,0.23,1,129.99,120.89,27.2,South Asia,ON_HOLD,,403,18,,http://images.acmesports.sports/Nike+Men%27s+CJ+Elite+2+TD+Football+Cleat,129.99,0,42698.49236,Standard Class,Nike Men's CJ Elite 2 TD Football Cleat,707
TRANSFER,5,4,13.05,174,Late delivery,1,24,Women's Apparel,Murfreesboro,EE. UU.,XXXXXXXXX,Amy,10268,Washington,XXXXXXXXX,Consumer,TN,8702 Umber Mountain Gate,37130,5,Golf,36.05,-86.35,Pacific Asia,Zanjan,Iran,10268,,44684,502,26,0.13,111587,50,0.08,4,200,174,13.05,South Asia,PENDING,,502,24,,http://images.acmesports.sports/Nike+Men%27s+Dri-FIT+Victory+Golf+Polo,50,0,42662.26806,Standard Class,Nike Men's Dri-FIT Victory Golf Polo,708
PAYMENT,5,4,68.4,284.98,Late delivery,1,43,Camping & Hiking,Caguas,Puerto Rico,XXXXXXXXX,Mary,10041,Smith,XXXXXXXXX,Home Office,PR,8544 Silent Treasure Thicket,725,7,Fan Shop,18.21,-66.37,Pacific Asia,Zanjan,Iran,10041,,47649,957,15,0.05,119134,299.98,0.24,1,299.98,284.98,68.4,South Asia,PENDING_PAYMENT,,957,43,,http://images.acmesports.sports/Diamondback+Women%27s+Serene+Classic+Comfort+Bike+2014,299.98,0,42705.55069,Standard Class,Diamondback Women's Serene Classic Comfort Bi,709
PAYMENT,5,4,94.07,191.98,Late delivery,1,9,Cardio Equipment,Caguas,Puerto Rico,XXXXXXXXX,Mary,10041,Smith,XXXXXXXXX,Home Office,PR,8544 Silent Treasure Thicket,725,3,Footwear,18.21,-66.37,Pacific Asia,Zanjan,Iran,10041,,47649,191,8,0.04,119133,99.99,0.49,2,199.98,191.98,94.07,South Asia,PENDING_PAYMENT,,191,9,,http://images.acmesports.sports/Nike+Men%27s+Free+5.0%2B+Running+Shoe,99.99,0,42705.55069,Standard Class,Nike Men's Free 5.0+ Running Shoe,710
PAYMENT,5,4,-43.45,77.58,Late delivery,1,29,Shop By Sport,Caguas,Puerto Rico,XXXXXXXXX,Mary,10041,Smith,XXXXXXXXX,Home Office,PR,8544 Silent Treasure Thicket,725,5,Golf,18.21,-66.37,Pacific Asia,Zanjan,Iran,10041,,47649,627,2.400000095,0.03,119131,39.99,-0.56,2,79.98,77.58,-43.45,South Asia,PENDING_PAYMENT,,627,29,,http://images.acmesports.sports/Under+Armour+Girls%27+Toddler+Spine+Surge+Running+Shoe,39.99,0,42705.55069,Standard Class,Under Armour Girls' Toddler Spine Surge Runni,711
DEBIT,2,4,-35.99,119.98,Advance shipping,0,17,Cleats,Stamford,EE. UU.,XXXXXXXXX,Christian,11822,Smith,XXXXXXXXX,Corporate,CT,363 Green Goose Run,6902,4,Apparel,41.02,-73.52,Pacific Asia,Zanjan,Iran,11822,,47371,365,0,0,118436,59.99,-0.3,2,119.98,119.98,-35.99,South Asia,ON_HOLD,,365,17,,http://images.acmesports.sports/Perfect+Fitness+Perfect+Rip+Deck,59.99,0,42698.49236,Standard Class,Perfect Fitness Perfect Rip Deck,712
DEBIT,2,4,51.83,107.97,Advance shipping,0,29,Shop By Sport,Escondido,EE. UU.,XXXXXXXXX,James,9902,Gilmore,XXXXXXXXX,Corporate,CA,9138 Indian Nook,92026,5,Golf,33.22,-117.14,Pacific Asia,Zanjan,Iran,9902,,44686,627,12,0.1,111590,39.99,0.48,3,119.97,107.97,51.83,South Asia,COMPLETE,,627,29,,http://images.acmesports.sports/Under+Armour+Girls%27+Toddler+Spine+Surge+Running+Shoe,39.99,0,42659.29722,Standard Class,Under Armour Girls' Toddler Spine Surge Runni,713
DEBIT,2,4,44.34,105.57,Advance shipping,0,26,Girls' Apparel,Escondido,EE. UU.,XXXXXXXXX,James,9902,Gilmore,XXXXXXXXX,Corporate,CA,9138 Indian Nook,92026,5,Golf,33.22,-117.14,Pacific Asia,Zanjan,Iran,9902,,44686,572,14.39999962,0.12,111589,39.99,0.42,3,119.97,105.57,44.34,South Asia,COMPLETE,,572,26,,http://images.acmesports.sports/TYR+Boys%27+Team+Digi+Jammer,39.99,0,42659.29722,Standard Class,TYR Boys' Team Digi Jammer,714
CASH,4,2,-51.32,272.98,Late delivery,1,43,Camping & Hiking,Tucson,EE. UU.,XXXXXXXXX,Mary,7278,Liu,XXXXXXXXX,Corporate,AZ,7855 Golden Lake Limits,85713,7,Fan Shop,32.15,-111.13,Pacific Asia,Zanjan,Iran,7278,,47328,957,27,0.09,118314,299.98,-0.19,1,299.98,272.98,-51.32,South Asia,CLOSED,,957,43,,http://images.acmesports.sports/Diamondback+Women%27s+Serene+Classic+Comfort+Bike+2014,299.98,0,42699.86458,Second Class,Diamondback Women's Serene Classic Comfort Bi,715
PAYMENT,5,4,1.68,83.97,Late delivery,1,35,Golf Gloves,Mission Viejo,EE. UU.,XXXXXXXXX,Diana,7788,Smith,XXXXXXXXX,Corporate,CA,6468 Quiet Street,92691,6,Outdoors,33.62,-117.68,Pacific Asia,Zanjan,Iran,7788,,47304,778,15.98999977,0.16,118264,24.99,0.02,4,99.96,83.97,1.68,South Asia,PENDING_PAYMENT,,778,35,,http://images.acmesports.sports/Bag+Boy+Beverage+Holder,24.99,0,42700.51389,Standard Class,Bag Boy Beverage Holder,716
CASH,4,2,-77.14,29.67,Late delivery,1,35,Golf Gloves,Tucson,EE. UU.,XXXXXXXXX,Mary,7278,Liu,XXXXXXXXX,Corporate,AZ,7855 Golden Lake Limits,85713,6,Outdoors,32.15,-111.13,Pacific Asia,Zanjan,Iran,7278,,47328,775,0.300000012,0.01,118313,9.99,-2.6,3,29.97,29.67,-77.14,South Asia,CLOSED,,775,35,,http://images.acmesports.sports/Clicgear+8.0+Shoe+Brush,9.99,0,42699.86458,Second Class,Clicgear 8.0 Shoe Brush,717
DEBIT,2,1,29.39,78.38,Late delivery,1,29,Shop By Sport,Jackson Heights,EE. UU.,XXXXXXXXX,Mary,6674,Shaw,XXXXXXXXX,Consumer,NY,5640 Dewy Wharf,11372,5,Golf,40.79,-74.02,Pacific Asia,Zanjan,Iran,6674,,50947,627,1.600000024,0.02,127327,39.99,0.38,2,79.98,78.38,29.39,South Asia,COMPLETE,,627,29,,http://images.acmesports.sports/Under+Armour+Girls%27+Toddler+Spine+Surge+Running+Shoe,39.99,0,42750.69375,First Class,Under Armour Girls' Toddler Spine Surge Runni,718
PAYMENT,5,4,42.31,120.89,Late delivery,1,18,Men's Footwear,Tempe,EE. UU.,XXXXXXXXX,Donald,5471,Smith,XXXXXXXXX,Corporate,AZ,4448 Bright Pike,85281,4,Apparel,33.42,-111.92,Pacific Asia,Zanjan,Iran,5471,,49684,403,9.100000381,0.07,124194,129.99,0.35,1,129.99,120.89,42.31,South Asia,PENDING_PAYMENT,,403,18,,http://images.acmesports.sports/Nike+Men%27s+CJ+Elite+2+TD+Football+Cleat,129.99,0,42735.25694,Standard Class,Nike Men's CJ Elite 2 TD Football Cleat,719
PAYMENT,5,4,23.19,79.98,Late delivery,1,29,Shop By Sport,Mission Viejo,EE. UU.,XXXXXXXXX,Diana,7788,Smith,XXXXXXXXX,Corporate,CA,6468 Quiet Street,92691,5,Golf,33.62,-117.68,Pacific Asia,Zanjan,Iran,7788,,47304,627,0,0,118262,39.99,0.29,2,79.98,79.98,23.19,South Asia,PENDING_PAYMENT,,627,29,,http://images.acmesports.sports/Under+Armour+Girls%27+Toddler+Spine+Surge+Running+Shoe,39.99,0,42700.51389,Standard Class,Under Armour Girls' Toddler Spine Surge Runni,720
DEBIT,2,1,14.78,167.99,Late delivery,1,48,Water Sports,Jackson Heights,EE. UU.,XXXXXXXXX,Mary,6674,Shaw,XXXXXXXXX,Consumer,NY,5640 Dewy Wharf,11372,7,Fan Shop,40.79,-74.02,Pacific Asia,Zanjan,Iran,6674,,50947,1073,32,0.16,127328,199.99,0.09,1,199.99,167.99,14.78,South Asia,COMPLETE,,1073,48,,http://images.acmesports.sports/Pelican+Sunstream+100+Kayak,199.99,0,42750.69375,First Class,Pelican Sunstream 100 Kayak,721
TRANSFER,6,4,83.52,173.99,Late delivery,1,48,Water Sports,Saint Paul,EE. UU.,XXXXXXXXX,Ryan,10801,Larson,XXXXXXXXX,Consumer,MN,5385 Old Hills Expressway,55124,7,Fan Shop,44.73,-93.17,Pacific Asia,Zanjan,Iran,10801,,49685,1073,26,0.13,124195,199.99,0.48,1,199.99,173.99,83.52,South Asia,PROCESSING,,1073,48,,http://images.acmesports.sports/Pelican+Sunstream+100+Kayak,199.99,0,42736.27153,Standard Class,Pelican Sunstream 100 Kayak,722
TRANSFER,4,4,61.71,169.99,Shipping canceled,0,48,Water Sports,El Paso,EE. UU.,XXXXXXXXX,Mary,7979,Smith,XXXXXXXXX,Consumer,TX,9595 Lazy Link,79907,7,Fan Shop,31.72,-106.34,Pacific Asia,Zanjan,Iran,7979,,49683,1073,30,0.15,124191,199.99,0.36,1,199.99,169.99,61.71,South Asia,SUSPECTED_FRAUD,,1073,48,,http://images.acmesports.sports/Pelican+Sunstream+100+Kayak,199.99,0,42734.24236,Standard Class,Pelican Sunstream 100 Kayak,723
TRANSFER,6,4,-313.48,189.99,Late delivery,1,48,Water Sports,Caguas,Puerto Rico,XXXXXXXXX,Sandra,849,Barker,XXXXXXXXX,Consumer,PR,9611 Lost Parade,725,7,Fan Shop,25.85,-97.53,Pacific Asia,Zanjan,Iran,849,,47650,1073,10,0.05,119135,199.99,-1.65,1,199.99,189.99,-313.48,South Asia,PENDING,,1073,48,,http://images.acmesports.sports/Pelican+Sunstream+100+Kayak,199.99,0,42706.56528,Standard Class,Pelican Sunstream 100 Kayak,724
CASH,4,2,19.8,197.99,Late delivery,1,48,Water Sports,Tucson,EE. UU.,XXXXXXXXX,Mary,7278,Liu,XXXXXXXXX,Corporate,AZ,7855 Golden Lake Limits,85713,7,Fan Shop,32.15,-111.13,Pacific Asia,Zanjan,Iran,7278,,47328,1073,2,0.01,118311,199.99,0.1,1,199.99,197.99,19.8,South Asia,CLOSED,,1073,48,,http://images.acmesports.sports/Pelican+Sunstream+100+Kayak,199.99,0,42699.86458,Second Class,Pelican Sunstream 100 Kayak,725
PAYMENT,1,0,60.48,188.99,Late delivery,1,48,Water Sports,Passaic,EE. UU.,XXXXXXXXX,Jeffrey,11220,Reed,XXXXXXXXX,Consumer,NJ,8620 Burning Isle,7055,7,Fan Shop,40.86,-74.11,Pacific Asia,Zanjan,Iran,11220,,47305,1073,11,0.06,118265,199.99,0.32,1,199.99,188.99,60.48,South Asia,PENDING_PAYMENT,,1073,48,,http://images.acmesports.sports/Pelican+Sunstream+100+Kayak,199.99,0,42696.02847,Same Day,Pelican Sunstream 100 Kayak,726
PAYMENT,4,4,53.94,185.99,Shipping on time,0,48,Water Sports,Brooklyn,EE. UU.,XXXXXXXXX,Victoria,41,Mason,XXXXXXXXX,Consumer,NY,7869 Crystal View Villas,11230,7,Fan Shop,40.68,-73.87,Pacific Asia,Zanjan,Iran,41,,47303,1073,14,0.07,118257,199.99,0.29,1,199.99,185.99,53.94,South Asia,PENDING_PAYMENT,,1073,48,,http://images.acmesports.sports/Pelican+Sunstream+100+Kayak,199.99,0,42699.49931,Standard Class,Pelican Sunstream 100 Kayak,727
PAYMENT,4,4,23.61,49.19,Shipping on time,0,17,Cleats,Brooklyn,EE. UU.,XXXXXXXXX,Victoria,41,Mason,XXXXXXXXX,Consumer,NY,7869 Crystal View Villas,11230,4,Apparel,40.68,-73.87,Pacific Asia,Zanjan,Iran,41,,47303,365,10.80000019,0.18,118259,59.99,0.48,1,59.99,49.19,23.61,South Asia,PENDING_PAYMENT,,365,17,,http://images.acmesports.sports/Perfect+Fitness+Perfect+Rip+Deck,59.99,0,42699.49931,Standard Class,Perfect Fitness Perfect Rip Deck,728
PAYMENT,4,4,5.41,18.03,Shipping on time,0,41,Trade-In,Brooklyn,EE. UU.,XXXXXXXXX,Victoria,41,Mason,XXXXXXXXX,Consumer,NY,7869 Crystal View Villas,11230,6,Outdoors,40.68,-73.87,Pacific Asia,Zanjan,Iran,41,,47303,917,3.960000038,0.18,118255,21.99,0.3,1,21.99,18.03,5.41,South Asia,PENDING_PAYMENT,,917,41,,http://images.acmesports.sports/Glove+It+Women%27s+Mod+Oval+3-Zip+Carry+All+Golf+Bag,21.99,0,42699.49931,Standard Class,Glove It Women's Mod Oval 3-Zip Carry All Gol,729
PAYMENT,4,4,53.86,284.95,Shipping on time,0,17,Cleats,Brooklyn,EE. UU.,XXXXXXXXX,Victoria,41,Mason,XXXXXXXXX,Consumer,NY,7869 Crystal View Villas,11230,4,Apparel,40.68,-73.87,Pacific Asia,Zanjan,Iran,41,,47303,365,15,0.05,118258,59.99,0.19,5,299.95,284.95,53.86,South Asia,PENDING_PAYMENT,,365,17,,http://images.acmesports.sports/Perfect+Fitness+Perfect+Rip+Deck,59.99,0,42699.49931,Standard Class,Perfect Fitness Perfect Rip Deck,730
DEBIT,2,1,23.99,49.98,Late delivery,1,46,Indoor/Outdoor Games,Jackson Heights,EE. UU.,XXXXXXXXX,Mary,6674,Shaw,XXXXXXXXX,Consumer,NY,5640 Dewy Wharf,11372,7,Fan Shop,40.79,-74.02,Pacific Asia,Zanjan,Iran,6674,,50947,1014,0,0,127329,49.98,0.48,1,49.98,49.98,23.99,South Asia,COMPLETE,,1014,46,,http://images.acmesports.sports/O%27Brien+Men%27s+Neoprene+Life+Vest,49.98,0,42750.69375,First Class,O'Brien Men's Neoprene Life Vest,731
PAYMENT,5,4,74.67,165.93,Late delivery,1,46,Indoor/Outdoor Games,Mission Viejo,EE. UU.,XXXXXXXXX,Diana,7788,Smith,XXXXXXXXX,Corporate,CA,6468 Quiet Street,92691,7,Fan Shop,33.62,-117.68,Pacific Asia,Zanjan,Iran,7788,,47304,1014,33.99000168,0.17,118261,49.98,0.45,4,199.92,165.93,74.67,South Asia,PENDING_PAYMENT,,1014,46,,http://images.acmesports.sports/O%27Brien+Men%27s+Neoprene+Life+Vest,49.98,0,42700.51389,Standard Class,O'Brien Men's Neoprene Life Vest,732
PAYMENT,4,4,20.49,49.98,Shipping on time,0,46,Indoor/Outdoor Games,Brooklyn,EE. UU.,XXXXXXXXX,Victoria,41,Mason,XXXXXXXXX,Consumer,NY,7869 Crystal View Villas,11230,7,Fan Shop,40.68,-73.87,Pacific Asia,Zanjan,Iran,41,,47303,1014,0,0,118256,49.98,0.41,1,49.98,49.98,20.49,South Asia,PENDING_PAYMENT,,1014,46,,http://images.acmesports.sports/O%27Brien+Men%27s+Neoprene+Life+Vest,49.98,0,42699.49931,Standard Class,O'Brien Men's Neoprene Life Vest,733
TRANSFER,5,4,11.37,45.48,Late delivery,1,46,Indoor/Outdoor Games,Murfreesboro,EE. UU.,XXXXXXXXX,Amy,10268,Washington,XXXXXXXXX,Consumer,TN,8702 Umber Mountain Gate,37130,7,Fan Shop,36.05,-86.35,Pacific Asia,Zanjan,Iran,10268,,44684,1014,4.5,0.09,111588,49.98,0.25,1,49.98,45.48,11.37,South Asia,PENDING,,1014,46,,http://images.acmesports.sports/O%27Brien+Men%27s+Neoprene+Life+Vest,49.98,0,42662.26806,Standard Class,O'Brien Men's Neoprene Life Vest,734
TRANSFER,2,2,83.15,296.98,Shipping on time,0,43,Camping & Hiking,Phoenix,EE. UU.,XXXXXXXXX,Brenda,5951,Oconnell,XXXXXXXXX,Consumer,AZ,1453 Grand Rabbit Park,85032,7,Fan Shop,33.6,-111.99,Pacific Asia,Zanjan,Iran,5951,,47451,957,3,0.01,118618,299.98,0.28,1,299.98,296.98,83.15,South Asia,PROCESSING,,957,43,,http://images.acmesports.sports/Diamondback+Women%27s+Serene+Classic+Comfort+Bike+2014,299.98,0,42699.65972,Second Class,Diamondback Women's Serene Classic Comfort Bi,735
TRANSFER,1,0,35.87,77.99,Shipping canceled,0,37,Electronics,Caguas,Puerto Rico,XXXXXXXXX,Mary,2984,Smith,XXXXXXXXX,Corporate,PR,9767 Amber Valley,725,6,Outdoors,18.25,-66.37,Pacific Asia,Zanjan,Iran,2984,,47306,823,26,0.25,118267,51.99,0.46,2,103.98,77.99,35.87,South Asia,SUSPECTED_FRAUD,,823,37,,http://images.acmesports.sports/Titleist+Pro+V1x+High+Numbers+Personalized+Golf+Balls,51.99,0,42696.04306,Same Day,Titleist Pro V1x High Numbers Personalized Go,736
TRANSFER,1,0,46.8,144,Shipping canceled,0,24,Women's Apparel,Caguas,Puerto Rico,XXXXXXXXX,Mary,2984,Smith,XXXXXXXXX,Corporate,PR,9767 Amber Valley,725,5,Golf,18.25,-66.37,Pacific Asia,Zanjan,Iran,2984,,47306,502,6,0.04,118268,50,0.33,3,150,144,46.8,South Asia,SUSPECTED_FRAUD,,502,24,,http://images.acmesports.sports/Nike+Men%27s+Dri-FIT+Victory+Golf+Polo,50,0,42696.04306,Same Day,Nike Men's Dri-FIT Victory Golf Polo,737
TRANSFER,1,0,92.16,192,Shipping canceled,0,24,Women's Apparel,Caguas,Puerto Rico,XXXXXXXXX,Mary,2984,Smith,XXXXXXXXX,Corporate,PR,9767 Amber Valley,725,5,Golf,18.25,-66.37,Pacific Asia,Zanjan,Iran,2984,,47306,502,8,0.04,118266,50,0.48,4,200,192,92.16,South Asia,SUSPECTED_FRAUD,,502,24,,http://images.acmesports.sports/Nike+Men%27s+Dri-FIT+Victory+Golf+Polo,50,0,42696.04306,Same Day,Nike Men's Dri-FIT Victory Golf Polo,738
TRANSFER,5,4,17.43,49.79,Late delivery,1,17,Cleats,Murfreesboro,EE. UU.,XXXXXXXXX,Amy,10268,Washington,XXXXXXXXX,Consumer,TN,8702 Umber Mountain Gate,37130,4,Apparel,36.05,-86.35,Pacific Asia,Zanjan,Iran,10268,,44684,365,10.19999981,0.17,111585,59.99,0.35,1,59.99,49.79,17.43,South Asia,PENDING,,365,17,,http://images.acmesports.sports/Perfect+Fitness+Perfect+Rip+Deck,59.99,0,42662.26806,Standard Class,Perfect Fitness Perfect Rip Deck,739
TRANSFER,5,4,124.73,296.98,Late delivery,1,43,Camping & Hiking,Murfreesboro,EE. UU.,XXXXXXXXX,Amy,10268,Washington,XXXXXXXXX,Consumer,TN,8702 Umber Mountain Gate,37130,7,Fan Shop,36.05,-86.35,Pacific Asia,Zanjan,Iran,10268,,44684,957,3,0.01,111584,299.98,0.42,1,299.98,296.98,124.73,South Asia,PENDING,,957,43,,http://images.acmesports.sports/Diamondback+Women%27s+Serene+Classic+Comfort+Bike+2014,299.98,0,42662.26806,Standard Class,Diamondback Women's Serene Classic Comfort Bi,740
TRANSFER,5,4,2.7,44.98,Late delivery,1,5,Lacrosse,Murfreesboro,EE. UU.,XXXXXXXXX,Amy,10268,Washington,XXXXXXXXX,Consumer,TN,8702 Umber Mountain Gate,37130,2,Fitness,36.05,-86.35,Pacific Asia,Zanjan,Iran,10268,,44684,93,5,0.1,111586,24.99,0.06,2,49.98,44.98,2.7,South Asia,PENDING,,93,5,,http://images.acmesports.sports/Under+Armour+Men%27s+Tech+II+T-Shirt,24.99,0,42662.26806,Standard Class,Under Armour Men's Tech II T-Shirt,741
TRANSFER,4,4,-7.81,35.98,Shipping canceled,0,36,Golf Balls,El Paso,EE. UU.,XXXXXXXXX,Mary,7979,Smith,XXXXXXXXX,Consumer,TX,9595 Lazy Link,79907,6,Outdoors,31.72,-106.34,Pacific Asia,Zanjan,Iran,7979,,49683,810,4,0.1,124193,19.99,-0.22,2,39.98,35.98,-7.81,South Asia,SUSPECTED_FRAUD,,810,36,,http://images.acmesports.sports/Glove+It+Women%27s+Mod+Oval+Golf+Glove,19.99,0,42734.24236,Standard Class,Glove It Women's Mod Oval Golf Glove,742
TRANSFER,6,4,100,399.98,Late delivery,1,45,Fishing,Saint Paul,EE. UU.,XXXXXXXXX,Ryan,10801,Larson,XXXXXXXXX,Consumer,MN,5385 Old Hills Expressway,55124,7,Fan Shop,44.73,-93.17,Pacific Asia,Zanjan,Iran,10801,,49685,1004,0,0,124196,399.98,0.25,1,399.98,399.98,100,South Asia,PROCESSING,,1004,45,,http://images.acmesports.sports/Field+%26+Stream+Sportsman+16+Gun+Fire+Safe,399.98,0,42736.27153,Standard Class,Field & Stream Sportsman 16 Gun Fire Safe,743
TRANSFER,4,4,143.74,395.98,Shipping canceled,0,45,Fishing,El Paso,EE. UU.,XXXXXXXXX,Mary,7979,Smith,XXXXXXXXX,Consumer,TX,9595 Lazy Link,79907,7,Fan Shop,31.72,-106.34,Pacific Asia,Zanjan,Iran,7979,,49683,1004,4,0.01,124192,399.98,0.36,1,399.98,395.98,143.74,South Asia,SUSPECTED_FRAUD,,1004,45,,http://images.acmesports.sports/Field+%26+Stream+Sportsman+16+Gun+Fire+Safe,399.98,0,42734.24236,Standard Class,Field & Stream Sportsman 16 Gun Fire Safe,744
PAYMENT,5,4,34.14,387.98,Late delivery,1,45,Fishing,Caguas,Puerto Rico,XXXXXXXXX,Mary,10041,Smith,XXXXXXXXX,Home Office,PR,8544 Silent Treasure Thicket,725,7,Fan Shop,18.21,-66.37,Pacific Asia,Zanjan,Iran,10041,,47649,1004,12,0.03,119132,399.98,0.09,1,399.98,387.98,34.14,South Asia,PENDING_PAYMENT,,1004,45,,http://images.acmesports.sports/Field+%26+Stream+Sportsman+16+Gun+Fire+Safe,399.98,0,42705.55069,Standard Class,Field & Stream Sportsman 16 Gun Fire Safe,745
DEBIT,2,4,43.84,387.98,Advance shipping,0,45,Fishing,Stamford,EE. UU.,XXXXXXXXX,Christian,11822,Smith,XXXXXXXXX,Corporate,CT,363 Green Goose Run,6902,7,Fan Shop,41.02,-73.52,Pacific Asia,Zanjan,Iran,11822,,47371,1004,12,0.03,118437,399.98,0.11,1,399.98,387.98,43.84,South Asia,ON_HOLD,,1004,45,,http://images.acmesports.sports/Field+%26+Stream+Sportsman+16+Gun+Fire+Safe,399.98,0,42698.49236,Standard Class,Field & Stream Sportsman 16 Gun Fire Safe,746
CASH,4,2,114.79,327.98,Late delivery,1,45,Fishing,Tucson,EE. UU.,XXXXXXXXX,Mary,7278,Liu,XXXXXXXXX,Corporate,AZ,7855 Golden Lake Limits,85713,7,Fan Shop,32.15,-111.13,Pacific Asia,Zanjan,Iran,7278,,47328,1004,72,0.18,118315,399.98,0.35,1,399.98,327.98,114.79,South Asia,CLOSED,,1004,45,,http://images.acmesports.sports/Field+%26+Stream+Sportsman+16+Gun+Fire+Safe,399.98,0,42699.86458,Second Class,Field & Stream Sportsman 16 Gun Fire Safe,747
CASH,4,2,156.79,319.98,Late delivery,1,45,Fishing,Tucson,EE. UU.,XXXXXXXXX,Mary,7278,Liu,XXXXXXXXX,Corporate,AZ,7855 Golden Lake Limits,85713,7,Fan Shop,32.15,-111.13,Pacific Asia,Zanjan,Iran,7278,,47328,1004,80,0.2,118312,399.98,0.49,1,399.98,319.98,156.79,South Asia,CLOSED,,1004,45,,http://images.acmesports.sports/Field+%26+Stream+Sportsman+16+Gun+Fire+Safe,399.98,0,42699.86458,Second Class,Field & Stream Sportsman 16 Gun Fire Safe,748
PAYMENT,5,4,137.63,371.98,Late delivery,1,45,Fishing,Mission Viejo,EE. UU.,XXXXXXXXX,Diana,7788,Smith,XXXXXXXXX,Corporate,CA,6468 Quiet Street,92691,7,Fan Shop,33.62,-117.68,Pacific Asia,Zanjan,Iran,7788,,47304,1004,28,0.07,118263,399.98,0.37,1,399.98,371.98,137.63,South Asia,PENDING_PAYMENT,,1004,45,,http://images.acmesports.sports/Field+%26+Stream+Sportsman+16+Gun+Fire+Safe,399.98,0,42700.51389,Standard Class,Field & Stream Sportsman 16 Gun Fire Safe,749
PAYMENT,5,4,156.51,363.98,Late delivery,1,45,Fishing,Mission Viejo,EE. UU.,XXXXXXXXX,Diana,7788,Smith,XXXXXXXXX,Corporate,CA,6468 Quiet Street,92691,7,Fan Shop,33.62,-117.68,Pacific Asia,Zanjan,Iran,7788,,47304,1004,36,0.09,118260,399.98,0.43,1,399.98,363.98,156.51,South Asia,PENDING_PAYMENT,,1004,45,,http://images.acmesports.sports/Field+%26+Stream+Sportsman+16+Gun+Fire+Safe,399.98,0,42700.51389,Standard Class,Field & Stream Sportsman 16 Gun Fire Safe,750
PAYMENT,5,4,0,89.99,Late delivery,1,17,Cleats,Caguas,Puerto Rico,XXXXXXXXX,Harold,7167,Medina,XXXXXXXXX,Consumer,PR,9539 Velvet Trace,725,4,Apparel,18.22,-66.37,Pacific Asia,Zanjan,Iran,7167,,47374,365,30,0.25,118442,59.99,0,2,119.98,89.99,0,South Asia,PENDING_PAYMENT,,365,17,,http://images.acmesports.sports/Perfect+Fitness+Perfect+Rip+Deck,59.99,0,42701.53611,Standard Class,Perfect Fitness Perfect Rip Deck,751
PAYMENT,5,4,43.11,93.71,Late delivery,1,40,Accessories,Caguas,Puerto Rico,XXXXXXXXX,Harold,7167,Medina,XXXXXXXXX,Consumer,PR,9539 Velvet Trace,725,6,Outdoors,18.22,-66.37,Pacific Asia,Zanjan,Iran,7167,,47374,885,31.23999977,0.25,118443,24.99,0.46,5,124.95,93.71,43.11,South Asia,PENDING_PAYMENT,,885,40,,http://images.acmesports.sports/Team+Golf+St.+Louis+Cardinals+Putter+Grip,24.99,0,42701.53611,Standard Class,Team Golf St. Louis Cardinals Putter Grip,752
TRANSFER,6,4,19.47,57.59,Late delivery,1,17,Cleats,Caguas,Puerto Rico,XXXXXXXXX,Sandra,849,Barker,XXXXXXXXX,Consumer,PR,9611 Lost Parade,725,4,Apparel,25.85,-97.53,Pacific Asia,Zanjan,Iran,849,,47650,365,2.400000095,0.04,119137,59.99,0.34,1,59.99,57.59,19.47,South Asia,PENDING,,365,17,,http://images.acmesports.sports/Perfect+Fitness+Perfect+Rip+Deck,59.99,0,42706.56528,Standard Class,Perfect Fitness Perfect Rip Deck,753
TRANSFER,6,4,-2.85,56.99,Late delivery,1,17,Cleats,Caguas,Puerto Rico,XXXXXXXXX,Sandra,849,Barker,XXXXXXXXX,Consumer,PR,9611 Lost Parade,725,4,Apparel,25.85,-97.53,Pacific Asia,Zanjan,Iran,849,,47650,365,3,0.05,119136,59.99,-0.05,1,59.99,56.99,-2.85,South Asia,PENDING,,365,17,,http://images.acmesports.sports/Perfect+Fitness+Perfect+Rip+Deck,59.99,0,42706.56528,Standard Class,Perfect Fitness Perfect Rip Deck,754
TRANSFER,3,4,118.43,251.98,Advance shipping,0,43,Camping & Hiking,Caguas,Puerto Rico,XXXXXXXXX,Mary,7784,Smith,XXXXXXXXX,Consumer,PR,3216 Red Glade,725,7,Fan Shop,18.25,-66.37,Pacific Asia,Zanjan,Iran,7784,,47372,957,48,0.16,118441,299.98,0.47,1,299.98,251.98,118.43,South Asia,PENDING,,957,43,,http://images.acmesports.sports/Diamondback+Women%27s+Serene+Classic+Comfort+Bike+2014,299.98,0,42699.50694,Standard Class,Diamondback Women's Serene Classic Comfort Bi,755
TRANSFER,3,4,24.59,65.58,Advance shipping,0,29,Shop By Sport,Caguas,Puerto Rico,XXXXXXXXX,Mary,7784,Smith,XXXXXXXXX,Consumer,PR,3216 Red Glade,725,5,Golf,18.25,-66.37,Pacific Asia,Zanjan,Iran,7784,,47372,627,14.39999962,0.18,118439,39.99,0.38,2,79.98,65.58,24.59,South Asia,PENDING,,627,29,,http://images.acmesports.sports/Under+Armour+Girls%27+Toddler+Spine+Surge+Running+Shoe,39.99,0,42699.50694,Standard Class,Under Armour Girls' Toddler Spine Surge Runni,756
TRANSFER,6,4,42.6,161.97,Late delivery,1,17,Cleats,Caguas,Puerto Rico,XXXXXXXXX,Sandra,849,Barker,XXXXXXXXX,Consumer,PR,9611 Lost Parade,725,4,Apparel,25.85,-97.53,Pacific Asia,Zanjan,Iran,849,,47650,365,18,0.1,119138,59.99,0.26,3,179.97,161.97,42.6,South Asia,PENDING,,365,17,,http://images.acmesports.sports/Perfect+Fitness+Perfect+Rip+Deck,59.99,0,42706.56528,Standard Class,Perfect Fitness Perfect Rip Deck,757
TRANSFER,3,4,68.03,226.76,Advance shipping,0,17,Cleats,Caguas,Puerto Rico,XXXXXXXXX,Mary,7784,Smith,XXXXXXXXX,Consumer,PR,3216 Red Glade,725,4,Apparel,18.25,-66.37,Pacific Asia,Zanjan,Iran,7784,,47372,365,13.19999981,0.06,118440,59.99,0.3,4,239.96,226.76,68.03,South Asia,PENDING,,365,17,,http://images.acmesports.sports/Perfect+Fitness+Perfect+Rip+Deck,59.99,0,42699.50694,Standard Class,Perfect Fitness Perfect Rip Deck,758
CASH,5,4,58,199.99,Late delivery,1,48,Water Sports,Caguas,Puerto Rico,XXXXXXXXX,Mary,6430,Jackson,XXXXXXXXX,Consumer,PR,3151 Quaking Grove,725,7,Fan Shop,18.28,-66.37,Africa,Gusau,Nigeria,6430,,47414,1073,0,0,118540,199.99,0.29,1,199.99,199.99,58,West Africa,CLOSED,,1073,48,,http://images.acmesports.sports/Pelican+Sunstream+100+Kayak,199.99,0,42702.12014,Standard Class,Pelican Sunstream 100 Kayak,759
DEBIT,4,4,83.16,197.99,Shipping on time,0,48,Water Sports,Houston,EE. UU.,XXXXXXXXX,Mary,6090,Smith,XXXXXXXXX,Home Office,TX,6442 Emerald Rise Extension,77084,7,Fan Shop,29.89,-95.29,Africa,Gusau,Nigeria,6090,,47413,1073,2,0.01,118539,199.99,0.42,1,199.99,197.99,83.16,West Africa,COMPLETE,,1073,48,,http://images.acmesports.sports/Pelican+Sunstream+100+Kayak,199.99,0,42701.10556,Standard Class,Pelican Sunstream 100 Kayak,760
DEBIT,3,4,68.6,195.99,Advance shipping,0,48,Water Sports,Houston,EE. UU.,XXXXXXXXX,Mary,10405,Durham,XXXXXXXXX,Consumer,TX,5293 Emerald Concession,77072,7,Fan Shop,29.81,-95.27,Africa,Gusau,Nigeria,10405,,47412,1073,4,0.02,118533,199.99,0.35,1,199.99,195.99,68.6,West Africa,ON_HOLD,,1073,48,,http://images.acmesports.sports/Pelican+Sunstream+100+Kayak,199.99,0,42700.09097,Standard Class,Pelican Sunstream 100 Kayak,761
DEBIT,3,4,-7.12,56.98,Advance shipping,0,44,Hunting & Shooting,Houston,EE. UU.,XXXXXXXXX,Mary,10405,Durham,XXXXXXXXX,Consumer,TX,5293 Emerald Concession,77072,7,Fan Shop,29.81,-95.27,Africa,Gusau,Nigeria,10405,,47412,977,3,0.05,118536,29.99,-0.13,2,59.98,56.98,-7.12,West Africa,ON_HOLD,,977,44,,http://images.acmesports.sports/ENO+Atlas+Hammock+Straps,29.99,0,42700.09097,Standard Class,ENO Atlas Hammock Straps,762
DEBIT,3,4,-6.23,124.5,Advance shipping,0,24,Women's Apparel,Houston,EE. UU.,XXXXXXXXX,Mary,10405,Durham,XXXXXXXXX,Consumer,TX,5293 Emerald Concession,77072,5,Golf,29.81,-95.27,Africa,Gusau,Nigeria,10405,,47412,502,25.5,0.17,118534,50,-0.05,3,150,124.5,-6.23,West Africa,ON_HOLD,,502,24,,http://images.acmesports.sports/Nike+Men%27s+Dri-FIT+Victory+Golf+Polo,50,0,42700.09097,Standard Class,Nike Men's Dri-FIT Victory Golf Polo,763
DEBIT,3,4,107.99,359.98,Advance shipping,0,45,Fishing,Houston,EE. UU.,XXXXXXXXX,Mary,10405,Durham,XXXXXXXXX,Consumer,TX,5293 Emerald Concession,77072,7,Fan Shop,29.81,-95.27,Africa,Gusau,Nigeria,10405,,47412,1004,40,0.1,118535,399.98,0.3,1,399.98,359.98,107.99,West Africa,ON_HOLD,,1004,45,,http://images.acmesports.sports/Field+%26+Stream+Sportsman+16+Gun+Fire+Safe,399.98,0,42700.09097,Standard Class,Field & Stream Sportsman 16 Gun Fire Safe,764
DEBIT,4,4,87.11,239.96,Shipping on time,0,17,Cleats,Houston,EE. UU.,XXXXXXXXX,Mary,6090,Smith,XXXXXXXXX,Home Office,TX,6442 Emerald Rise Extension,77084,4,Apparel,29.89,-95.29,Africa,Gusau,Nigeria,6090,,47413,365,0,0,118538,59.99,0.36,4,239.96,239.96,87.11,West Africa,COMPLETE,,365,17,,http://images.acmesports.sports/Perfect+Fitness+Perfect+Rip+Deck,59.99,0,42701.10556,Standard Class,Perfect Fitness Perfect Rip Deck,765
DEBIT,4,4,63.95,245.96,Shipping on time,0,17,Cleats,Houston,EE. UU.,XXXXXXXXX,Mary,6090,Smith,XXXXXXXXX,Home Office,TX,6442 Emerald Rise Extension,77084,4,Apparel,29.89,-95.29,Africa,Gusau,Nigeria,6090,,47413,365,53.99000168,0.18,118537,59.99,0.26,5,299.95,245.96,63.95,West Africa,COMPLETE,,365,17,,http://images.acmesports.sports/Perfect+Fitness+Perfect+Rip+Deck,59.99,0,42701.10556,Standard Class,Perfect Fitness Perfect Rip Deck,766
CASH,5,4,6.1,53.99,Late delivery,1,17,Cleats,Caguas,Puerto Rico,XXXXXXXXX,Mary,6430,Jackson,XXXXXXXXX,Consumer,PR,3151 Quaking Grove,725,4,Apparel,18.28,-66.37,Africa,Gusau,Nigeria,6430,,47414,365,6,0.1,118542,59.99,0.11,1,59.99,53.99,6.1,West Africa,CLOSED,,365,17,,http://images.acmesports.sports/Perfect+Fitness+Perfect+Rip+Deck,59.99,0,42702.12014,Standard Class,Perfect Fitness Perfect Rip Deck,767
CASH,5,4,-428.71,489.95,Late delivery,1,9,Cardio Equipment,Caguas,Puerto Rico,XXXXXXXXX,Mary,6430,Jackson,XXXXXXXXX,Consumer,PR,3151 Quaking Grove,725,3,Footwear,18.28,-66.37,Africa,Gusau,Nigeria,6430,,47414,191,10,0.02,118541,99.99,-0.88,5,499.95,489.95,-428.71,West Africa,CLOSED,,191,9,,http://images.acmesports.sports/Nike+Men%27s+Free+5.0%2B+Running+Shoe,99.99,0,42702.12014,Standard Class,Nike Men's Free 5.0+ Running Shoe,768
TRANSFER,5,4,182.14,395.96,Late delivery,1,9,Cardio Equipment,Simi Valley,EE. UU.,XXXXXXXXX,Mary,8144,Summers,XXXXXXXXX,Consumer,CA,3926 Stony Gardens,93065,3,Footwear,34.27,-118.77,Africa,Quelimane,Mozambique,8144,,51009,191,4,0.01,127490,99.99,0.46,4,399.96,395.96,182.14,East Africa,PROCESSING,,191,9,,http://images.acmesports.sports/Nike+Men%27s+Free+5.0%2B+Running+Shoe,99.99,0,42754.59861,Standard Class,Nike Men's Free 5.0+ Running Shoe,769
PAYMENT,2,1,37.35,110.49,Late delivery,1,18,Men's Footwear,Phoenix,EE. UU.,XXXXXXXXX,Zachary,6313,Smith,XXXXXXXXX,Consumer,AZ,4155 Cinder Hickory Thicket,85032,4,Apparel,33.6,-111.99,Africa,Quelimane,Mozambique,6313,,49101,403,19.5,0.15,122770,129.99,0.34,1,129.99,110.49,37.35,East Africa,PENDING_PAYMENT,,403,18,,http://images.acmesports.sports/Nike+Men%27s+CJ+Elite+2+TD+Football+Cleat,129.99,0,42723.74653,First Class,Nike Men's CJ Elite 2 TD Football Cleat,770
PAYMENT,2,1,28.39,109.19,Late delivery,1,18,Men's Footwear,New York,EE. UU.,XXXXXXXXX,Robert,1489,Smith,XXXXXXXXX,Consumer,NY,9437 Middle Beacon Place,10003,4,Apparel,40.73,-73.99,Africa,Quelimane,Mozambique,1489,,49099,403,20.79999924,0.16,122767,129.99,0.26,1,129.99,109.19,28.39,East Africa,PENDING_PAYMENT,,403,18,,http://images.acmesports.sports/Nike+Men%27s+CJ+Elite+2+TD+Football+Cleat,129.99,0,42723.71667,First Class,Nike Men's CJ Elite 2 TD Football Cleat,771
PAYMENT,2,1,-86.31,107.89,Late delivery,1,18,Men's Footwear,New York,EE. UU.,XXXXXXXXX,Robert,1489,Smith,XXXXXXXXX,Consumer,NY,9437 Middle Beacon Place,10003,4,Apparel,40.73,-73.99,Africa,Quelimane,Mozambique,1489,,49099,403,22.10000038,0.17,122766,129.99,-0.8,1,129.99,107.89,-86.31,East Africa,PENDING_PAYMENT,,403,18,,http://images.acmesports.sports/Nike+Men%27s+CJ+Elite+2+TD+Football+Cleat,129.99,0,42723.71667,First Class,Nike Men's CJ Elite 2 TD Football Cleat,772
PAYMENT,2,1,100.79,287.98,Late delivery,1,43,Camping & Hiking,Phoenix,EE. UU.,XXXXXXXXX,Zachary,6313,Smith,XXXXXXXXX,Consumer,AZ,4155 Cinder Hickory Thicket,85032,7,Fan Shop,33.6,-111.99,Africa,Quelimane,Mozambique,6313,,49101,957,12,0.04,122769,299.98,0.35,1,299.98,287.98,100.79,East Africa,PENDING_PAYMENT,,957,43,,http://images.acmesports.sports/Diamondback+Women%27s+Serene+Classic+Comfort+Bike+2014,299.98,0,42723.74653,First Class,Diamondback Women's Serene Classic Comfort Bi,773
CASH,5,4,60.75,224.99,Late delivery,1,43,Camping & Hiking,Anaheim,EE. UU.,XXXXXXXXX,Andrew,10146,Smith,XXXXXXXXX,Consumer,CA,7116 Cotton Log Cape,92802,7,Fan Shop,33.81,-117.94,Africa,Quelimane,Mozambique,10146,42532,46244,957,75,0.25,115600,299.98,0.27,1,299.98,224.99,60.75,East Africa,CLOSED,,957,43,,http://images.acmesports.sports/Diamondback+Women%27s+Serene+Classic+Comfort+Bike+2014,299.98,0,42685.04028,Standard Class,Diamondback Women's Serene Classic Comfort Bi,774
PAYMENT,2,1,-35.65,167.37,Late delivery,1,17,Cleats,New York,EE. UU.,XXXXXXXXX,Robert,1489,Smith,XXXXXXXXX,Consumer,NY,9437 Middle Beacon Place,10003,4,Apparel,40.73,-73.99,Africa,Quelimane,Mozambique,1489,,49099,365,12.60000038,0.07,122764,59.99,-0.21,3,179.97,167.37,-35.65,East Africa,PENDING_PAYMENT,,365,17,,http://images.acmesports.sports/Perfect+Fitness+Perfect+Rip+Deck,59.99,0,42723.71667,First Class,Perfect Fitness Perfect Rip Deck,775
PAYMENT,2,1,19.62,104.37,Late delivery,1,29,Shop By Sport,New York,EE. UU.,XXXXXXXXX,Robert,1489,Smith,XXXXXXXXX,Consumer,NY,9437 Middle Beacon Place,10003,5,Golf,40.73,-73.99,Africa,Quelimane,Mozambique,1489,,49099,627,15.60000038,0.13,122765,39.99,0.19,3,119.97,104.37,19.62,East Africa,PENDING_PAYMENT,,627,29,,http://images.acmesports.sports/Under+Armour+Girls%27+Toddler+Spine+Surge+Running+Shoe,39.99,0,42723.71667,First Class,Under Armour Girls' Toddler Spine Surge Runni,776
PAYMENT,2,1,59.39,237.56,Late delivery,1,17,Cleats,Phoenix,EE. UU.,XXXXXXXXX,Zachary,6313,Smith,XXXXXXXXX,Consumer,AZ,4155 Cinder Hickory Thicket,85032,4,Apparel,33.6,-111.99,Africa,Quelimane,Mozambique,6313,,49101,365,2.400000095,0.01,122771,59.99,0.25,4,239.96,237.56,59.39,East Africa,PENDING_PAYMENT,,365,17,,http://images.acmesports.sports/Perfect+Fitness+Perfect+Rip+Deck,59.99,0,42723.74653,First Class,Perfect Fitness Perfect Rip Deck,777
DEBIT,4,4,16.74,167.37,Shipping on time,0,17,Cleats,Caguas,Puerto Rico,XXXXXXXXX,Kyle,10253,Smith,XXXXXXXXX,Consumer,PR,1023 Honey Grove,725,4,Apparel,18.22,-66.37,Africa,Quelimane,Mozambique,10253,42532,46243,365,12.60000038,0.07,115593,59.99,0.1,3,179.97,167.37,16.74,East Africa,COMPLETE,,365,17,,http://images.acmesports.sports/Perfect+Fitness+Perfect+Rip+Deck,59.99,0,42684.02569,Standard Class,Perfect Fitness Perfect Rip Deck,778
CASH,5,4,13.86,85,Late delivery,1,24,Women's Apparel,Anaheim,EE. UU.,XXXXXXXXX,Andrew,10146,Smith,XXXXXXXXX,Consumer,CA,7116 Cotton Log Cape,92802,5,Golf,33.81,-117.94,Africa,Quelimane,Mozambique,10146,42532,46244,502,15,0.15,115599,50,0.16,2,100,85,13.86,East Africa,CLOSED,,502,24,,http://images.acmesports.sports/Nike+Men%27s+Dri-FIT+Victory+Golf+Polo,50,0,42685.04028,Standard Class,Nike Men's Dri-FIT Victory Golf Polo,779
DEBIT,2,1,21.03,123.7,Late delivery,1,40,Accessories,South Ozone Park,EE. UU.,XXXXXXXXX,Mary,7493,Rodriguez,XXXXXXXXX,Consumer,NY,3033 Tawny Zephyr Cape,11420,6,Outdoors,40.68,-73.81,Africa,Quelimane,Mozambique,7493,,49100,886,1.25,0.01,122768,24.99,0.17,5,124.95,123.7,21.03,East Africa,COMPLETE,,886,40,,http://images.acmesports.sports/Team+Golf+San+Francisco+Giants+Putter+Grip,24.99,0,42723.73194,First Class,Team Golf San Francisco Giants Putter Grip,780
DEBIT,4,4,74.04,203.97,Shipping on time,0,17,Cleats,Caguas,Puerto Rico,XXXXXXXXX,Kyle,10253,Smith,XXXXXXXXX,Consumer,PR,1023 Honey Grove,725,4,Apparel,18.22,-66.37,Africa,Quelimane,Mozambique,10253,42532,46243,365,35.99000168,0.15,115595,59.99,0.36,4,239.96,203.97,74.04,East Africa,COMPLETE,,365,17,,http://images.acmesports.sports/Perfect+Fitness+Perfect+Rip+Deck,59.99,0,42684.02569,Standard Class,Perfect Fitness Perfect Rip Deck,781
DEBIT,4,4,62.4,132.76,Shipping on time,0,37,Electronics,Caguas,Puerto Rico,XXXXXXXXX,Kyle,10253,Smith,XXXXXXXXX,Consumer,PR,1023 Honey Grove,725,6,Outdoors,18.22,-66.37,Africa,Quelimane,Mozambique,10253,42532,46243,835,27.19000053,0.17,115594,31.99,0.47,5,159.95,132.76,62.4,East Africa,COMPLETE,,835,37,,http://images.acmesports.sports/Bridgestone+e6+Straight+Distance+NFL+Carolina+Panthers+Golf...,31.99,0,42684.02569,Standard Class,Bridgestone e6 Straight Distance NFL Carolina,782
DEBIT,2,4,13.44,191.98,Advance shipping,0,9,Cardio Equipment,Caguas,Puerto Rico,XXXXXXXXX,Samuel,11738,Bryan,XXXXXXXXX,Corporate,PR,340 Little Lagoon Avenue,725,3,Footwear,18.23,-66.37,Africa,Quelimane,Mozambique,11738,,46856,191,8,0.04,117131,99.99,0.07,2,199.98,191.98,13.44,East Africa,COMPLETE,,191,9,,http://images.acmesports.sports/Nike+Men%27s+Free+5.0%2B+Running+Shoe,99.99,0,42690.97431,Standard Class,Nike Men's Free 5.0+ Running Shoe,783
DEBIT,3,4,4.95,197.99,Advance shipping,0,48,Water Sports,Federal Way,EE. UU.,XXXXXXXXX,Mary,4596,Burns,XXXXXXXXX,Consumer,WA,9419 Cinder Hickory Towers,98023,7,Fan Shop,47.3,-122.35,Africa,Quelimane,Mozambique,4596,,49102,1073,2,0.01,122774,199.99,0.03,1,199.99,197.99,4.95,East Africa,COMPLETE,,1073,48,,http://images.acmesports.sports/Pelican+Sunstream+100+Kayak,199.99,0,42724.76111,Standard Class,Pelican Sunstream 100 Kayak,784
DEBIT,3,4,58.8,195.99,Advance shipping,0,48,Water Sports,Federal Way,EE. UU.,XXXXXXXXX,Mary,4596,Burns,XXXXXXXXX,Consumer,WA,9419 Cinder Hickory Towers,98023,7,Fan Shop,47.3,-122.35,Africa,Quelimane,Mozambique,4596,,49102,1073,4,0.02,122772,199.99,0.3,1,199.99,195.99,58.8,East Africa,COMPLETE,,1073,48,,http://images.acmesports.sports/Pelican+Sunstream+100+Kayak,199.99,0,42724.76111,Standard Class,Pelican Sunstream 100 Kayak,785
TRANSFER,6,4,68.6,188.99,Late delivery,1,48,Water Sports,Caguas,Puerto Rico,XXXXXXXXX,George,1895,Myers,XXXXXXXXX,Home Office,PR,541 Lost Willow Landing,725,7,Fan Shop,18.24,-66.37,Africa,Quelimane,Mozambique,1895,,46855,1073,11,0.06,117126,199.99,0.36,1,199.99,188.99,68.6,East Africa,PROCESSING,,1073,48,,http://images.acmesports.sports/Pelican+Sunstream+100+Kayak,199.99,0,42694.95972,Standard Class,Pelican Sunstream 100 Kayak,786
CASH,5,4,12.22,193.99,Late delivery,1,48,Water Sports,Anaheim,EE. UU.,XXXXXXXXX,Andrew,10146,Smith,XXXXXXXXX,Consumer,CA,7116 Cotton Log Cape,92802,7,Fan Shop,33.81,-117.94,Africa,Quelimane,Mozambique,10146,42532,46244,1073,6,0.03,115598,199.99,0.06,1,199.99,193.99,12.22,East Africa,CLOSED,,1073,48,,http://images.acmesports.sports/Pelican+Sunstream+100+Kayak,199.99,0,42685.04028,Standard Class,Pelican Sunstream 100 Kayak,787
DEBIT,3,4,-71.99,47.99,Advance shipping,0,17,Cleats,Federal Way,EE. UU.,XXXXXXXXX,Mary,4596,Burns,XXXXXXXXX,Consumer,WA,9419 Cinder Hickory Towers,98023,4,Apparel,47.3,-122.35,Africa,Quelimane,Mozambique,4596,,49102,365,12,0.2,122773,59.99,-1.5,1,59.99,47.99,-71.99,East Africa,COMPLETE,,365,17,,http://images.acmesports.sports/Perfect+Fitness+Perfect+Rip+Deck,59.99,0,42724.76111,Standard Class,Perfect Fitness Perfect Rip Deck,788
DEBIT,3,4,25.93,207.42,Advance shipping,0,46,Indoor/Outdoor Games,Federal Way,EE. UU.,XXXXXXXXX,Mary,4596,Burns,XXXXXXXXX,Consumer,WA,9419 Cinder Hickory Towers,98023,7,Fan Shop,47.3,-122.35,Africa,Quelimane,Mozambique,4596,,49102,1014,42.47999954,0.17,122775,49.98,0.13,5,249.9,207.42,25.93,East Africa,COMPLETE,,1014,46,,http://images.acmesports.sports/O%27Brien+Men%27s+Neoprene+Life+Vest,49.98,0,42724.76111,Standard Class,O'Brien Men's Neoprene Life Vest,789
DEBIT,2,4,84.57,179.93,Advance shipping,0,46,Indoor/Outdoor Games,Caguas,Puerto Rico,XXXXXXXXX,Samuel,11738,Bryan,XXXXXXXXX,Corporate,PR,340 Little Lagoon Avenue,725,7,Fan Shop,18.23,-66.37,Africa,Quelimane,Mozambique,11738,,46856,1014,19.98999977,0.1,117129,49.98,0.47,4,199.92,179.93,84.57,East Africa,COMPLETE,,1014,46,,http://images.acmesports.sports/O%27Brien+Men%27s+Neoprene+Life+Vest,49.98,0,42690.97431,Standard Class,O'Brien Men's Neoprene Life Vest,790
TRANSFER,6,4,96.76,219.91,Late delivery,1,46,Indoor/Outdoor Games,Caguas,Puerto Rico,XXXXXXXXX,George,1895,Myers,XXXXXXXXX,Home Office,PR,541 Lost Willow Landing,725,7,Fan Shop,18.24,-66.37,Africa,Quelimane,Mozambique,1895,,46855,1014,29.98999977,0.12,117128,49.98,0.44,5,249.9,219.91,96.76,East Africa,PROCESSING,,1014,46,,http://images.acmesports.sports/O%27Brien+Men%27s+Neoprene+Life+Vest,49.98,0,42694.95972,Standard Class,O'Brien Men's Neoprene Life Vest,791
DEBIT,3,4,87.11,239.96,Advance shipping,0,17,Cleats,Federal Way,EE. UU.,XXXXXXXXX,Mary,4596,Burns,XXXXXXXXX,Consumer,WA,9419 Cinder Hickory Towers,98023,4,Apparel,47.3,-122.35,Africa,Quelimane,Mozambique,4596,,49102,365,0,0,122776,59.99,0.36,4,239.96,239.96,87.11,East Africa,COMPLETE,,365,17,,http://images.acmesports.sports/Perfect+Fitness+Perfect+Rip+Deck,59.99,0,42724.76111,Standard Class,Perfect Fitness Perfect Rip Deck,792
DEBIT,2,4,162.53,377.98,Advance shipping,0,45,Fishing,Caguas,Puerto Rico,XXXXXXXXX,Samuel,11738,Bryan,XXXXXXXXX,Corporate,PR,340 Little Lagoon Avenue,725,7,Fan Shop,18.23,-66.37,Africa,Quelimane,Mozambique,11738,,46856,1004,22,0.06,117130,399.98,0.43,1,399.98,377.98,162.53,East Africa,COMPLETE,,1004,45,,http://images.acmesports.sports/Field+%26+Stream+Sportsman+16+Gun+Fire+Safe,399.98,0,42690.97431,Standard Class,Field & Stream Sportsman 16 Gun Fire Safe,793
TRANSFER,6,4,174.83,371.98,Late delivery,1,45,Fishing,Caguas,Puerto Rico,XXXXXXXXX,George,1895,Myers,XXXXXXXXX,Home Office,PR,541 Lost Willow Landing,725,7,Fan Shop,18.24,-66.37,Africa,Quelimane,Mozambique,1895,,46855,1004,28,0.07,117127,399.98,0.47,1,399.98,371.98,174.83,East Africa,PROCESSING,,1004,45,,http://images.acmesports.sports/Field+%26+Stream+Sportsman+16+Gun+Fire+Safe,399.98,0,42694.95972,Standard Class,Field & Stream Sportsman 16 Gun Fire Safe,794
TRANSFER,6,4,101.91,363.98,Late delivery,1,45,Fishing,Caguas,Puerto Rico,XXXXXXXXX,George,1895,Myers,XXXXXXXXX,Home Office,PR,541 Lost Willow Landing,725,7,Fan Shop,18.24,-66.37,Africa,Quelimane,Mozambique,1895,,46855,1004,36,0.09,117125,399.98,0.28,1,399.98,363.98,101.91,East Africa,PROCESSING,,1004,45,,http://images.acmesports.sports/Field+%26+Stream+Sportsman+16+Gun+Fire+Safe,399.98,0,42694.95972,Standard Class,Field & Stream Sportsman 16 Gun Fire Safe,795
DEBIT,4,4,151.31,387.98,Shipping on time,0,45,Fishing,Caguas,Puerto Rico,XXXXXXXXX,Kyle,10253,Smith,XXXXXXXXX,Consumer,PR,1023 Honey Grove,725,7,Fan Shop,18.22,-66.37,Africa,Quelimane,Mozambique,10253,42532,46243,1004,12,0.03,115597,399.98,0.39,1,399.98,387.98,151.31,East Africa,COMPLETE,,1004,45,,http://images.acmesports.sports/Field+%26+Stream+Sportsman+16+Gun+Fire+Safe,399.98,0,42684.02569,Standard Class,Field & Stream Sportsman 16 Gun Fire Safe,796
DEBIT,4,4,67.58,383.98,Shipping on time,0,45,Fishing,Caguas,Puerto Rico,XXXXXXXXX,Kyle,10253,Smith,XXXXXXXXX,Consumer,PR,1023 Honey Grove,725,7,Fan Shop,18.22,-66.37,Africa,Quelimane,Mozambique,10253,42532,46243,1004,16,0.04,115596,399.98,0.18,1,399.98,383.98,67.58,East Africa,COMPLETE,,1004,45,,http://images.acmesports.sports/Field+%26+Stream+Sportsman+16+Gun+Fire+Safe,399.98,0,42684.02569,Standard Class,Field & Stream Sportsman 16 Gun Fire Safe,797
DEBIT,2,1,5.32,75.98,Late delivery,1,29,Shop By Sport,Caguas,Puerto Rico,XXXXXXXXX,Mary,10384,Wiley,XXXXXXXXX,Home Office,PR,8298 Round Brook Circuit,725,5,Golf,18.2,-66.37,Europe,Samobor,Croacia,10384,,43041,627,4,0.05,107523,39.99,0.07,2,79.98,75.98,5.32,Southern Europe,COMPLETE,,627,29,,http://images.acmesports.sports/Under+Armour+Girls%27+Toddler+Spine+Surge+Running+Shoe,39.99,0,42635.28403,First Class,Under Armour Girls' Toddler Spine Surge Runni,798
DEBIT,2,1,62.39,239.96,Late delivery,1,17,Cleats,Caguas,Puerto Rico,XXXXXXXXX,Mary,10384,Wiley,XXXXXXXXX,Home Office,PR,8298 Round Brook Circuit,725,4,Apparel,18.2,-66.37,Europe,Samobor,Croacia,10384,,43041,365,0,0,107524,59.99,0.26,4,239.96,239.96,62.39,Southern Europe,COMPLETE,,365,17,,http://images.acmesports.sports/Perfect+Fitness+Perfect+Rip+Deck,59.99,0,42635.28403,First Class,Perfect Fitness Perfect Rip Deck,799
DEBIT,2,1,56.32,176,Late delivery,1,24,Women's Apparel,Caguas,Puerto Rico,XXXXXXXXX,Mary,10384,Wiley,XXXXXXXXX,Home Office,PR,8298 Round Brook Circuit,725,5,Golf,18.2,-66.37,Europe,Samobor,Croacia,10384,,43041,502,24,0.12,107522,50,0.32,4,200,176,56.32,Southern Europe,COMPLETE,,502,24,,http://images.acmesports.sports/Nike+Men%27s+Dri-FIT+Victory+Golf+Polo,50,0,42635.28403,First Class,Nike Men's Dri-FIT Victory Golf Polo,800
DEBIT,2,1,79.59,227.41,Late delivery,1,46,Indoor/Outdoor Games,Caguas,Puerto Rico,XXXXXXXXX,Mary,10384,Wiley,XXXXXXXXX,Home Office,PR,8298 Round Brook Circuit,725,7,Fan Shop,18.2,-66.37,Europe,Samobor,Croacia,10384,,43041,1014,22.48999977,0.09,107525,49.98,0.35,5,249.9,227.41,79.59,Southern Europe,COMPLETE,,1014,46,,http://images.acmesports.sports/O%27Brien+Men%27s+Neoprene+Life+Vest,49.98,0,42635.28403,First Class,O'Brien Men's Neoprene Life Vest,801
TRANSFER,2,4,32.36,99.58,Advance shipping,0,17,Cleats,Washington,EE. UU.,XXXXXXXXX,Mary,8696,Pope,XXXXXXXXX,Corporate,DC,4776 Crystal River Stead,20009,4,Apparel,38.92,-77.04,LATAM,Zacatecas,Mexico,8696,,53586,365,20.39999962,0.17,133933,59.99,0.33,2,119.98,99.58,32.36,Central America,PROCESSING,,365,17,,http://images.acmesports.sports/Perfect+Fitness+Perfect+Rip+Deck,59.99,0,42789.21667,Standard Class,Perfect Fitness Perfect Rip Deck,802
DEBIT,4,2,20.83,74.38,Late delivery,1,29,Shop By Sport,Caguas,Puerto Rico,XXXXXXXXX,Barbara,11826,Fritz,XXXXXXXXX,Consumer,PR,6767 Shady Chase,725,5,Golf,18.23,-66.37,LATAM,Zacatecas,Mexico,11826,,59358,627,5.599999905,0.07,148595,39.99,0.28,2,79.98,74.38,20.83,Central America,COMPLETE,,627,29,,http://images.acmesports.sports/Under+Armour+Girls%27+Toddler+Spine+Surge+Running+Shoe,39.99,0,42875.475,Second Class,Under Armour Girls' Toddler Spine Surge Runni,803
TRANSFER,5,4,42.22,87.96,Late delivery,1,40,Accessories,Moreno Valley,EE. UU.,XXXXXXXXX,Mary,1917,Nash,XXXXXXXXX,Corporate,CA,9203 Tawny Swale,92553,6,Outdoors,33.92,-117.26,LATAM,Fresnillo de Gonzalez Echeverria,Mexico,1917,,9454,885,12,0.12,23613,24.99,0.48,4,99.96,87.96,42.22,Central America,PENDING,,885,40,,http://images.acmesports.sports/Team+Golf+St.+Louis+Cardinals+Putter+Grip,24.99,0,42147.99167,Standard Class,Team Golf St. Louis Cardinals Putter Grip,804
TRANSFER,2,4,54.59,419.96,Advance shipping,0,9,Cardio Equipment,Washington,EE. UU.,XXXXXXXXX,Mary,8696,Pope,XXXXXXXXX,Corporate,DC,4776 Crystal River Stead,20009,3,Footwear,38.92,-77.04,LATAM,Zacatecas,Mexico,8696,,53586,191,79.98999786,0.16,133931,99.99,0.13,5,499.95,419.96,54.59,Central America,PROCESSING,,191,9,,http://images.acmesports.sports/Nike+Men%27s+Free+5.0%2B+Running+Shoe,99.99,0,42789.21667,Standard Class,Nike Men's Free 5.0+ Running Shoe,805
DEBIT,4,2,3.98,199.17,Late delivery,1,17,Cleats,Caguas,Puerto Rico,XXXXXXXXX,Barbara,11826,Fritz,XXXXXXXXX,Consumer,PR,6767 Shady Chase,725,4,Apparel,18.23,-66.37,LATAM,Zacatecas,Mexico,11826,,59358,365,40.79000092,0.17,148596,59.99,0.02,4,239.96,199.17,3.98,Central America,COMPLETE,,365,17,,http://images.acmesports.sports/Perfect+Fitness+Perfect+Rip+Deck,59.99,0,42875.475,Second Class,Perfect Fitness Perfect Rip Deck,806
DEBIT,4,2,53.93,185.95,Late delivery,1,29,Shop By Sport,Caguas,Puerto Rico,XXXXXXXXX,Barbara,11826,Fritz,XXXXXXXXX,Consumer,PR,6767 Shady Chase,725,5,Golf,18.23,-66.37,LATAM,Zacatecas,Mexico,11826,,59358,627,14,0.07,148597,39.99,0.29,5,199.95,185.95,53.93,Central America,COMPLETE,,627,29,,http://images.acmesports.sports/Under+Armour+Girls%27+Toddler+Spine+Surge+Running+Shoe,39.99,0,42875.475,Second Class,Under Armour Girls' Toddler Spine Surge Runni,807
TRANSFER,6,4,104.53,287.95,Late delivery,1,17,Cleats,Los Angeles,EE. UU.,XXXXXXXXX,Helen,12193,Chen,XXXXXXXXX,Consumer,CA,5129 Indian Maze,90006,4,Apparel,34.05,-118.29,LATAM,Fresnillo de Gonzalez Echeverria,Mexico,12193,,51980,365,12,0.04,129868,59.99,0.36,5,299.95,287.95,104.53,Central America,PROCESSING,,365,17,,http://images.acmesports.sports/Perfect+Fitness+Perfect+Rip+Deck,59.99,0,42769.77292,Standard Class,Perfect Fitness Perfect Rip Deck,808
CASH,2,2,16.09,49.5,Shipping on time,0,24,Women's Apparel,San Francisco,EE. UU.,XXXXXXXXX,Mary,7852,Greene,XXXXXXXXX,Consumer,CA,5332 Iron Deer Loop,94109,5,Golf,37.79,-122.42,LATAM,Fresnillo de Gonzalez Echeverria,Mexico,7852,,58271,502,0.5,0.01,145805,50,0.33,1,50,49.5,16.09,Central America,CLOSED,,502,24,,http://images.acmesports.sports/Nike+Men%27s+Dri-FIT+Victory+Golf+Polo,50,0,42857.60694,Second Class,Nike Men's Dri-FIT Victory Golf Polo,809
CASH,2,2,8.85,32.79,Shipping on time,0,29,Shop By Sport,San Francisco,EE. UU.,XXXXXXXXX,Mary,7852,Greene,XXXXXXXXX,Consumer,CA,5332 Iron Deer Loop,94109,5,Golf,37.79,-122.42,LATAM,Fresnillo de Gonzalez Echeverria,Mexico,7852,,58271,627,7.199999809,0.18,145807,39.99,0.27,1,39.99,32.79,8.85,Central America,CLOSED,,627,29,,http://images.acmesports.sports/Under+Armour+Girls%27+Toddler+Spine+Surge+Running+Shoe,39.99,0,42857.60694,Second Class,Under Armour Girls' Toddler Spine Surge Runni,810
CASH,2,2,101.24,224.99,Shipping on time,0,43,Camping & Hiking,San Francisco,EE. UU.,XXXXXXXXX,Mary,7852,Greene,XXXXXXXXX,Consumer,CA,5332 Iron Deer Loop,94109,7,Fan Shop,37.79,-122.42,LATAM,Fresnillo de Gonzalez Echeverria,Mexico,7852,,58271,957,75,0.25,145806,299.98,0.45,1,299.98,224.99,101.24,Central America,CLOSED,,957,43,,http://images.acmesports.sports/Diamondback+Women%27s+Serene+Classic+Comfort+Bike+2014,299.98,0,42857.60694,Second Class,Diamondback Women's Serene Classic Comfort Bi,811
CASH,2,2,13.2,263.97,Shipping on time,0,9,Cardio Equipment,San Francisco,EE. UU.,XXXXXXXXX,Mary,7852,Greene,XXXXXXXXX,Consumer,CA,5332 Iron Deer Loop,94109,3,Footwear,37.79,-122.42,LATAM,Fresnillo de Gonzalez Echeverria,Mexico,7852,,58271,191,36,0.12,145808,99.99,0.05,3,299.97,263.97,13.2,Central America,CLOSED,,191,9,,http://images.acmesports.sports/Nike+Men%27s+Free+5.0%2B+Running+Shoe,99.99,0,42857.60694,Second Class,Nike Men's Free 5.0+ Running Shoe,812
DEBIT,3,4,32.27,197.95,Advance shipping,0,29,Shop By Sport,Martinsburg,EE. UU.,XXXXXXXXX,Jerry,5561,Garner,XXXXXXXXX,Corporate,WV,9195 Crystal Maze,25401,5,Golf,39.41,-78.07,LATAM,Fresnillo de Gonzalez Echeverria,Mexico,5561,,57537,627,2,0.01,143946,39.99,0.16,5,199.95,197.95,32.27,Central America,COMPLETE,,627,29,,http://images.acmesports.sports/Under+Armour+Girls%27+Toddler+Spine+Surge+Running+Shoe,39.99,0,42847.89236,Standard Class,Under Armour Girls' Toddler Spine Surge Runni,813
PAYMENT,2,1,121.67,359.98,Late delivery,1,45,Fishing,Brooklyn,EE. UU.,XXXXXXXXX,John,517,Russell,XXXXXXXXX,Corporate,NY,3283 Fallen Goose Run,11211,7,Fan Shop,40.69,-74.08,LATAM,Fresnillo de Gonzalez Echeverria,Mexico,517,42309,691,1004,40,0.1,1697,399.98,0.34,1,399.98,359.98,121.67,Central America,PENDING_PAYMENT,,1004,45,,http://images.acmesports.sports/Field+%26+Stream+Sportsman+16+Gun+Fire+Safe,399.98,0,42017.07222,First Class,Field & Stream Sportsman 16 Gun Fire Safe,814
PAYMENT,2,1,71.34,245.98,Late delivery,1,43,Camping & Hiking,Brooklyn,EE. UU.,XXXXXXXXX,John,517,Russell,XXXXXXXXX,Corporate,NY,3283 Fallen Goose Run,11211,7,Fan Shop,40.69,-74.08,LATAM,Fresnillo de Gonzalez Echeverria,Mexico,517,42309,691,957,54,0.18,1695,299.98,0.29,1,299.98,245.98,71.34,Central America,PENDING_PAYMENT,,957,43,,http://images.acmesports.sports/Diamondback+Women%27s+Serene+Classic+Comfort+Bike+2014,299.98,0,42017.07222,First Class,Diamondback Women's Serene Classic Comfort Bi,815
PAYMENT,2,1,-125.99,239.98,Late delivery,1,43,Camping & Hiking,Brooklyn,EE. UU.,XXXXXXXXX,John,517,Russell,XXXXXXXXX,Corporate,NY,3283 Fallen Goose Run,11211,7,Fan Shop,40.69,-74.08,LATAM,Fresnillo de Gonzalez Echeverria,Mexico,517,42309,691,957,60,0.2,1693,299.98,-0.53,1,299.98,239.98,-125.99,Central America,PENDING_PAYMENT,,957,43,,http://images.acmesports.sports/Diamondback+Women%27s+Serene+Classic+Comfort+Bike+2014,299.98,0,42017.07222,First Class,Diamondback Women's Serene Classic Comfort Bi,816
PAYMENT,2,1,7.92,158.37,Late delivery,1,17,Cleats,Brooklyn,EE. UU.,XXXXXXXXX,John,517,Russell,XXXXXXXXX,Corporate,NY,3283 Fallen Goose Run,11211,4,Apparel,40.69,-74.08,LATAM,Fresnillo de Gonzalez Echeverria,Mexico,517,42309,691,365,21.60000038,0.12,1694,59.99,0.05,3,179.97,158.37,7.92,Central America,PENDING_PAYMENT,,365,17,,http://images.acmesports.sports/Perfect+Fitness+Perfect+Rip+Deck,59.99,0,42017.07222,First Class,Perfect Fitness Perfect Rip Deck,817
CASH,4,4,17.74,54.59,Shipping on time,0,17,Cleats,Fort Lauderdale,EE. UU.,XXXXXXXXX,Nicole,8870,Lyons,XXXXXXXXX,Consumer,FL,4851 Green Rise,33311,4,Apparel,26.16,-80.19,LATAM,Zacatecas,Mexico,8870,,1803,365,5.400000095,0.09,4509,59.99,0.33,1,59.99,54.59,17.74,Central America,CLOSED,,365,17,,http://images.acmesports.sports/Perfect+Fitness+Perfect+Rip+Deck,59.99,0,42035.30486,Standard Class,Perfect Fitness Perfect Rip Deck,818
CASH,4,4,90.72,189,Shipping on time,0,24,Women's Apparel,Fort Lauderdale,EE. UU.,XXXXXXXXX,Nicole,8870,Lyons,XXXXXXXXX,Consumer,FL,4851 Green Rise,33311,5,Golf,26.16,-80.19,LATAM,Zacatecas,Mexico,8870,,1803,502,11,0.06,4507,50,0.48,4,200,189,90.72,Central America,CLOSED,,502,24,,http://images.acmesports.sports/Nike+Men%27s+Dri-FIT+Victory+Golf+Polo,50,0,42035.30486,Standard Class,Nike Men's Dri-FIT Victory Golf Polo,819
DEBIT,0,0,93.96,347.98,Shipping on time,0,45,Fishing,Caguas,Puerto Rico,XXXXXXXXX,Helen,1910,Price,XXXXXXXXX,Corporate,PR,7302 Sunny Valley,725,7,Fan Shop,18.24,-66.37,LATAM,Fresnillo de Gonzalez Echeverria,Mexico,1910,42008,6191,1004,52,0.13,15481,399.98,0.27,1,399.98,347.98,93.96,Central America,COMPLETE,,1004,45,,http://images.acmesports.sports/Field+%26+Stream+Sportsman+16+Gun+Fire+Safe,399.98,0,42095.85903,Same Day,Field & Stream Sportsman 16 Gun Fire Safe,820
PAYMENT,2,4,26.98,83,Advance shipping,0,24,Women's Apparel,Los Angeles,EE. UU.,XXXXXXXXX,William,6763,Salas,XXXXXXXXX,Corporate,CA,8503 Shady Autumn Drive,90063,5,Golf,34.05,-118.19,LATAM,Fresnillo de Gonzalez Echeverria,Mexico,6763,,57536,502,17,0.17,143944,50,0.33,2,100,83,26.98,Central America,PENDING_PAYMENT,,502,24,,http://images.acmesports.sports/Nike+Men%27s+Dri-FIT+Victory+Golf+Polo,50,0,42846.87778,Standard Class,Nike Men's Dri-FIT Victory Golf Polo,821
PAYMENT,2,4,12.4,199.99,Advance shipping,0,48,Water Sports,Los Angeles,EE. UU.,XXXXXXXXX,William,6763,Salas,XXXXXXXXX,Corporate,CA,8503 Shady Autumn Drive,90063,7,Fan Shop,34.05,-118.19,LATAM,Fresnillo de Gonzalez Echeverria,Mexico,6763,,57536,1073,0,0,143945,199.99,0.06,1,199.99,199.99,12.4,Central America,PENDING_PAYMENT,,1073,48,,http://images.acmesports.sports/Pelican+Sunstream+100+Kayak,199.99,0,42846.87778,Standard Class,Pelican Sunstream 100 Kayak,822
TRANSFER,3,4,33.09,175.99,Advance shipping,0,48,Water Sports,Caguas,Puerto Rico,XXXXXXXXX,Mary,5533,Harrison,XXXXXXXXX,Consumer,PR,852 Rocky Brook Mountain,725,7,Fan Shop,18.26,-66.37,LATAM,Zacatecas,Mexico,5533,,53587,1073,24,0.12,133934,199.99,0.19,1,199.99,175.99,33.09,Central America,PROCESSING,,1073,48,,http://images.acmesports.sports/Pelican+Sunstream+100+Kayak,199.99,0,42790.23125,Standard Class,Pelican Sunstream 100 Kayak,823
DEBIT,3,4,-19.6,97.99,Advance shipping,0,9,Cardio Equipment,Annapolis,EE. UU.,XXXXXXXXX,Mary,93,Robbins,XXXXXXXXX,Corporate,MD,456 Colonial Glen,21401,3,Footwear,38.98,-76.5,LATAM,Fresnillo de Gonzalez Echeverria,Mexico,93,42039,6247,191,2,0.02,15637,99.99,-0.2,1,99.99,97.99,-19.6,Central America,COMPLETE,,191,9,,http://images.acmesports.sports/Nike+Men%27s+Free+5.0%2B+Running+Shoe,99.99,0,42099.17708,Standard Class,Nike Men's Free 5.0+ Running Shoe,824
DEBIT,3,4,-26.38,35.99,Advance shipping,0,29,Shop By Sport,Annapolis,EE. UU.,XXXXXXXXX,Mary,93,Robbins,XXXXXXXXX,Corporate,MD,456 Colonial Glen,21401,5,Golf,38.98,-76.5,LATAM,Fresnillo de Gonzalez Echeverria,Mexico,93,42039,6247,627,4,0.1,15638,39.99,-0.73,1,39.99,35.99,-26.38,Central America,COMPLETE,,627,29,,http://images.acmesports.sports/Under+Armour+Girls%27+Toddler+Spine+Surge+Running+Shoe,39.99,0,42099.17708,Standard Class,Under Armour Girls' Toddler Spine Surge Runni,825
DEBIT,3,4,-217.43,283.48,Advance shipping,0,43,Camping & Hiking,Martinsburg,EE. UU.,XXXXXXXXX,Jerry,5561,Garner,XXXXXXXXX,Corporate,WV,9195 Crystal Maze,25401,7,Fan Shop,39.41,-78.07,LATAM,Fresnillo de Gonzalez Echeverria,Mexico,5561,,57537,957,16.5,0.06,143947,299.98,-0.77,1,299.98,283.48,-217.43,Central America,COMPLETE,,957,43,,http://images.acmesports.sports/Diamondback+Women%27s+Serene+Classic+Comfort+Bike+2014,299.98,0,42847.89236,Standard Class,Diamondback Women's Serene Classic Comfort Bi,826
DEBIT,3,4,93,371.98,Advance shipping,0,45,Fishing,Annapolis,EE. UU.,XXXXXXXXX,Mary,93,Robbins,XXXXXXXXX,Corporate,MD,456 Colonial Glen,21401,7,Fan Shop,38.98,-76.5,LATAM,Fresnillo de Gonzalez Echeverria,Mexico,93,42039,6247,1004,28,0.07,15640,399.98,0.25,1,399.98,371.98,93,Central America,COMPLETE,,1004,45,,http://images.acmesports.sports/Field+%26+Stream+Sportsman+16+Gun+Fire+Safe,399.98,0,42099.17708,Standard Class,Field & Stream Sportsman 16 Gun Fire Safe,827
DEBIT,3,4,13.47,363.98,Advance shipping,0,45,Fishing,Annapolis,EE. UU.,XXXXXXXXX,Mary,93,Robbins,XXXXXXXXX,Corporate,MD,456 Colonial Glen,21401,7,Fan Shop,38.98,-76.5,LATAM,Fresnillo de Gonzalez Echeverria,Mexico,93,42039,6247,1004,36,0.09,15639,399.98,0.04,1,399.98,363.98,13.47,Central America,COMPLETE,,1004,45,,http://images.acmesports.sports/Field+%26+Stream+Sportsman+16+Gun+Fire+Safe,399.98,0,42099.17708,Standard Class,Field & Stream Sportsman 16 Gun Fire Safe,828
CASH,4,4,52.58,167.99,Shipping on time,0,48,Water Sports,Fort Lauderdale,EE. UU.,XXXXXXXXX,Nicole,8870,Lyons,XXXXXXXXX,Consumer,FL,4851 Green Rise,33311,7,Fan Shop,26.16,-80.19,LATAM,Zacatecas,Mexico,8870,,1803,1073,32,0.16,4510,199.99,0.31,1,199.99,167.99,52.58,Central America,CLOSED,,1073,48,,http://images.acmesports.sports/Pelican+Sunstream+100+Kayak,199.99,0,42035.30486,Standard Class,Pelican Sunstream 100 Kayak,829
PAYMENT,2,1,-32.8,163.99,Late delivery,1,48,Water Sports,Massillon,EE. UU.,XXXXXXXXX,Emily,7279,Smith,XXXXXXXXX,Consumer,OH,3944 Burning Mall ,44646,7,Fan Shop,40.75,-81.52,LATAM,Fresnillo de Gonzalez Echeverria,Mexico,7279,42309,690,1073,36,0.18,1692,199.99,-0.2,1,199.99,163.99,-32.8,Central America,PENDING_PAYMENT,,1073,48,,http://images.acmesports.sports/Pelican+Sunstream+100+Kayak,199.99,0,42017.05764,First Class,Pelican Sunstream 100 Kayak,830
TRANSFER,2,4,130.19,371.98,Advance shipping,0,45,Fishing,Canyon Country,EE. UU.,XXXXXXXXX,Ryan,2503,Perkins,XXXXXXXXX,Corporate,CA,3240 Foggy Hickory Corner,91351,7,Fan Shop,33.07,-116.58,LATAM,Zacatecas,Mexico,2503,42065,2296,1004,28,0.07,5758,399.98,0.35,1,399.98,371.98,130.19,Central America,PENDING,,1004,45,,http://images.acmesports.sports/Field+%26+Stream+Sportsman+16+Gun+Fire+Safe,399.98,0,42040.50139,Standard Class,Field & Stream Sportsman 16 Gun Fire Safe,831
TRANSFER,2,4,167.43,363.98,Advance shipping,0,45,Fishing,Canyon Country,EE. UU.,XXXXXXXXX,Ryan,2503,Perkins,XXXXXXXXX,Corporate,CA,3240 Foggy Hickory Corner,91351,7,Fan Shop,33.07,-116.58,LATAM,Zacatecas,Mexico,2503,42065,2296,1004,36,0.09,5757,399.98,0.46,1,399.98,363.98,167.43,Central America,PENDING,,1004,45,,http://images.acmesports.sports/Field+%26+Stream+Sportsman+16+Gun+Fire+Safe,399.98,0,42040.50139,Standard Class,Field & Stream Sportsman 16 Gun Fire Safe,832
TRANSFER,2,4,3.13,260.98,Advance shipping,0,43,Camping & Hiking,Canyon Country,EE. UU.,XXXXXXXXX,Ryan,2503,Perkins,XXXXXXXXX,Corporate,CA,3240 Foggy Hickory Corner,91351,7,Fan Shop,33.07,-116.58,LATAM,Zacatecas,Mexico,2503,42065,2296,957,39,0.13,5755,299.98,0.01,1,299.98,260.98,3.13,Central America,PENDING,,957,43,,http://images.acmesports.sports/Diamondback+Women%27s+Serene+Classic+Comfort+Bike+2014,299.98,0,42040.50139,Standard Class,Diamondback Women's Serene Classic Comfort Bi,833
TRANSFER,2,4,22.7,126.09,Advance shipping,0,18,Men's Footwear,Washington,EE. UU.,XXXXXXXXX,Mary,8696,Pope,XXXXXXXXX,Corporate,DC,4776 Crystal River Stead,20009,4,Apparel,38.92,-77.04,LATAM,Zacatecas,Mexico,8696,,53586,403,3.900000095,0.03,133932,129.99,0.18,1,129.99,126.09,22.7,Central America,PROCESSING,,403,18,,http://images.acmesports.sports/Nike+Men%27s+CJ+Elite+2+TD+Football+Cleat,129.99,0,42789.21667,Standard Class,Nike Men's CJ Elite 2 TD Football Cleat,834
TRANSFER,2,4,-5.28,263.98,Advance shipping,0,43,Camping & Hiking,Washington,EE. UU.,XXXXXXXXX,Mary,8696,Pope,XXXXXXXXX,Corporate,DC,4776 Crystal River Stead,20009,7,Fan Shop,38.92,-77.04,LATAM,Zacatecas,Mexico,8696,,53586,957,36,0.12,133930,299.98,-0.02,1,299.98,263.98,-5.28,Central America,PROCESSING,,957,43,,http://images.acmesports.sports/Diamondback+Women%27s+Serene+Classic+Comfort+Bike+2014,299.98,0,42789.21667,Standard Class,Diamondback Women's Serene Classic Comfort Bi,835
TRANSFER,2,4,43.19,89.99,Advance shipping,0,17,Cleats,Canyon Country,EE. UU.,XXXXXXXXX,Ryan,2503,Perkins,XXXXXXXXX,Corporate,CA,3240 Foggy Hickory Corner,91351,4,Apparel,33.07,-116.58,LATAM,Zacatecas,Mexico,2503,42065,2296,365,30,0.25,5756,59.99,0.48,2,119.98,89.99,43.19,Central America,PENDING,,365,17,,http://images.acmesports.sports/Perfect+Fitness+Perfect+Rip+Deck,59.99,0,42040.50139,Standard Class,Perfect Fitness Perfect Rip Deck,836
PAYMENT,2,4,27.63,58.79,Advance shipping,0,17,Cleats,West Jordan,EE. UU.,XXXXXXXXX,Kelly,3240,Golden,XXXXXXXXX,Consumer,UT,1524 Amber Lagoon Subdivision,84084,4,Apparel,40.62,-111.93,LATAM,Fresnillo de Gonzalez Echeverria,Mexico,3240,,51981,365,1.200000048,0.02,129875,59.99,0.47,1,59.99,58.79,27.63,Central America,PENDING_PAYMENT,,365,17,,http://images.acmesports.sports/Perfect+Fitness+Perfect+Rip+Deck,59.99,0,42765.7875,Standard Class,Perfect Fitness Perfect Rip Deck,837
PAYMENT,2,4,-22.05,293.98,Advance shipping,0,43,Camping & Hiking,West Jordan,EE. UU.,XXXXXXXXX,Kelly,3240,Golden,XXXXXXXXX,Consumer,UT,1524 Amber Lagoon Subdivision,84084,7,Fan Shop,40.62,-111.93,LATAM,Fresnillo de Gonzalez Echeverria,Mexico,3240,,51981,957,6,0.02,129871,299.98,-0.08,1,299.98,293.98,-22.05,Central America,PENDING_PAYMENT,,957,43,,http://images.acmesports.sports/Diamondback+Women%27s+Serene+Classic+Comfort+Bike+2014,299.98,0,42765.7875,Standard Class,Diamondback Women's Serene Classic Comfort Bi,838
DEBIT,0,0,4.72,74.99,Shipping on time,0,9,Cardio Equipment,Chapel Hill,EE. UU.,XXXXXXXXX,Virginia,1236,Robertson,XXXXXXXXX,Home Office,NC,5953 Honey Concession,27514,3,Footwear,35.94,-79,LATAM,Zacatecas,Mexico,1236,,53588,191,25,0.25,133937,99.99,0.06,1,99.99,74.99,4.72,Central America,COMPLETE,,191,9,,http://images.acmesports.sports/Nike+Men%27s+Free+5.0%2B+Running+Shoe,99.99,0,42787.74583,Same Day,Nike Men's Free 5.0+ Running Shoe,839
DEBIT,4,2,14.39,143.94,Late delivery,1,46,Indoor/Outdoor Games,Caguas,Puerto Rico,XXXXXXXXX,Barbara,11826,Fritz,XXXXXXXXX,Consumer,PR,6767 Shady Chase,725,7,Fan Shop,18.23,-66.37,LATAM,Zacatecas,Mexico,11826,,59358,1014,6,0.04,148594,49.98,0.1,3,149.94,143.94,14.39,Central America,COMPLETE,,1014,46,,http://images.acmesports.sports/O%27Brien+Men%27s+Neoprene+Life+Vest,49.98,0,42875.475,Second Class,O'Brien Men's Neoprene Life Vest,840
PAYMENT,2,4,70.39,319.97,Advance shipping,0,9,Cardio Equipment,West Jordan,EE. UU.,XXXXXXXXX,Kelly,3240,Golden,XXXXXXXXX,Consumer,UT,1524 Amber Lagoon Subdivision,84084,3,Footwear,40.62,-111.93,LATAM,Fresnillo de Gonzalez Echeverria,Mexico,3240,,51981,191,79.98999786,0.2,129873,99.99,0.22,4,399.96,319.97,70.39,Central America,PENDING_PAYMENT,,191,9,,http://images.acmesports.sports/Nike+Men%27s+Free+5.0%2B+Running+Shoe,99.99,0,42765.7875,Standard Class,Nike Men's Free 5.0+ Running Shoe,841
PAYMENT,2,4,21.33,96.96,Advance shipping,0,46,Indoor/Outdoor Games,West Jordan,EE. UU.,XXXXXXXXX,Kelly,3240,Golden,XXXXXXXXX,Consumer,UT,1524 Amber Lagoon Subdivision,84084,7,Fan Shop,40.62,-111.93,LATAM,Fresnillo de Gonzalez Echeverria,Mexico,3240,,51981,1014,3,0.03,129874,49.98,0.22,2,99.96,96.96,21.33,Central America,PENDING_PAYMENT,,1014,46,,http://images.acmesports.sports/O%27Brien+Men%27s+Neoprene+Life+Vest,49.98,0,42765.7875,Standard Class,O'Brien Men's Neoprene Life Vest,842
PAYMENT,2,4,8.5,42.48,Advance shipping,0,46,Indoor/Outdoor Games,West Jordan,EE. UU.,XXXXXXXXX,Kelly,3240,Golden,XXXXXXXXX,Consumer,UT,1524 Amber Lagoon Subdivision,84084,7,Fan Shop,40.62,-111.93,LATAM,Fresnillo de Gonzalez Echeverria,Mexico,3240,,51981,1014,7.5,0.15,129872,49.98,0.2,1,49.98,42.48,8.5,Central America,PENDING_PAYMENT,,1014,46,,http://images.acmesports.sports/O%27Brien+Men%27s+Neoprene+Life+Vest,49.98,0,42765.7875,Standard Class,O'Brien Men's Neoprene Life Vest,843
TRANSFER,6,4,-163.93,204.92,Late delivery,1,46,Indoor/Outdoor Games,Los Angeles,EE. UU.,XXXXXXXXX,Helen,12193,Chen,XXXXXXXXX,Consumer,CA,5129 Indian Maze,90006,7,Fan Shop,34.05,-118.29,LATAM,Fresnillo de Gonzalez Echeverria,Mexico,12193,,51980,1014,44.97999954,0.18,129870,49.98,-0.8,5,249.9,204.92,-163.93,Central America,PROCESSING,,1014,46,,http://images.acmesports.sports/O%27Brien+Men%27s+Neoprene+Life+Vest,49.98,0,42769.77292,Standard Class,O'Brien Men's Neoprene Life Vest,844
TRANSFER,2,4,57.94,125.95,Advance shipping,0,46,Indoor/Outdoor Games,Canyon Country,EE. UU.,XXXXXXXXX,Ryan,2503,Perkins,XXXXXXXXX,Corporate,CA,3240 Foggy Hickory Corner,91351,7,Fan Shop,33.07,-116.58,LATAM,Zacatecas,Mexico,2503,42065,2296,1014,23.98999977,0.16,5759,49.98,0.46,3,149.94,125.95,57.94,Central America,PENDING,,1014,46,,http://images.acmesports.sports/O%27Brien+Men%27s+Neoprene+Life+Vest,49.98,0,42040.50139,Standard Class,O'Brien Men's Neoprene Life Vest,845
CASH,4,4,29.05,232.41,Shipping on time,0,46,Indoor/Outdoor Games,Fort Lauderdale,EE. UU.,XXXXXXXXX,Nicole,8870,Lyons,XXXXXXXXX,Consumer,FL,4851 Green Rise,33311,7,Fan Shop,26.16,-80.19,LATAM,Zacatecas,Mexico,8870,,1803,1014,17.48999977,0.07,4508,49.98,0.13,5,249.9,232.41,29.05,Central America,CLOSED,,1014,46,,http://images.acmesports.sports/O%27Brien+Men%27s+Neoprene+Life+Vest,49.98,0,42035.30486,Standard Class,O'Brien Men's Neoprene Life Vest,846
CASH,4,4,46.05,141.69,Shipping on time,0,46,Indoor/Outdoor Games,Fort Lauderdale,EE. UU.,XXXXXXXXX,Nicole,8870,Lyons,XXXXXXXXX,Consumer,FL,4851 Green Rise,33311,7,Fan Shop,26.16,-80.19,LATAM,Zacatecas,Mexico,8870,,1803,1014,8.25,0.06,4506,49.98,0.33,3,149.94,141.69,46.05,Central America,CLOSED,,1014,46,,http://images.acmesports.sports/O%27Brien+Men%27s+Neoprene+Life+Vest,49.98,0,42035.30486,Standard Class,O'Brien Men's Neoprene Life Vest,847
PAYMENT,2,1,22.67,83.97,Late delivery,1,46,Indoor/Outdoor Games,Brooklyn,EE. UU.,XXXXXXXXX,John,517,Russell,XXXXXXXXX,Corporate,NY,3283 Fallen Goose Run,11211,7,Fan Shop,40.69,-74.08,LATAM,Fresnillo de Gonzalez Echeverria,Mexico,517,42309,691,1014,15.98999977,0.16,1696,49.98,0.27,2,99.96,83.97,22.67,Central America,PENDING_PAYMENT,,1014,46,,http://images.acmesports.sports/O%27Brien+Men%27s+Neoprene+Life+Vest,49.98,0,42017.07222,First Class,O'Brien Men's Neoprene Life Vest,848
TRANSFER,6,4,36.4,103.99,Late delivery,1,18,Men's Footwear,Los Angeles,EE. UU.,XXXXXXXXX,Helen,12193,Chen,XXXXXXXXX,Consumer,CA,5129 Indian Maze,90006,4,Apparel,34.05,-118.29,LATAM,Fresnillo de Gonzalez Echeverria,Mexico,12193,,51980,403,26,0.2,129869,129.99,0.35,1,129.99,103.99,36.4,Central America,PROCESSING,,403,18,,http://images.acmesports.sports/Nike+Men%27s+CJ+Elite+2+TD+Football+Cleat,129.99,0,42769.77292,Standard Class,Nike Men's CJ Elite 2 TD Football Cleat,849
TRANSFER,6,4,34.12,97.49,Late delivery,1,18,Men's Footwear,Los Angeles,EE. UU.,XXXXXXXXX,Helen,12193,Chen,XXXXXXXXX,Consumer,CA,5129 Indian Maze,90006,4,Apparel,34.05,-118.29,LATAM,Fresnillo de Gonzalez Echeverria,Mexico,12193,,51980,403,32.5,0.25,129867,129.99,0.35,1,129.99,97.49,34.12,Central America,PROCESSING,,403,18,,http://images.acmesports.sports/Nike+Men%27s+CJ+Elite+2+TD+Football+Cleat,129.99,0,42769.77292,Standard Class,Nike Men's CJ Elite 2 TD Football Cleat,850
CASH,2,1,91,363.98,Late delivery,1,45,Fishing,Caguas,Puerto Rico,XXXXXXXXX,Mary,11455,Weaver,XXXXXXXXX,Consumer,PR,2553 Golden Dale,725,7,Fan Shop,18.25,-66.37,LATAM,Zacatecas,Mexico,11455,,53093,1004,36,0.09,132690,399.98,0.25,1,399.98,363.98,91,Central America,CLOSED,,1004,45,,http://images.acmesports.sports/Field+%26+Stream+Sportsman+16+Gun+Fire+Safe,399.98,0,42782.02014,First Class,Field & Stream Sportsman 16 Gun Fire Safe,851
TRANSFER,3,4,40.28,128.69,Advance shipping,0,18,Men's Footwear,Caguas,Puerto Rico,XXXXXXXXX,Mary,5533,Harrison,XXXXXXXXX,Consumer,PR,852 Rocky Brook Mountain,725,4,Apparel,18.26,-66.37,LATAM,Zacatecas,Mexico,5533,,53587,403,1.299999952,0.01,133936,129.99,0.31,1,129.99,128.69,40.28,Central America,PROCESSING,,403,18,,http://images.acmesports.sports/Nike+Men%27s+CJ+Elite+2+TD+Football+Cleat,129.99,0,42790.23125,Standard Class,Nike Men's CJ Elite 2 TD Football Cleat,852
TRANSFER,3,4,-15.92,127.39,Advance shipping,0,18,Men's Footwear,Caguas,Puerto Rico,XXXXXXXXX,Mary,5533,Harrison,XXXXXXXXX,Consumer,PR,852 Rocky Brook Mountain,725,4,Apparel,18.26,-66.37,LATAM,Zacatecas,Mexico,5533,,53587,403,2.599999905,0.02,133935,129.99,-0.13,1,129.99,127.39,-15.92,Central America,PROCESSING,,403,18,,http://images.acmesports.sports/Nike+Men%27s+CJ+Elite+2+TD+Football+Cleat,129.99,0,42790.23125,Standard Class,Nike Men's CJ Elite 2 TD Football Cleat,853
DEBIT,4,4,45.5,129.99,Shipping on time,0,18,Men's Footwear,Elk Grove,EE. UU.,XXXXXXXXX,Richard,5575,Smith,XXXXXXXXX,Home Office,CA,7855 Golden Lake Limits,95758,4,Apparel,38.42,-121.42,LATAM,Zacatecas,Mexico,5575,,8068,403,0,0,20140,129.99,0.35,1,129.99,129.99,45.5,Central America,COMPLETE,,403,18,,http://images.acmesports.sports/Nike+Men%27s+CJ+Elite+2+TD+Football+Cleat,129.99,0,42126.75903,Standard Class,Nike Men's CJ Elite 2 TD Football Cleat,854
DEBIT,4,4,18.56,49.5,Shipping on time,0,24,Women's Apparel,Elk Grove,EE. UU.,XXXXXXXXX,Richard,5575,Smith,XXXXXXXXX,Home Office,CA,7855 Golden Lake Limits,95758,5,Golf,38.42,-121.42,LATAM,Zacatecas,Mexico,5575,,8068,502,0.5,0.01,20142,50,0.38,1,50,49.5,18.56,Central America,COMPLETE,,502,24,,http://images.acmesports.sports/Nike+Men%27s+Dri-FIT+Victory+Golf+Polo,50,0,42126.75903,Standard Class,Nike Men's Dri-FIT Victory Golf Polo,855
DEBIT,4,4,88.19,251.98,Shipping on time,0,43,Camping & Hiking,Elk Grove,EE. UU.,XXXXXXXXX,Richard,5575,Smith,XXXXXXXXX,Home Office,CA,7855 Golden Lake Limits,95758,7,Fan Shop,38.42,-121.42,LATAM,Zacatecas,Mexico,5575,,8068,957,48,0.16,20141,299.98,0.35,1,299.98,251.98,88.19,Central America,COMPLETE,,957,43,,http://images.acmesports.sports/Diamondback+Women%27s+Serene+Classic+Comfort+Bike+2014,299.98,0,42126.75903,Standard Class,Diamondback Women's Serene Classic Comfort Bi,856
DEBIT,4,4,52.92,147,Shipping on time,0,24,Women's Apparel,Elk Grove,EE. UU.,XXXXXXXXX,Richard,5575,Smith,XXXXXXXXX,Home Office,CA,7855 Golden Lake Limits,95758,5,Golf,38.42,-121.42,LATAM,Zacatecas,Mexico,5575,,8068,502,3,0.02,20143,50,0.36,3,150,147,52.92,Central America,COMPLETE,,502,24,,http://images.acmesports.sports/Nike+Men%27s+Dri-FIT+Victory+Golf+Polo,50,0,42126.75903,Standard Class,Nike Men's Dri-FIT Victory Golf Polo,857
DEBIT,4,4,69.59,239.96,Shipping on time,0,17,Cleats,Elk Grove,EE. UU.,XXXXXXXXX,Richard,5575,Smith,XXXXXXXXX,Home Office,CA,7855 Golden Lake Limits,95758,4,Apparel,38.42,-121.42,LATAM,Zacatecas,Mexico,5575,,8068,365,59.99000168,0.2,20139,59.99,0.29,5,299.95,239.96,69.59,Central America,COMPLETE,,365,17,,http://images.acmesports.sports/Perfect+Fitness+Perfect+Rip+Deck,59.99,0,42126.75903,Standard Class,Perfect Fitness Perfect Rip Deck,858
TRANSFER,4,4,-7.01,42,Shipping on time,0,24,Women's Apparel,West Orange,EE. UU.,XXXXXXXXX,Mary,829,Smith,XXXXXXXXX,Home Office,NJ,6009 Quiet Corner,7052,5,Golf,40.55,-74.44,LATAM,Zacatecas,Mexico,829,42065,2298,502,8,0.16,5760,50,-0.17,1,50,42,-7.01,Central America,PENDING,,502,24,,http://images.acmesports.sports/Nike+Men%27s+Dri-FIT+Victory+Golf+Polo,50,0,42042.53056,Standard Class,Nike Men's Dri-FIT Victory Golf Polo,859
TRANSFER,4,4,45.11,95.98,Shipping on time,0,17,Cleats,West Orange,EE. UU.,XXXXXXXXX,Mary,829,Smith,XXXXXXXXX,Home Office,NJ,6009 Quiet Corner,7052,4,Apparel,40.55,-74.44,LATAM,Zacatecas,Mexico,829,42065,2298,365,24,0.2,5761,59.99,0.47,2,119.98,95.98,45.11,Central America,PENDING,,365,17,,http://images.acmesports.sports/Perfect+Fitness+Perfect+Rip+Deck,59.99,0,42042.53056,Standard Class,Perfect Fitness Perfect Rip Deck,860
CASH,2,1,3.46,43.19,Late delivery,1,37,Electronics,Caguas,Puerto Rico,XXXXXXXXX,Mary,11455,Weaver,XXXXXXXXX,Consumer,PR,2553 Golden Dale,725,6,Outdoors,18.25,-66.37,LATAM,Zacatecas,Mexico,11455,,53093,818,4.800000191,0.1,132691,47.99,0.08,1,47.99,43.19,3.46,Central America,CLOSED,,818,37,,http://images.acmesports.sports/Titleist+Pro+V1x+Golf+Balls,47.99,0,42782.02014,First Class,Titleist Pro V1x Golf Balls,861
TRANSFER,5,4,13.77,47.48,Late delivery,1,46,Indoor/Outdoor Games,Moreno Valley,EE. UU.,XXXXXXXXX,Mary,1917,Nash,XXXXXXXXX,Corporate,CA,9203 Tawny Swale,92553,7,Fan Shop,33.92,-117.26,LATAM,Fresnillo de Gonzalez Echeverria,Mexico,1917,,9454,1014,2.5,0.05,23612,49.98,0.29,1,49.98,47.48,13.77,Central America,PENDING,,1014,46,,http://images.acmesports.sports/O%27Brien+Men%27s+Neoprene+Life+Vest,49.98,0,42147.99167,Standard Class,O'Brien Men's Neoprene Life Vest,862
CASH,1,0,81,299.99,Late delivery,1,45,Fishing,Caguas,Puerto Rico,XXXXXXXXX,Jane,10080,Smith,XXXXXXXXX,Corporate,PR,3189 Grand Concession,725,7,Fan Shop,18.29,-66.37,Pacific Asia,Kunming,China,10080,,23740,1004,100,0.25,59403,399.98,0.27,1,399.98,299.99,81,Eastern Asia,CLOSED,,1004,45,,http://images.acmesports.sports/Field+%26+Stream+Sportsman+16+Gun+Fire+Safe,399.98,0,42352.03403,Same Day,Field & Stream Sportsman 16 Gun Fire Safe,863
CASH,1,0,-55.57,98,Late delivery,1,24,Women's Apparel,Caguas,Puerto Rico,XXXXXXXXX,Jane,10080,Smith,XXXXXXXXX,Corporate,PR,3189 Grand Concession,725,5,Golf,18.29,-66.37,Pacific Asia,Kunming,China,10080,,23740,502,2,0.02,59404,50,-0.57,2,100,98,-55.57,Eastern Asia,CLOSED,,502,24,,http://images.acmesports.sports/Nike+Men%27s+Dri-FIT+Victory+Golf+Polo,50,0,42352.03403,Same Day,Nike Men's Dri-FIT Victory Golf Polo,864
PAYMENT,2,1,13.5,35.99,Late delivery,1,29,Shop By Sport,Fort Worth,EE. UU.,XXXXXXXXX,Julie,3205,Santiago,XXXXXXXXX,Consumer,TX,3698 Sleepy Park,76106,5,Golf,32.8,-97.33,Pacific Asia,Kunming,China,3205,42106,23111,627,4,0.1,57865,39.99,0.38,1,39.99,35.99,13.5,Eastern Asia,PENDING_PAYMENT,,627,29,,http://images.acmesports.sports/Under+Armour+Girls%27+Toddler+Spine+Surge+Running+Shoe,39.99,0,42344.35208,First Class,Under Armour Girls' Toddler Spine Surge Runni,865
PAYMENT,2,1,12.4,38.16,Late delivery,1,75,Video Games,Simi Valley,EE. UU.,XXXXXXXXX,Jenna,20059,Coleman,XXXXXXXXX,Consumer,CA,6231 Fallen Range,93065,9,Discs Shop,34.27,-118.77,Pacific Asia,Kunming,China,20059,,76506,1362,1.590000033,0.04,179821,39.75,0.33,1,39.75,38.16,12.4,Eastern Asia,PENDING_PAYMENT,,1362,75,,http://images.acmesports.sports/Fighting+video+games,39.75,0,43123.79583,First Class,Fighting video games,866
PAYMENT,2,1,48.8,99.58,Late delivery,1,17,Cleats,Fort Worth,EE. UU.,XXXXXXXXX,Julie,3205,Santiago,XXXXXXXXX,Consumer,TX,3698 Sleepy Park,76106,4,Apparel,32.8,-97.33,Pacific Asia,Kunming,China,3205,42106,23111,365,20.39999962,0.17,57864,59.99,0.49,2,119.98,99.58,48.8,Eastern Asia,PENDING_PAYMENT,,365,17,,http://images.acmesports.sports/Perfect+Fitness+Perfect+Rip+Deck,59.99,0,42344.35208,First Class,Perfect Fitness Perfect Rip Deck,867
PAYMENT,0,0,30.21,107.89,Shipping on time,0,18,Men's Footwear,Miami,EE. UU.,XXXXXXXXX,Susan,12249,Mann,XXXXXXXXX,Consumer,FL,3937 Cinder Circle,33176,4,Apparel,25.67,-80.38,Pacific Asia,Kunming,China,12249,42105,21058,403,22.10000038,0.17,52647,129.99,0.28,1,129.99,107.89,30.21,Eastern Asia,PENDING_PAYMENT,,403,18,,http://images.acmesports.sports/Nike+Men%27s+CJ+Elite+2+TD+Football+Cleat,129.99,0,42312.88333,Same Day,Nike Men's CJ Elite 2 TD Football Cleat,868
PAYMENT,0,0,178.59,379.98,Shipping on time,0,45,Fishing,Miami,EE. UU.,XXXXXXXXX,Susan,12249,Mann,XXXXXXXXX,Consumer,FL,3937 Cinder Circle,33176,7,Fan Shop,25.67,-80.38,Pacific Asia,Kunming,China,12249,42105,21058,1004,20,0.05,52648,399.98,0.47,1,399.98,379.98,178.59,Eastern Asia,PENDING_PAYMENT,,1004,45,,http://images.acmesports.sports/Field+%26+Stream+Sportsman+16+Gun+Fire+Safe,399.98,0,42312.88333,Same Day,Field & Stream Sportsman 16 Gun Fire Safe,869
PAYMENT,0,0,90.72,377.98,Shipping on time,0,45,Fishing,Miami,EE. UU.,XXXXXXXXX,Susan,12249,Mann,XXXXXXXXX,Consumer,FL,3937 Cinder Circle,33176,7,Fan Shop,25.67,-80.38,Pacific Asia,Kunming,China,12249,42105,21058,1004,22,0.06,52646,399.98,0.24,1,399.98,377.98,90.72,Eastern Asia,PENDING_PAYMENT,,1004,45,,http://images.acmesports.sports/Field+%26+Stream+Sportsman+16+Gun+Fire+Safe,399.98,0,42312.88333,Same Day,Field & Stream Sportsman 16 Gun Fire Safe,870
CASH,6,4,6.65,34.98,Late delivery,1,75,Video Games,Brooklyn,EE. UU.,XXXXXXXXX,Margaret,17163,Kinney,XXXXXXXXX,Corporate,NY,7658 Foggy Prairie Maze,11203,9,Discs Shop,40.66,-73.93,Pacific Asia,Kunming,China,17163,43020,73610,1362,4.769999981,0.12,176925,39.75,0.19,1,39.75,34.98,6.65,Eastern Asia,CLOSED,,1362,75,,http://images.acmesports.sports/Fighting+video+games,39.75,0,43085.52083,Standard Class,Fighting video games,871
DEBIT,2,1,184.31,383.98,Late delivery,1,45,Fishing,Gaithersburg,EE. UU.,XXXXXXXXX,Jessica,12312,Figueroa,XXXXXXXXX,Corporate,MD,1757 Hidden Beacon Highway,20878,7,Fan Shop,39.14,-77.23,Pacific Asia,Kunming,China,12312,42105,21059,1004,16,0.04,52651,399.98,0.48,1,399.98,383.98,184.31,Eastern Asia,COMPLETE,,1004,45,,http://images.acmesports.sports/Field+%26+Stream+Sportsman+16+Gun+Fire+Safe,399.98,0,42314.39792,First Class,Field & Stream Sportsman 16 Gun Fire Safe,872
DEBIT,2,1,-34.87,278.98,Late delivery,1,43,Camping & Hiking,Gaithersburg,EE. UU.,XXXXXXXXX,Jessica,12312,Figueroa,XXXXXXXXX,Corporate,MD,1757 Hidden Beacon Highway,20878,7,Fan Shop,39.14,-77.23,Pacific Asia,Kunming,China,12312,42105,21059,957,21,0.07,52650,299.98,-0.13,1,299.98,278.98,-34.87,Eastern Asia,COMPLETE,,957,43,,http://images.acmesports.sports/Diamondback+Women%27s+Serene+Classic+Comfort+Bike+2014,299.98,0,42314.39792,First Class,Diamondback Women's Serene Classic Comfort Bi,873
DEBIT,2,1,95.06,194,Late delivery,1,24,Women's Apparel,Gaithersburg,EE. UU.,XXXXXXXXX,Jessica,12312,Figueroa,XXXXXXXXX,Corporate,MD,1757 Hidden Beacon Highway,20878,5,Golf,39.14,-77.23,Pacific Asia,Kunming,China,12312,42105,21059,502,6,0.03,52649,50,0.49,4,200,194,95.06,Eastern Asia,COMPLETE,,502,24,,http://images.acmesports.sports/Nike+Men%27s+Dri-FIT+Victory+Golf+Polo,50,0,42314.39792,First Class,Nike Men's Dri-FIT Victory Golf Polo,874
TRANSFER,3,4,1.69,19.18,Advance shipping,0,35,Golf Gloves,Caguas,Puerto Rico,XXXXXXXXX,Anna,10651,George,XXXXXXXXX,Corporate,PR,318 Merry Creek Mountain,725,6,Outdoors,18.23,-66.37,Pacific Asia,Kunming,China,10651,42493,29422,775,0.800000012,0.04,73614,9.99,0.09,2,19.98,19.18,1.69,Eastern Asia,PENDING,,775,35,,http://images.acmesports.sports/Clicgear+8.0+Shoe+Brush,9.99,0,42437.47847,Standard Class,Clicgear 8.0 Shoe Brush,875
PAYMENT,0,0,175.98,351.96,Shipping on time,0,9,Cardio Equipment,Miami,EE. UU.,XXXXXXXXX,Susan,12249,Mann,XXXXXXXXX,Consumer,FL,3937 Cinder Circle,33176,3,Footwear,25.67,-80.38,Pacific Asia,Kunming,China,12249,42105,21058,191,48,0.12,52644,99.99,0.5,4,399.96,351.96,175.98,Eastern Asia,PENDING_PAYMENT,,191,9,,http://images.acmesports.sports/Nike+Men%27s+Free+5.0%2B+Running+Shoe,99.99,0,42312.88333,Same Day,Nike Men's Free 5.0+ Running Shoe,876
PAYMENT,0,0,56.24,224.96,Shipping on time,0,17,Cleats,Miami,EE. UU.,XXXXXXXXX,Susan,12249,Mann,XXXXXXXXX,Consumer,FL,3937 Cinder Circle,33176,4,Apparel,25.67,-80.38,Pacific Asia,Kunming,China,12249,42105,21058,365,74.98999786,0.25,52645,59.99,0.25,5,299.95,224.96,56.24,Eastern Asia,PENDING_PAYMENT,,365,17,,http://images.acmesports.sports/Perfect+Fitness+Perfect+Rip+Deck,59.99,0,42312.88333,Same Day,Perfect Fitness Perfect Rip Deck,877
DEBIT,0,0,-54.98,75,Shipping on time,0,24,Women's Apparel,Caguas,Puerto Rico,XXXXXXXXX,Mary,5647,Phelps,XXXXXXXXX,Corporate,PR,3649 Fallen Street,725,5,Golf,18.29,-66.37,Pacific Asia,Kaiyuan,China,5647,,22696,502,25,0.25,56804,50,-0.73,2,100,75,-54.98,Eastern Asia,COMPLETE,,502,24,,http://images.acmesports.sports/Nike+Men%27s+Dri-FIT+Victory+Golf+Polo,50,0,42336.79444,Same Day,Nike Men's Dri-FIT Victory Golf Polo,878
DEBIT,0,0,10.03,113.97,Shipping on time,0,29,Shop By Sport,Caguas,Puerto Rico,XXXXXXXXX,Mary,5647,Phelps,XXXXXXXXX,Corporate,PR,3649 Fallen Street,725,5,Golf,18.29,-66.37,Pacific Asia,Kaiyuan,China,5647,,22696,627,6,0.05,56803,39.99,0.09,3,119.97,113.97,10.03,Eastern Asia,COMPLETE,,627,29,,http://images.acmesports.sports/Under+Armour+Girls%27+Toddler+Spine+Surge+Running+Shoe,39.99,0,42336.79444,Same Day,Under Armour Girls' Toddler Spine Surge Runni,879
DEBIT,5,4,14.42,240.29,Late delivery,1,69,Health and Beauty,Caguas,Puerto Rico,XXXXXXXXX,Cleo,15902,Pierce,XXXXXXXXX,Corporate,PR,907 Merry Forest Way,725,12,Health and Beauty ,18.25,-66.04,Pacific Asia,Kunming,China,15902,,72349,1356,52.75,0.18,175664,293.04,0.06,1,293.04,240.29,14.42,Eastern Asia,COMPLETE,,1356,69,,http://images.acmesports.sports/First+aid+kit,293.04,0,43066.11319,Standard Class,First aid kit,880
DEBIT,5,2,-199.47,120.89,Late delivery,1,18,Men's Footwear,Jacksonville,EE. UU.,XXXXXXXXX,Mary,6504,Herman,XXXXXXXXX,Corporate,FL,5078 Foggy Panda Highlands,32225,4,Apparel,30.35,-81.51,Pacific Asia,Kunming,China,6504,,30009,403,9.100000381,0.07,75034,129.99,-1.65,1,129.99,120.89,-199.47,Eastern Asia,COMPLETE,,403,18,,http://images.acmesports.sports/Nike+Men%27s+CJ+Elite+2+TD+Football+Cleat,129.99,0,42448.04722,Second Class,Nike Men's CJ Elite 2 TD Football Cleat,881
DEBIT,5,2,46.94,287.95,Late delivery,1,17,Cleats,Jacksonville,EE. UU.,XXXXXXXXX,Mary,6504,Herman,XXXXXXXXX,Corporate,FL,5078 Foggy Panda Highlands,32225,4,Apparel,30.35,-81.51,Pacific Asia,Kunming,China,6504,,30009,365,12,0.04,75033,59.99,0.16,5,299.95,287.95,46.94,Eastern Asia,COMPLETE,,365,17,,http://images.acmesports.sports/Perfect+Fitness+Perfect+Rip+Deck,59.99,0,42448.04722,Second Class,Perfect Fitness Perfect Rip Deck,882
TRANSFER,2,4,-164.05,245.96,Advance shipping,0,17,Cleats,San Diego,EE. UU.,XXXXXXXXX,Diane,9802,Hayes,XXXXXXXXX,Corporate,CA,1217 Clear Beacon Bay,92113,4,Apparel,32.75,-117.19,Pacific Asia,Kunming,China,9802,,20626,365,53.99000168,0.18,51535,59.99,-0.67,5,299.95,245.96,-164.05,Eastern Asia,PENDING,,365,17,,http://images.acmesports.sports/Perfect+Fitness+Perfect+Rip+Deck,59.99,0,42308.07708,Standard Class,Perfect Fitness Perfect Rip Deck,883
DEBIT,2,4,55.8,185.99,Advance shipping,0,48,Water Sports,Las Cruces,EE. UU.,XXXXXXXXX,Melissa,8523,Lee,XXXXXXXXX,Consumer,NM,1964 Lazy End,88005,7,Fan Shop,32.31,-106.79,Pacific Asia,Kunming,China,8523,42493,29421,1073,14,0.07,73610,199.99,0.3,1,199.99,185.99,55.8,Eastern Asia,COMPLETE,,1073,48,,http://images.acmesports.sports/Pelican+Sunstream+100+Kayak,199.99,0,42436.46389,Standard Class,Pelican Sunstream 100 Kayak,884
PAYMENT,5,4,71.87,197.99,Late delivery,1,48,Water Sports,Caguas,Puerto Rico,XXXXXXXXX,Heather,6928,Smith,XXXXXXXXX,Consumer,PR,9394 Merry Towers,725,7,Fan Shop,18.22,-66.37,Pacific Asia,Kunming,China,6928,42553,27574,1073,2,0.01,69025,199.99,0.36,1,199.99,197.99,71.87,Eastern Asia,PENDING_PAYMENT,,1073,48,,http://images.acmesports.sports/Pelican+Sunstream+100+Kayak,199.99,0,42412.50208,Standard Class,Pelican Sunstream 100 Kayak,885
TRANSFER,3,4,3.18,36.17,Advance shipping,0,75,Video Games,El Centro,EE. UU.,XXXXXXXXX,Rama,17165,Burt,XXXXXXXXX,Corporate,CA,9174 Umber Zephyr Run,92243,9,Discs Shop,32.79,-115.56,Pacific Asia,Kunming,China,17165,43020,73612,1362,3.579999924,0.09,176927,39.75,0.09,1,39.75,36.17,3.18,Eastern Asia,PENDING,,1362,75,,http://images.acmesports.sports/Fighting+video+games,39.75,0,43082.55,Standard Class,Fighting video games,886
PAYMENT,3,4,-24.57,109.19,Advance shipping,0,18,Men's Footwear,Provo,EE. UU.,XXXXXXXXX,Jesse,9378,Crane,XXXXXXXXX,Consumer,UT,7620 Thunder Gate,84604,4,Apparel,40.4,-111.55,Pacific Asia,Kunming,China,9378,42553,27572,403,20.79999924,0.16,69022,129.99,-0.23,1,129.99,109.19,-24.57,Eastern Asia,PENDING_PAYMENT,,403,18,,http://images.acmesports.sports/Nike+Men%27s+CJ+Elite+2+TD+Football+Cleat,129.99,0,42410.47222,Standard Class,Nike Men's CJ Elite 2 TD Football Cleat,887
PAYMENT,5,4,16.9,37.56,Late delivery,1,75,Video Games,Scottsdale,EE. UU.,XXXXXXXXX,Leandra,20057,Strickland,XXXXXXXXX,Consumer,AZ,6281 Amber Autumn Hill,85254,9,Discs Shop,33.53,-111.93,Pacific Asia,Kunming,China,20057,,76504,1362,2.190000057,0.06,179819,39.75,0.45,1,39.75,37.56,16.9,Eastern Asia,PENDING_PAYMENT,,1362,75,,http://images.acmesports.sports/Fighting+video+games,39.75,0,43126.76667,Standard Class,Fighting video games,888
PAYMENT,3,4,95.99,199.98,Advance shipping,0,9,Cardio Equipment,Provo,EE. UU.,XXXXXXXXX,Jesse,9378,Crane,XXXXXXXXX,Consumer,UT,7620 Thunder Gate,84604,3,Footwear,40.4,-111.55,Pacific Asia,Kunming,China,9378,42553,27572,191,0,0,69021,99.99,0.48,2,199.98,199.98,95.99,Eastern Asia,PENDING_PAYMENT,,191,9,,http://images.acmesports.sports/Nike+Men%27s+Free+5.0%2B+Running+Shoe,99.99,0,42410.47222,Standard Class,Nike Men's Free 5.0+ Running Shoe,889
TRANSFER,2,1,-254.72,332.1,Shipping canceled,0,63,Children's Clothing,Caguas,Puerto Rico,XXXXXXXXX,Leigh,17954,Merrill,XXXXXXXXX,Corporate,PR,8400 Harvest Blossom Gardens,725,4,Apparel,18.24,-66.04,Pacific Asia,Kunming,China,17954,,74401,1350,25,0.07,177716,357.1,-0.77,1,357.1,332.1,-254.72,Eastern Asia,SUSPECTED_FRAUD,,1350,63,,http://images.acmesports.sports/Children+heaters,357.1,0,43093.06806,First Class,Children's heaters,890
DEBIT,5,4,6.51,57.59,Late delivery,1,17,Cleats,Stockton,EE. UU.,XXXXXXXXX,Mary,11432,Harper,XXXXXXXXX,Consumer,CA,1995 Silent Square,95206,4,Apparel,37.93,-121.3,Pacific Asia,Kunming,China,11432,42461,25214,365,2.400000095,0.04,63192,59.99,0.11,1,59.99,57.59,6.51,Eastern Asia,COMPLETE,,365,17,,http://images.acmesports.sports/Perfect+Fitness+Perfect+Rip+Deck,59.99,0,42378.05139,Standard Class,Perfect Fitness Perfect Rip Deck,891
DEBIT,2,4,8.48,113.09,Advance shipping,0,18,Men's Footwear,Las Cruces,EE. UU.,XXXXXXXXX,Melissa,8523,Lee,XXXXXXXXX,Consumer,NM,1964 Lazy End,88005,4,Apparel,32.31,-106.79,Pacific Asia,Kunming,China,8523,42493,29421,403,16.89999962,0.13,73609,129.99,0.08,1,129.99,113.09,8.48,Eastern Asia,COMPLETE,,403,18,,http://images.acmesports.sports/Nike+Men%27s+CJ+Elite+2+TD+Football+Cleat,129.99,0,42436.46389,Standard Class,Nike Men's CJ Elite 2 TD Football Cleat,892
DEBIT,0,0,22.15,195.99,Shipping on time,0,48,Water Sports,Caguas,Puerto Rico,XXXXXXXXX,Mary,5647,Phelps,XXXXXXXXX,Corporate,PR,3649 Fallen Street,725,7,Fan Shop,18.29,-66.37,Pacific Asia,Kaiyuan,China,5647,,22696,1073,4,0.02,56802,199.99,0.11,1,199.99,195.99,22.15,Eastern Asia,COMPLETE,,1073,48,,http://images.acmesports.sports/Pelican+Sunstream+100+Kayak,199.99,0,42336.79444,Same Day,Pelican Sunstream 100 Kayak,893
PAYMENT,3,4,18.36,107.97,Advance shipping,0,29,Shop By Sport,Provo,EE. UU.,XXXXXXXXX,Jesse,9378,Crane,XXXXXXXXX,Consumer,UT,7620 Thunder Gate,84604,5,Golf,40.4,-111.55,Pacific Asia,Kunming,China,9378,42553,27572,627,12,0.1,69023,39.99,0.17,3,119.97,107.97,18.36,Eastern Asia,PENDING_PAYMENT,,627,29,,http://images.acmesports.sports/Under+Armour+Girls%27+Toddler+Spine+Surge+Running+Shoe,39.99,0,42410.47222,Standard Class,Under Armour Girls' Toddler Spine Surge Runni,894
TRANSFER,1,0,39.88,153.37,Late delivery,1,12,Boxing & MMA,Sunnyvale,EE. UU.,XXXXXXXXX,Susan,3039,Smith,XXXXXXXXX,Consumer,CA,7381 Dusty Beacon Walk,94087,3,Footwear,39.17,-121.06,Pacific Asia,Kunming,China,3039,,23760,249,11.53999996,0.07,59458,54.97,0.26,3,164.91,153.37,39.88,Eastern Asia,PENDING,,249,12,,http://images.acmesports.sports/Under+Armour+Women%27s+Micro+G+Skulpt+Running+Shoe,54.97,0,42352.32639,Same Day,Under Armour Women's Micro G Skulpt Running S,895
TRANSFER,1,0,-413.03,161.97,Late delivery,1,17,Cleats,Sunnyvale,EE. UU.,XXXXXXXXX,Susan,3039,Smith,XXXXXXXXX,Consumer,CA,7381 Dusty Beacon Walk,94087,4,Apparel,39.17,-121.06,Pacific Asia,Kunming,China,3039,,23760,365,18,0.1,59460,59.99,-2.55,3,179.97,161.97,-413.03,Eastern Asia,PENDING,,365,17,,http://images.acmesports.sports/Perfect+Fitness+Perfect+Rip+Deck,59.99,0,42352.32639,Same Day,Perfect Fitness Perfect Rip Deck,896
TRANSFER,1,0,57.06,196.77,Late delivery,1,17,Cleats,Sunnyvale,EE. UU.,XXXXXXXXX,Susan,3039,Smith,XXXXXXXXX,Consumer,CA,7381 Dusty Beacon Walk,94087,4,Apparel,39.17,-121.06,Pacific Asia,Kunming,China,3039,,23760,365,43.18999863,0.18,59459,59.99,0.29,4,239.96,196.77,57.06,Eastern Asia,PENDING,,365,17,,http://images.acmesports.sports/Perfect+Fitness+Perfect+Rip+Deck,59.99,0,42352.32639,Same Day,Perfect Fitness Perfect Rip Deck,897
TRANSFER,1,0,144.01,426.06,Late delivery,1,68,Garden,Caguas,Puerto Rico,XXXXXXXXX,Kelsey,15469,Hale,XXXXXXXXX,Corporate,PR,9010 Hidden Pond Corners,725,6,Outdoors,18.28,-66.04,Pacific Asia,Kunming,China,15469,,71916,1355,106.5199966,0.2,175231,532.58,0.34,1,532.58,426.06,144.01,Eastern Asia,PROCESSING,,1355,68,,http://images.acmesports.sports/Lawn+mower,532.58,0,43055.29236,Same Day,Lawn mower,898
TRANSFER,2,4,10.73,35.78,Shipping canceled,0,75,Video Games,Caguas,Puerto Rico,XXXXXXXXX,Halee,17164,Wilder,XXXXXXXXX,Corporate,PR,9657 Golden Goose Row,725,9,Discs Shop,18.21,-66.04,Pacific Asia,Kunming,China,17164,43020,73611,1362,3.980000019,0.1,176926,39.75,0.3,1,39.75,35.78,10.73,Eastern Asia,CANCELED,,1362,75,,http://images.acmesports.sports/Fighting+video+games,39.75,0,43081.53542,Standard Class,Fighting video games,899
TRANSFER,3,4,8.58,114.39,Advance shipping,0,18,Men's Footwear,Caguas,Puerto Rico,XXXXXXXXX,Anna,10651,George,XXXXXXXXX,Corporate,PR,318 Merry Creek Mountain,725,4,Apparel,18.23,-66.37,Pacific Asia,Kunming,China,10651,42493,29422,403,15.60000038,0.12,73613,129.99,0.08,1,129.99,114.39,8.58,Eastern Asia,PENDING,,403,18,,http://images.acmesports.sports/Nike+Men%27s+CJ+Elite+2+TD+Football+Cleat,129.99,0,42437.47847,Standard Class,Nike Men's CJ Elite 2 TD Football Cleat,900
TRANSFER,3,4,-2.93,46.5,Advance shipping,0,24,Women's Apparel,Caguas,Puerto Rico,XXXXXXXXX,Anna,10651,George,XXXXXXXXX,Corporate,PR,318 Merry Creek Mountain,725,5,Golf,18.23,-66.37,Pacific Asia,Kunming,China,10651,42493,29422,502,3.5,0.07,73612,50,-0.06,1,50,46.5,-2.93,Eastern Asia,PENDING,,502,24,,http://images.acmesports.sports/Nike+Men%27s+Dri-FIT+Victory+Golf+Polo,50,0,42437.47847,Standard Class,Nike Men's Dri-FIT Victory Golf Polo,901
TRANSFER,6,4,-28.96,37.76,Late delivery,1,75,Video Games,Caguas,Puerto Rico,XXXXXXXXX,Hadassah,20058,Levine,XXXXXXXXX,Corporate,PR,2186 Easy Creek Key,725,9,Discs Shop,18.21,-66.04,Pacific Asia,Kunming,China,20058,,76505,1362,1.99000001,0.05,179820,39.75,-0.77,1,39.75,37.76,-28.96,Eastern Asia,PENDING,,1362,75,,http://images.acmesports.sports/Fighting+video+games,39.75,0,43127.78125,Standard Class,Fighting video games,902
PAYMENT,6,4,36.94,127.39,Late delivery,1,18,Men's Footwear,Caguas,Puerto Rico,XXXXXXXXX,Mary,11627,Smith,XXXXXXXXX,Consumer,PR,4079 Emerald Canyon,725,4,Apparel,18.2,-66.37,Pacific Asia,Kunming,China,11627,42461,25215,403,2.599999905,0.02,63194,129.99,0.29,1,129.99,127.39,36.94,Eastern Asia,PENDING_PAYMENT,,403,18,,http://images.acmesports.sports/Nike+Men%27s+CJ+Elite+2+TD+Football+Cleat,129.99,0,42379.06597,Standard Class,Nike Men's CJ Elite 2 TD Football Cleat,903
PAYMENT,5,4,38.67,110.49,Late delivery,1,18,Men's Footwear,Caguas,Puerto Rico,XXXXXXXXX,Heather,6928,Smith,XXXXXXXXX,Consumer,PR,9394 Merry Towers,725,4,Apparel,18.22,-66.37,Pacific Asia,Kunming,China,6928,42553,27574,403,19.5,0.15,69024,129.99,0.35,1,129.99,110.49,38.67,Eastern Asia,PENDING_PAYMENT,,403,18,,http://images.acmesports.sports/Nike+Men%27s+CJ+Elite+2+TD+Football+Cleat,129.99,0,42412.50208,Standard Class,Nike Men's CJ Elite 2 TD Football Cleat,904
DEBIT,6,4,63.36,192,Late delivery,1,24,Women's Apparel,Houston,EE. UU.,XXXXXXXXX,Peter,1498,Bray,XXXXXXXXX,Consumer,TX,4490 Amber Rise,77084,5,Golf,29.86,-95.64,Pacific Asia,Kunming,China,1498,,28115,502,8,0.04,70316,50,0.33,4,200,192,63.36,Eastern Asia,COMPLETE,,502,24,,http://images.acmesports.sports/Nike+Men%27s+Dri-FIT+Victory+Golf+Polo,50,0,42421.39931,Standard Class,Nike Men's Dri-FIT Victory Golf Polo,905
DEBIT,2,4,16.87,37.49,Advance shipping,0,46,Indoor/Outdoor Games,Las Cruces,EE. UU.,XXXXXXXXX,Melissa,8523,Lee,XXXXXXXXX,Consumer,NM,1964 Lazy End,88005,7,Fan Shop,32.31,-106.79,Pacific Asia,Kunming,China,8523,42493,29421,1014,12.5,0.25,73608,49.98,0.45,1,49.98,37.49,16.87,Eastern Asia,COMPLETE,,1014,46,,http://images.acmesports.sports/O%27Brien+Men%27s+Neoprene+Life+Vest,49.98,0,42436.46389,Standard Class,O'Brien Men's Neoprene Life Vest,906
PAYMENT,6,4,38.99,82.97,Late delivery,1,46,Indoor/Outdoor Games,Caguas,Puerto Rico,XXXXXXXXX,Mary,11627,Smith,XXXXXXXXX,Consumer,PR,4079 Emerald Canyon,725,7,Fan Shop,18.2,-66.37,Pacific Asia,Kunming,China,11627,42461,25215,1014,16.98999977,0.17,63195,49.98,0.47,2,99.96,82.97,38.99,Eastern Asia,PENDING_PAYMENT,,1014,46,,http://images.acmesports.sports/O%27Brien+Men%27s+Neoprene+Life+Vest,49.98,0,42379.06597,Standard Class,O'Brien Men's Neoprene Life Vest,907
PAYMENT,2,1,30.79,87.96,Late delivery,1,46,Indoor/Outdoor Games,Fort Worth,EE. UU.,XXXXXXXXX,Julie,3205,Santiago,XXXXXXXXX,Consumer,TX,3698 Sleepy Park,76106,7,Fan Shop,32.8,-97.33,Pacific Asia,Kunming,China,3205,42106,23111,1014,12,0.12,57866,49.98,0.35,2,99.96,87.96,30.79,Eastern Asia,PENDING_PAYMENT,,1014,46,,http://images.acmesports.sports/O%27Brien+Men%27s+Neoprene+Life+Vest,49.98,0,42344.35208,First Class,O'Brien Men's Neoprene Life Vest,908
DEBIT,6,4,18.8,49.48,Late delivery,1,46,Indoor/Outdoor Games,Caguas,Puerto Rico,XXXXXXXXX,Mary,3752,Vega,XXXXXXXXX,Home Office,PR,7840 Umber Sky Villas,725,7,Fan Shop,18.21,-66.37,Pacific Asia,Kunming,China,3752,,22320,1014,0.5,0.01,55875,49.98,0.38,1,49.98,49.48,18.8,Eastern Asia,COMPLETE,,1014,46,,http://images.acmesports.sports/O%27Brien+Men%27s+Neoprene+Life+Vest,49.98,0,42336.80556,Standard Class,O'Brien Men's Neoprene Life Vest,909
TRANSFER,3,4,12.96,172.77,Advance shipping,0,17,Cleats,Caguas,Puerto Rico,XXXXXXXXX,Anna,10651,George,XXXXXXXXX,Corporate,PR,318 Merry Creek Mountain,725,4,Apparel,18.23,-66.37,Pacific Asia,Kunming,China,10651,42493,29422,365,7.199999809,0.04,73615,59.99,0.08,3,179.97,172.77,12.96,Eastern Asia,PENDING,,365,17,,http://images.acmesports.sports/Perfect+Fitness+Perfect+Rip+Deck,59.99,0,42437.47847,Standard Class,Perfect Fitness Perfect Rip Deck,910
DEBIT,6,4,26.97,92.99,Late delivery,1,9,Cardio Equipment,Caguas,Puerto Rico,XXXXXXXXX,Mary,3752,Vega,XXXXXXXXX,Home Office,PR,7840 Umber Sky Villas,725,3,Footwear,18.21,-66.37,Pacific Asia,Kunming,China,3752,,22320,191,7,0.07,55874,99.99,0.29,1,99.99,92.99,26.97,Eastern Asia,COMPLETE,,191,9,,http://images.acmesports.sports/Nike+Men%27s+Free+5.0%2B+Running+Shoe,99.99,0,42336.80556,Standard Class,Nike Men's Free 5.0+ Running Shoe,911
PAYMENT,6,4,45.26,98.38,Late delivery,1,17,Cleats,Caguas,Puerto Rico,XXXXXXXXX,Mary,11627,Smith,XXXXXXXXX,Consumer,PR,4079 Emerald Canyon,725,4,Apparel,18.2,-66.37,Pacific Asia,Kunming,China,11627,42461,25215,365,21.60000038,0.18,63196,59.99,0.46,2,119.98,98.38,45.26,Eastern Asia,PENDING_PAYMENT,,365,17,,http://images.acmesports.sports/Perfect+Fitness+Perfect+Rip+Deck,59.99,0,42379.06597,Standard Class,Perfect Fitness Perfect Rip Deck,912
PAYMENT,5,4,63.74,138.56,Late delivery,1,3,Baseball & Softball,Caguas,Puerto Rico,XXXXXXXXX,Heather,6928,Smith,XXXXXXXXX,Consumer,PR,9394 Merry Towers,725,2,Fitness,18.22,-66.37,Pacific Asia,Kunming,China,6928,42553,27574,37,1.399999976,0.01,69026,34.99,0.46,4,139.96,138.56,63.74,Eastern Asia,PENDING_PAYMENT,,37,3,,http://images.acmesports.sports/adidas+Kids%27+F5+Messi+FG+Soccer+Cleat,34.99,0,42412.50208,Standard Class,adidas Kids' F5 Messi FG Soccer Cleat,913
PAYMENT,6,4,-3.33,237.56,Late delivery,1,17,Cleats,Caguas,Puerto Rico,XXXXXXXXX,Mary,11627,Smith,XXXXXXXXX,Consumer,PR,4079 Emerald Canyon,725,4,Apparel,18.2,-66.37,Pacific Asia,Kunming,China,11627,42461,25215,365,2.400000095,0.01,63193,59.99,-0.01,4,239.96,237.56,-3.33,Eastern Asia,PENDING_PAYMENT,,365,17,,http://images.acmesports.sports/Perfect+Fitness+Perfect+Rip+Deck,59.99,0,42379.06597,Standard Class,Perfect Fitness Perfect Rip Deck,914
PAYMENT,6,4,-67.82,284.95,Late delivery,1,17,Cleats,Caguas,Puerto Rico,XXXXXXXXX,Mary,11627,Smith,XXXXXXXXX,Consumer,PR,4079 Emerald Canyon,725,4,Apparel,18.2,-66.37,Pacific Asia,Kunming,China,11627,42461,25215,365,15,0.05,63197,59.99,-0.24,5,299.95,284.95,-67.82,Eastern Asia,PENDING_PAYMENT,,365,17,,http://images.acmesports.sports/Perfect+Fitness+Perfect+Rip+Deck,59.99,0,42379.06597,Standard Class,Perfect Fitness Perfect Rip Deck,915
TRANSFER,3,4,-53.85,30.77,Advance shipping,0,59,Books ,Caguas,Puerto Rico,XXXXXXXXX,Winifred,17540,Le,XXXXXXXXX,Consumer,PR,8446 Green Wagon Moor,725,8,Book Shop,18.23,-66.04,Pacific Asia,Kaiyuan,China,17540,,73987,1346,0.310000002,0.01,177302,31.08,-1.75,1,31.08,30.77,-53.85,Eastern Asia,PROCESSING,,1346,59,,http://images.acmesports.sports/Sports+Books,31.08,0,43088.02431,Standard Class,Sports Books ,916
DEBIT,2,4,-53.3,30.46,Advance shipping,0,59,Books ,Tampa,EE. UU.,XXXXXXXXX,Fay,17539,Velazquez,XXXXXXXXX,Home Office,FL,1297 Lazy Gardens,33614,8,Book Shop,28.03,-82.5,Pacific Asia,Kaiyuan,China,17539,,73986,1346,0.620000005,0.02,177301,31.08,-1.75,1,31.08,30.46,-53.3,Eastern Asia,COMPLETE,,1346,59,,http://images.acmesports.sports/Sports+Books,31.08,0,43087.00972,Standard Class,Sports Books ,917
PAYMENT,4,4,110.18,234.43,Shipping on time,0,69,Health and Beauty,Santa Clara,EE. UU.,XXXXXXXXX,Cally,15901,Hobbs,XXXXXXXXX,Home Office,CA,214 Harvest Pony Mews,95051,12,Health and Beauty ,37.34,-121.99,Pacific Asia,Kunming,China,15901,,72348,1356,58.61000061,0.2,175663,293.04,0.47,1,293.04,234.43,110.18,Eastern Asia,PENDING_PAYMENT,,1356,69,,http://images.acmesports.sports/First+aid+kit,293.04,0,43065.09861,Standard Class,First aid kit,918
CASH,3,4,27,53.99,Advance shipping,0,17,Cleats,Caguas,Puerto Rico,XXXXXXXXX,Rebecca,5522,Smith,XXXXXXXXX,Consumer,PR,3663 Misty Pioneer Arbor,725,4,Apparel,18.24,-66.37,Pacific Asia,Kunming,China,5522,,22322,365,6,0.1,55877,59.99,0.5,1,59.99,53.99,27,Eastern Asia,CLOSED,,365,17,,http://images.acmesports.sports/Perfect+Fitness+Perfect+Rip+Deck,59.99,0,42333.83472,Standard Class,Perfect Fitness Perfect Rip Deck,919
CASH,3,4,22.79,59.99,Advance shipping,0,29,Shop By Sport,Caguas,Puerto Rico,XXXXXXXXX,Rebecca,5522,Smith,XXXXXXXXX,Consumer,PR,3663 Misty Pioneer Arbor,725,5,Golf,18.24,-66.37,Pacific Asia,Kunming,China,5522,,22322,627,20,0.25,55876,39.99,0.38,2,79.98,59.99,22.79,Eastern Asia,CLOSED,,627,29,,http://images.acmesports.sports/Under+Armour+Girls%27+Toddler+Spine+Surge+Running+Shoe,39.99,0,42333.83472,Standard Class,Under Armour Girls' Toddler Spine Surge Runni,920
DEBIT,2,4,127.39,363.98,Advance shipping,0,45,Fishing,Las Cruces,EE. UU.,XXXXXXXXX,Melissa,8523,Lee,XXXXXXXXX,Consumer,NM,1964 Lazy End,88005,7,Fan Shop,32.31,-106.79,Pacific Asia,Kunming,China,8523,42493,29421,1004,36,0.09,73611,399.98,0.35,1,399.98,363.98,127.39,Eastern Asia,COMPLETE,,1004,45,,http://images.acmesports.sports/Field+%26+Stream+Sportsman+16+Gun+Fire+Safe,399.98,0,42436.46389,Standard Class,Field & Stream Sportsman 16 Gun Fire Safe,921
TRANSFER,3,4,-48.76,377.98,Advance shipping,0,45,Fishing,Caguas,Puerto Rico,XXXXXXXXX,Mary,894,Sawyer,XXXXXXXXX,Consumer,PR,8906 Cotton Alley,725,7,Fan Shop,18.22,-66.05,Pacific Asia,Kunming,China,894,,28117,1004,22,0.06,70317,399.98,-0.13,1,399.98,377.98,-48.76,Eastern Asia,PROCESSING,,1004,45,,http://images.acmesports.sports/Field+%26+Stream+Sportsman+16+Gun+Fire+Safe,399.98,0,42418.42847,Standard Class,Field & Stream Sportsman 16 Gun Fire Safe,922
PAYMENT,5,4,7.6,379.98,Late delivery,1,45,Fishing,Caguas,Puerto Rico,XXXXXXXXX,Heather,6928,Smith,XXXXXXXXX,Consumer,PR,9394 Merry Towers,725,7,Fan Shop,18.22,-66.37,Pacific Asia,Kunming,China,6928,42553,27574,1004,20,0.05,69027,399.98,0.02,1,399.98,379.98,7.6,Eastern Asia,PENDING_PAYMENT,,1004,45,,http://images.acmesports.sports/Field+%26+Stream+Sportsman+16+Gun+Fire+Safe,399.98,0,42412.50208,Standard Class,Field & Stream Sportsman 16 Gun Fire Safe,923
PAYMENT,2,1,6.96,40.92,Late delivery,1,7,Hockey,Detroit,EE. UU.,XXXXXXXXX,Mary,7163,Jones,XXXXXXXXX,Corporate,MI,6867 Honey Heights,48205,2,Fitness,42.43,-82.98,LATAM,Progreso,Mexico,7163,43010,52824,135,3.079999924,0.07,132058,22,0.17,2,44,40.92,6.96,Central America,PENDING_PAYMENT,,135,7,,http://images.acmesports.sports/Nike+Dri-FIT+Crew+Sock+6+Pack,22,0,42778.09306,First Class,Nike Dri-FIT Crew Sock 6 Pack,924
CASH,2,1,15.15,36.96,Late delivery,1,7,Hockey,Caguas,Puerto Rico,XXXXXXXXX,Catherine,8755,Lutz,XXXXXXXXX,Consumer,PR,9729 Middle Shadow Run,725,2,Fitness,18.21,-66.37,LATAM,Progreso,Mexico,8755,,7339,135,7.039999962,0.16,18388,22,0.41,2,44,36.96,15.15,Central America,CLOSED,,135,7,,http://images.acmesports.sports/Nike+Dri-FIT+Crew+Sock+6+Pack,22,0,42114.11736,First Class,Nike Dri-FIT Crew Sock 6 Pack,925
DEBIT,5,2,-672.26,248.98,Late delivery,1,43,Camping & Hiking,Caguas,Puerto Rico,XXXXXXXXX,Steven,1234,Bond,XXXXXXXXX,Consumer,PR,2743 Velvet Timber Carrefour,725,7,Fan Shop,18.28,-66.37,LATAM,Merida,Mexico,1234,42311,4739,957,51,0.17,11882,299.98,-2.7,1,299.98,248.98,-672.26,Central America,COMPLETE,,957,43,,http://images.acmesports.sports/Diamondback+Women%27s+Serene+Classic+Comfort+Bike+2014,299.98,0,42079.16319,Second Class,Diamondback Women's Serene Classic Comfort Bi,926
DEBIT,3,4,51.83,287.95,Advance shipping,0,17,Cleats,Dorchester Center,EE. UU.,XXXXXXXXX,Lauren,5978,Smith,XXXXXXXXX,Consumer,MA,5365 Tawny Apple Limits,2124,4,Apparel,42.29,-71.07,LATAM,Merida,Mexico,5978,,57417,365,12,0.04,143623,59.99,0.18,5,299.95,287.95,51.83,Central America,COMPLETE,,365,17,,http://images.acmesports.sports/Perfect+Fitness+Perfect+Rip+Deck,59.99,0,42846.14028,Standard Class,Perfect Fitness Perfect Rip Deck,927
DEBIT,2,4,179.67,494.95,Advance shipping,0,9,Cardio Equipment,Staten Island,EE. UU.,XXXXXXXXX,Crystal,10031,Blake,XXXXXXXXX,Consumer,NY,6764 Tawny Link,10306,3,Footwear,40.57,-74.12,LATAM,Merida,Mexico,10031,,53176,191,5,0.01,132866,99.99,0.36,5,499.95,494.95,179.67,Central America,ON_HOLD,,191,9,,http://images.acmesports.sports/Nike+Men%27s+Free+5.0%2B+Running+Shoe,99.99,0,42783.23194,Standard Class,Nike Men's Free 5.0+ Running Shoe,928
TRANSFER,5,4,185.2,377.96,Late delivery,1,9,Cardio Equipment,Hayward,EE. UU.,XXXXXXXXX,Mary,3761,Christian,XXXXXXXXX,Consumer,CA,2104 Fallen Limits,94541,3,Footwear,37.67,-122.11,LATAM,Merida,Mexico,3761,,59839,191,22,0.06,149777,99.99,0.49,4,399.96,377.96,185.2,Central America,PENDING,,191,9,,http://images.acmesports.sports/Nike+Men%27s+Free+5.0%2B+Running+Shoe,99.99,0,42883.49653,Standard Class,Nike Men's Free 5.0+ Running Shoe,929
TRANSFER,4,4,54.8,156.57,Shipping on time,0,17,Cleats,Visalia,EE. UU.,XXXXXXXXX,Justin,6304,Parker,XXXXXXXXX,Corporate,CA,4182 Indian Pond Freeway,93277,4,Apparel,36.29,-119.31,LATAM,Merida,Mexico,6304,42798,56433,365,23.39999962,0.13,141152,59.99,0.35,3,179.97,156.57,54.8,Central America,PROCESSING,,365,17,,http://images.acmesports.sports/Perfect+Fitness+Perfect+Rip+Deck,59.99,0,42832.77639,Standard Class,Perfect Fitness Perfect Rip Deck,930
TRANSFER,4,4,57.96,126,Shipping canceled,0,24,Women's Apparel,Aurora,EE. UU.,XXXXXXXXX,Mary,4172,Ochoa,XXXXXXXXX,Corporate,CO,7651 Honey Passage,80012,5,Golf,39.7,-104.84,LATAM,Progreso,Mexico,4172,,1538,502,24,0.16,3842,50,0.46,3,150,126,57.96,Central America,SUSPECTED_FRAUD,,502,24,,http://images.acmesports.sports/Nike+Men%27s+Dri-FIT+Victory+Golf+Polo,50,0,42031.43611,Standard Class,Nike Men's Dri-FIT Victory Golf Polo,931
DEBIT,6,4,13.57,48.48,Late delivery,1,40,Accessories,Lutz,EE. UU.,XXXXXXXXX,Theresa,5801,Pearson,XXXXXXXXX,Corporate,FL,6715 Gentle Horse Row,33549,6,Outdoors,28.09,-82.44,LATAM,Merida,Mexico,5801,,9490,897,1.5,0.03,23712,24.99,0.28,2,49.98,48.48,13.57,Central America,COMPLETE,,897,40,,http://images.acmesports.sports/Team+Golf+New+England+Patriots+Putter+Grip,24.99,0,42149.51736,Standard Class,Team Golf New England Patriots Putter Grip,932
TRANSFER,3,4,87.11,239.96,Advance shipping,0,17,Cleats,Fond Du Lac,EE. UU.,XXXXXXXXX,Mary,5463,Schultz,XXXXXXXXX,Corporate,WI,2415 Misty Rise Dell,54935,4,Apparel,43.79,-88.47,LATAM,Merida,Mexico,5463,42951,56742,365,59.99000168,0.2,141918,59.99,0.36,5,299.95,239.96,87.11,Central America,PENDING,,365,17,,http://images.acmesports.sports/Perfect+Fitness+Perfect+Rip+Deck,59.99,0,42836.28681,Standard Class,Perfect Fitness Perfect Rip Deck,933
TRANSFER,4,2,18.33,290.98,Late delivery,1,43,Camping & Hiking,Caguas,Puerto Rico,XXXXXXXXX,Ashley,11026,Lowe,XXXXXXXXX,Home Office,PR,2352 Umber Wagon  Wood,725,7,Fan Shop,18.3,-66.37,LATAM,Merida,Mexico,11026,42890,56598,957,9,0.03,141575,299.98,0.06,1,299.98,290.98,18.33,Central America,PROCESSING,,957,43,,http://images.acmesports.sports/Diamondback+Women%27s+Serene+Classic+Comfort+Bike+2014,299.98,0,42835.18542,Second Class,Diamondback Women's Serene Classic Comfort Bi,934
TRANSFER,4,2,23.09,104.97,Late delivery,1,3,Baseball & Softball,Caguas,Puerto Rico,XXXXXXXXX,Ashley,11026,Lowe,XXXXXXXXX,Home Office,PR,2352 Umber Wagon  Wood,725,2,Fitness,18.3,-66.37,LATAM,Merida,Mexico,11026,42890,56598,37,34.99000168,0.25,141576,34.99,0.22,4,139.96,104.97,23.09,Central America,PROCESSING,,37,3,,http://images.acmesports.sports/adidas+Kids%27+F5+Messi+FG+Soccer+Cleat,34.99,0,42835.18542,Second Class,adidas Kids' F5 Messi FG Soccer Cleat,935
DEBIT,6,4,51.4,151.16,Late delivery,1,29,Shop By Sport,Lutz,EE. UU.,XXXXXXXXX,Theresa,5801,Pearson,XXXXXXXXX,Corporate,FL,6715 Gentle Horse Row,33549,5,Golf,28.09,-82.44,LATAM,Merida,Mexico,5801,,9490,627,8.800000191,0.06,23713,39.99,0.34,4,159.96,151.16,51.4,Central America,COMPLETE,,627,29,,http://images.acmesports.sports/Under+Armour+Girls%27+Toddler+Spine+Surge+Running+Shoe,39.99,0,42149.51736,Standard Class,Under Armour Girls' Toddler Spine Surge Runni,936
TRANSFER,2,4,129.58,287.95,Advance shipping,0,17,Cleats,Washington,EE. UU.,XXXXXXXXX,Mary,411,Smith,XXXXXXXXX,Consumer,DC,2000 Stony Abbey,20009,4,Apparel,38.89,-77.08,LATAM,Merida,Mexico,411,42128,6441,365,12,0.04,16119,59.99,0.45,5,299.95,287.95,129.58,Central America,PROCESSING,,365,17,,http://images.acmesports.sports/Perfect+Fitness+Perfect+Rip+Deck,59.99,0,42101.00903,Standard Class,Perfect Fitness Perfect Rip Deck,937
CASH,1,0,49.2,245.98,Late delivery,1,9,Cardio Equipment,Chicago,EE. UU.,XXXXXXXXX,Gloria,5582,Larson,XXXXXXXXX,Corporate,IL,252 Honey Embers Canyon,60616,3,Footwear,41.88,-88.2,LATAM,Merida,Mexico,5582,,55734,191,53.99000168,0.18,139389,99.99,0.2,3,299.97,245.98,49.2,Central America,CLOSED,,191,9,,http://images.acmesports.sports/Nike+Men%27s+Free+5.0%2B+Running+Shoe,99.99,0,42819.07292,Same Day,Nike Men's Free 5.0+ Running Shoe,938
PAYMENT,2,1,22.7,126.09,Late delivery,1,18,Men's Footwear,Brooklyn,EE. UU.,XXXXXXXXX,Stephanie,4050,Smith,XXXXXXXXX,Consumer,NY,2455 Fallen Common,11237,4,Apparel,40.7,-73.92,LATAM,Merida,Mexico,4050,,7173,403,3.900000095,0.03,17961,129.99,0.18,1,129.99,126.09,22.7,Central America,PENDING_PAYMENT,,403,18,,http://images.acmesports.sports/Nike+Men%27s+CJ+Elite+2+TD+Football+Cleat,129.99,0,42111.69444,First Class,Nike Men's CJ Elite 2 TD Football Cleat,939
PAYMENT,2,1,147.19,319.98,Late delivery,1,45,Fishing,Brooklyn,EE. UU.,XXXXXXXXX,Stephanie,4050,Smith,XXXXXXXXX,Consumer,NY,2455 Fallen Common,11237,7,Fan Shop,40.7,-73.92,LATAM,Merida,Mexico,4050,,7173,1004,80,0.2,17960,399.98,0.46,1,399.98,319.98,147.19,Central America,PENDING_PAYMENT,,1004,45,,http://images.acmesports.sports/Field+%26+Stream+Sportsman+16+Gun+Fire+Safe,399.98,0,42111.69444,First Class,Field & Stream Sportsman 16 Gun Fire Safe,940
PAYMENT,2,1,167.18,379.96,Late delivery,1,9,Cardio Equipment,Brooklyn,EE. UU.,XXXXXXXXX,Stephanie,4050,Smith,XXXXXXXXX,Consumer,NY,2455 Fallen Common,11237,3,Footwear,40.7,-73.92,LATAM,Merida,Mexico,4050,,7173,191,20,0.05,17963,99.99,0.44,4,399.96,379.96,167.18,Central America,PENDING_PAYMENT,,191,9,,http://images.acmesports.sports/Nike+Men%27s+Free+5.0%2B+Running+Shoe,99.99,0,42111.69444,First Class,Nike Men's Free 5.0+ Running Shoe,941
PAYMENT,2,1,66.38,132.77,Late delivery,1,29,Shop By Sport,Brooklyn,EE. UU.,XXXXXXXXX,Stephanie,4050,Smith,XXXXXXXXX,Consumer,NY,2455 Fallen Common,11237,5,Golf,40.7,-73.92,LATAM,Merida,Mexico,4050,,7173,627,27.19000053,0.17,17962,39.99,0.5,4,159.96,132.77,66.38,Central America,PENDING_PAYMENT,,627,29,,http://images.acmesports.sports/Under+Armour+Girls%27+Toddler+Spine+Surge+Running+Shoe,39.99,0,42111.69444,First Class,Under Armour Girls' Toddler Spine Surge Runni,942
DEBIT,3,4,-464.97,299.98,Advance shipping,0,43,Camping & Hiking,Caguas,Puerto Rico,XXXXXXXXX,Andrew,8415,Garza,XXXXXXXXX,Consumer,PR,1233 Honey Village,725,7,Fan Shop,18.23,-66.37,LATAM,Merida,Mexico,8415,,6127,957,0,0,15313,299.98,-1.55,1,299.98,299.98,-464.97,Central America,COMPLETE,,957,43,,http://images.acmesports.sports/Diamondback+Women%27s+Serene+Classic+Comfort+Bike+2014,299.98,0,42097.425,Standard Class,Diamondback Women's Serene Classic Comfort Bi,943
DEBIT,3,4,-3.12,239.98,Advance shipping,0,43,Camping & Hiking,Caguas,Puerto Rico,XXXXXXXXX,Andrew,8415,Garza,XXXXXXXXX,Consumer,PR,1233 Honey Village,725,7,Fan Shop,18.23,-66.37,LATAM,Merida,Mexico,8415,,6127,957,60,0.2,15316,299.98,-0.01,1,299.98,239.98,-3.12,Central America,COMPLETE,,957,43,,http://images.acmesports.sports/Diamondback+Women%27s+Serene+Classic+Comfort+Bike+2014,299.98,0,42097.425,Standard Class,Diamondback Women's Serene Classic Comfort Bi,944
DEBIT,3,4,81.67,224.99,Advance shipping,0,43,Camping & Hiking,Caguas,Puerto Rico,XXXXXXXXX,Andrew,8415,Garza,XXXXXXXXX,Consumer,PR,1233 Honey Village,725,7,Fan Shop,18.23,-66.37,LATAM,Merida,Mexico,8415,,6127,957,75,0.25,15315,299.98,0.36,1,299.98,224.99,81.67,Central America,COMPLETE,,957,43,,http://images.acmesports.sports/Diamondback+Women%27s+Serene+Classic+Comfort+Bike+2014,299.98,0,42097.425,Standard Class,Diamondback Women's Serene Classic Comfort Bi,945
DEBIT,6,4,31.19,95.98,Late delivery,1,17,Cleats,Caguas,Puerto Rico,XXXXXXXXX,Mary,387,Levy,XXXXXXXXX,Consumer,PR,9460 Hidden Landing,725,4,Apparel,18.25,-66.03,LATAM,Merida,Mexico,387,,57430,365,24,0.2,143661,59.99,0.33,2,119.98,95.98,31.19,Central America,COMPLETE,,365,17,,http://images.acmesports.sports/Perfect+Fitness+Perfect+Rip+Deck,59.99,0,42849.33056,Standard Class,Perfect Fitness Perfect Rip Deck,946
DEBIT,3,4,28,100,Advance shipping,0,24,Women's Apparel,Caguas,Puerto Rico,XXXXXXXXX,Andrew,8415,Garza,XXXXXXXXX,Consumer,PR,1233 Honey Village,725,5,Golf,18.23,-66.37,LATAM,Merida,Mexico,8415,,6127,502,0,0,15314,50,0.28,2,100,100,28,Central America,COMPLETE,,502,24,,http://images.acmesports.sports/Nike+Men%27s+Dri-FIT+Victory+Golf+Polo,50,0,42097.425,Standard Class,Nike Men's Dri-FIT Victory Golf Polo,947
CASH,4,4,123.41,339.98,Shipping on time,0,45,Fishing,Aurora,EE. UU.,XXXXXXXXX,Michelle,7879,Powell,XXXXXXXXX,Corporate,CO,2714 Old Quay,80010,7,Fan Shop,39.75,-104.88,LATAM,Merida,Mexico,7879,42128,6443,1004,60,0.15,16127,399.98,0.36,1,399.98,339.98,123.41,Central America,CLOSED,,1004,45,,http://images.acmesports.sports/Field+%26+Stream+Sportsman+16+Gun+Fire+Safe,399.98,0,42103.03819,Standard Class,Field & Stream Sportsman 16 Gun Fire Safe,948
CASH,3,4,74.48,196,Advance shipping,0,24,Women's Apparel,Painesville,EE. UU.,XXXXXXXXX,Mary,6215,Rush,XXXXXXXXX,Corporate,OH,6958 Hazy Gardens,44077,5,Golf,41.72,-81.25,LATAM,Merida,Mexico,6215,,56027,502,4,0.02,140076,50,0.38,4,200,196,74.48,Central America,CLOSED,,502,24,,http://images.acmesports.sports/Nike+Men%27s+Dri-FIT+Victory+Golf+Polo,50,0,42825.85,Standard Class,Nike Men's Dri-FIT Victory Golf Polo,949
DEBIT,2,1,13.95,278.98,Late delivery,1,43,Camping & Hiking,San Diego,EE. UU.,XXXXXXXXX,Robert,9128,Smith,XXXXXXXXX,Corporate,CA,8773 Dewy Blossom Line,92129,7,Fan Shop,32.78,-117.14,LATAM,Merida,Mexico,9128,,1795,957,21,0.07,4485,299.98,0.05,1,299.98,278.98,13.95,Central America,COMPLETE,,957,43,,http://images.acmesports.sports/Diamondback+Women%27s+Serene+Classic+Comfort+Bike+2014,299.98,0,42033.18819,First Class,Diamondback Women's Serene Classic Comfort Bi,950
DEBIT,2,1,14.89,79.18,Late delivery,1,29,Shop By Sport,San Diego,EE. UU.,XXXXXXXXX,Robert,9128,Smith,XXXXXXXXX,Corporate,CA,8773 Dewy Blossom Line,92129,5,Golf,32.78,-117.14,LATAM,Merida,Mexico,9128,,1795,627,0.800000012,0.01,4486,39.99,0.19,2,79.98,79.18,14.89,Central America,COMPLETE,,627,29,,http://images.acmesports.sports/Under+Armour+Girls%27+Toddler+Spine+Surge+Running+Shoe,39.99,0,42033.18819,First Class,Under Armour Girls' Toddler Spine Surge Runni,951
DEBIT,2,1,47.9,122.82,Late delivery,1,6,Tennis & Racquet,San Diego,EE. UU.,XXXXXXXXX,Robert,9128,Smith,XXXXXXXXX,Corporate,CA,8773 Dewy Blossom Line,92129,2,Fitness,32.78,-117.14,LATAM,Merida,Mexico,9128,,1795,116,12.14999962,0.09,4482,44.99,0.39,3,134.97,122.82,47.9,Central America,COMPLETE,,116,6,,http://images.acmesports.sports/Nike+Men%27s+Comfort+2+Slide,44.99,0,42033.18819,First Class,Nike Men's Comfort 2 Slide,952
DEBIT,2,1,94.45,327.97,Late delivery,1,9,Cardio Equipment,Bronx,EE. UU.,XXXXXXXXX,George,1662,Smith,XXXXXXXXX,Corporate,NY,7449 Tawny Glen,10460,3,Footwear,40.84,-73.88,LATAM,Merida,Mexico,1662,,53085,191,71.98999786,0.18,132673,99.99,0.29,4,399.96,327.97,94.45,Central America,COMPLETE,,191,9,,http://images.acmesports.sports/Nike+Men%27s+Free+5.0%2B+Running+Shoe,99.99,0,42781.90347,First Class,Nike Men's Free 5.0+ Running Shoe,953
DEBIT,2,1,53.01,201.57,Late delivery,1,17,Cleats,San Diego,EE. UU.,XXXXXXXXX,Robert,9128,Smith,XXXXXXXXX,Corporate,CA,8773 Dewy Blossom Line,92129,4,Apparel,32.78,-117.14,LATAM,Merida,Mexico,9128,,1795,365,38.38999939,0.16,4484,59.99,0.26,4,239.96,201.57,53.01,Central America,COMPLETE,,365,17,,http://images.acmesports.sports/Perfect+Fitness+Perfect+Rip+Deck,59.99,0,42033.18819,First Class,Perfect Fitness Perfect Rip Deck,954
DEBIT,2,1,11.54,131.17,Late delivery,1,29,Shop By Sport,Bronx,EE. UU.,XXXXXXXXX,George,1662,Smith,XXXXXXXXX,Corporate,NY,7449 Tawny Glen,10460,5,Golf,40.84,-73.88,LATAM,Merida,Mexico,1662,,53085,627,28.79000092,0.18,132672,39.99,0.09,4,159.96,131.17,11.54,Central America,COMPLETE,,627,29,,http://images.acmesports.sports/Under+Armour+Girls%27+Toddler+Spine+Surge+Running+Shoe,39.99,0,42781.90347,First Class,Under Armour Girls' Toddler Spine Surge Runni,955
DEBIT,2,1,54.14,110.49,Late delivery,1,18,Men's Footwear,Caguas,Puerto Rico,XXXXXXXXX,Deborah,5540,Smith,XXXXXXXXX,Corporate,PR,2659 High Treasure Village,725,4,Apparel,18.24,-66.37,LATAM,Merida,Mexico,5540,,53175,403,19.5,0.15,132864,129.99,0.49,1,129.99,110.49,54.14,Central America,COMPLETE,,403,18,,http://images.acmesports.sports/Nike+Men%27s+CJ+Elite+2+TD+Football+Cleat,129.99,0,42783.21736,First Class,Nike Men's CJ Elite 2 TD Football Cleat,956
DEBIT,2,1,16.97,48.48,Late delivery,1,5,Lacrosse,Caguas,Puerto Rico,XXXXXXXXX,Edward,11386,Barnett,XXXXXXXXX,Corporate,PR,7290 Rustic Deer Private,725,2,Fitness,18.24,-66.37,LATAM,Merida,Mexico,11386,42158,4444,93,1.5,0.03,11120,24.99,0.35,2,49.98,48.48,16.97,Central America,COMPLETE,,93,5,,http://images.acmesports.sports/Under+Armour+Men%27s+Tech+II+T-Shirt,24.99,0,42071.85694,First Class,Under Armour Men's Tech II T-Shirt,957
DEBIT,2,1,10.24,51.18,Late delivery,1,37,Electronics,Caguas,Puerto Rico,XXXXXXXXX,Edward,11386,Barnett,XXXXXXXXX,Corporate,PR,7290 Rustic Deer Private,725,6,Outdoors,18.24,-66.37,LATAM,Merida,Mexico,11386,42158,4444,835,12.80000019,0.2,11121,31.99,0.2,2,63.98,51.18,10.24,Central America,COMPLETE,,835,37,,http://images.acmesports.sports/Bridgestone+e6+Straight+Distance+NFL+Carolina+Panthers+Golf...,31.99,0,42071.85694,First Class,Bridgestone e6 Straight Distance NFL Carolina,958
DEBIT,2,1,3.6,89.98,Late delivery,1,29,Shop By Sport,Caguas,Puerto Rico,XXXXXXXXX,Deborah,5540,Smith,XXXXXXXXX,Corporate,PR,2659 High Treasure Village,725,5,Golf,18.24,-66.37,LATAM,Merida,Mexico,5540,,53175,627,29.98999977,0.25,132865,39.99,0.04,3,119.97,89.98,3.6,Central America,COMPLETE,,627,29,,http://images.acmesports.sports/Under+Armour+Girls%27+Toddler+Spine+Surge+Running+Shoe,39.99,0,42783.21736,First Class,Under Armour Girls' Toddler Spine Surge Runni,959
DEBIT,6,4,52.19,173.96,Late delivery,1,29,Shop By Sport,Newark,EE. UU.,XXXXXXXXX,Eric,1551,Collins,XXXXXXXXX,Corporate,NJ,6314 Honey Canyon,7105,5,Golf,40.73,-74.16,LATAM,Merida,Mexico,1551,,57735,627,25.98999977,0.13,144436,39.99,0.3,5,199.95,173.96,52.19,Central America,COMPLETE,,627,29,,http://images.acmesports.sports/Under+Armour+Girls%27+Toddler+Spine+Surge+Running+Shoe,39.99,0,42853.78264,Standard Class,Under Armour Girls' Toddler Spine Surge Runni,960
DEBIT,6,4,102.23,217.5,Late delivery,1,24,Women's Apparel,Newark,EE. UU.,XXXXXXXXX,Eric,1551,Collins,XXXXXXXXX,Corporate,NJ,6314 Honey Canyon,7105,5,Golf,40.73,-74.16,LATAM,Merida,Mexico,1551,,57735,502,32.5,0.13,144437,50,0.47,5,250,217.5,102.23,Central America,COMPLETE,,502,24,,http://images.acmesports.sports/Nike+Men%27s+Dri-FIT+Victory+Golf+Polo,50,0,42853.78264,Standard Class,Nike Men's Dri-FIT Victory Golf Polo,961
DEBIT,5,4,18.33,290.95,Late delivery,1,17,Cleats,Albuquerque,EE. UU.,XXXXXXXXX,Kevin,2436,Park,XXXXXXXXX,Corporate,NM,8368 Colonial Line,87120,4,Apparel,35.12,-106.7,LATAM,Merida,Mexico,2436,,9489,365,9,0.03,23710,59.99,0.06,5,299.95,290.95,18.33,Central America,ON_HOLD,,365,17,,http://images.acmesports.sports/Perfect+Fitness+Perfect+Rip+Deck,59.99,0,42148.50278,Standard Class,Perfect Fitness Perfect Rip Deck,962
PAYMENT,2,1,19.87,58.79,Late delivery,1,17,Cleats,Bronx,EE. UU.,XXXXXXXXX,Karen,956,Smith,XXXXXXXXX,Corporate,NY,5407 Hazy Hills Point,10473,4,Apparel,40.91,-73.85,LATAM,Merida,Mexico,956,,57415,365,1.200000048,0.02,143622,59.99,0.34,1,59.99,58.79,19.87,Central America,PENDING_PAYMENT,,365,17,,http://images.acmesports.sports/Perfect+Fitness+Perfect+Rip+Deck,59.99,0,42845.11111,First Class,Perfect Fitness Perfect Rip Deck,963
PAYMENT,2,1,43.5,347.98,Late delivery,1,45,Fishing,Muskegon,EE. UU.,XXXXXXXXX,Samantha,1220,Terry,XXXXXXXXX,Corporate,MI,6141 Quiet Lane,49442,7,Fan Shop,43.24,-86.2,LATAM,Merida,Mexico,1220,42128,6444,1004,52,0.13,16129,399.98,0.13,1,399.98,347.98,43.5,Central America,PENDING_PAYMENT,,1004,45,,http://images.acmesports.sports/Field+%26+Stream+Sportsman+16+Gun+Fire+Safe,399.98,0,42101.05278,First Class,Field & Stream Sportsman 16 Gun Fire Safe,964
PAYMENT,2,1,9.61,85.03,Late delivery,1,13,Electronics,Muskegon,EE. UU.,XXXXXXXXX,Samantha,1220,Terry,XXXXXXXXX,Corporate,MI,6141 Quiet Lane,49442,3,Footwear,43.24,-86.2,LATAM,Merida,Mexico,1220,42128,6444,278,4.949999809,0.06,16130,44.99,0.11,2,89.98,85.03,9.61,Central America,PENDING_PAYMENT,,278,13,,http://images.acmesports.sports/Under+Armour+Men%27s+Compression+EV+SL+Slide,44.99,0,42101.05278,First Class,Under Armour Men's Compression EV SL Slide,965
PAYMENT,2,1,94.74,201.57,Late delivery,1,17,Cleats,Detroit,EE. UU.,XXXXXXXXX,Mary,7163,Jones,XXXXXXXXX,Corporate,MI,6867 Honey Heights,48205,4,Apparel,42.43,-82.98,LATAM,Progreso,Mexico,7163,43010,52824,365,38.38999939,0.16,132056,59.99,0.47,4,239.96,201.57,94.74,Central America,PENDING_PAYMENT,,365,17,,http://images.acmesports.sports/Perfect+Fitness+Perfect+Rip+Deck,59.99,0,42778.09306,First Class,Perfect Fitness Perfect Rip Deck,966
PAYMENT,2,1,133.01,424.96,Late delivery,1,9,Cardio Equipment,Detroit,EE. UU.,XXXXXXXXX,Mary,7163,Jones,XXXXXXXXX,Corporate,MI,6867 Honey Heights,48205,3,Footwear,42.43,-82.98,LATAM,Progreso,Mexico,7163,43010,52824,191,74.98999786,0.15,132055,99.99,0.31,5,499.95,424.96,133.01,Central America,PENDING_PAYMENT,,191,9,,http://images.acmesports.sports/Nike+Men%27s+Free+5.0%2B+Running+Shoe,99.99,0,42778.09306,First Class,Nike Men's Free 5.0+ Running Shoe,967
TRANSFER,5,4,1.09,109.19,Late delivery,1,18,Men's Footwear,Caguas,Puerto Rico,XXXXXXXXX,Mary,633,Campbell,XXXXXXXXX,Home Office,PR,398 Emerald Grove,725,4,Apparel,18.03,-66.61,LATAM,Merida,Mexico,633,,59994,403,20.79999924,0.16,150163,129.99,0.01,1,129.99,109.19,1.09,Central America,PROCESSING,,403,18,,http://images.acmesports.sports/Nike+Men%27s+CJ+Elite+2+TD+Football+Cleat,129.99,0,42885.75903,Standard Class,Nike Men's CJ Elite 2 TD Football Cleat,968
TRANSFER,4,4,82.07,170.97,Shipping on time,0,17,Cleats,Caguas,Puerto Rico,XXXXXXXXX,Thomas,4259,Trujillo,XXXXXXXXX,Home Office,PR,465 Rustic Horse Heath,725,4,Apparel,18.29,-66.37,LATAM,Merida,Mexico,4259,42158,4433,365,9,0.05,11108,59.99,0.48,3,179.97,170.97,82.07,Central America,PROCESSING,,365,17,,http://images.acmesports.sports/Perfect+Fitness+Perfect+Rip+Deck,59.99,0,42073.69653,Standard Class,Perfect Fitness Perfect Rip Deck,969
TRANSFER,5,4,52.77,181.95,Late delivery,1,29,Shop By Sport,Caguas,Puerto Rico,XXXXXXXXX,Mary,633,Campbell,XXXXXXXXX,Home Office,PR,398 Emerald Grove,725,5,Golf,18.03,-66.61,LATAM,Merida,Mexico,633,,59994,627,18,0.09,150164,39.99,0.29,5,199.95,181.95,52.77,Central America,PROCESSING,,627,29,,http://images.acmesports.sports/Under+Armour+Girls%27+Toddler+Spine+Surge+Running+Shoe,39.99,0,42885.75903,Standard Class,Under Armour Girls' Toddler Spine Surge Runni,970
TRANSFER,3,4,31.45,66.92,Shipping canceled,0,36,Golf Balls,Lenoir,EE. UU.,XXXXXXXXX,Edward,8208,Wheeler,XXXXXXXXX,Corporate,NC,2679 Rustic Loop,28645,6,Outdoors,36.11,-81.53,LATAM,Merida,Mexico,8208,42309,717,797,5.039999962,0.07,1765,17.99,0.47,4,71.96,66.92,31.45,Central America,CANCELED,,797,36,,http://images.acmesports.sports/Hirzl+Women%27s+Soffft+Flex+Golf+Glove,17.99,0,42018.45139,Standard Class,Hirzl Women's Soffft Flex Golf Glove,971
CASH,1,0,45.86,176.39,Late delivery,1,35,Golf Gloves,Elgin,EE. UU.,XXXXXXXXX,Mary,4116,Smith,XXXXXXXXX,Home Office,IL,2407 Gentle Woods,60123,6,Outdoors,42.03,-88.29,LATAM,Progreso,Mexico,4116,42984,61019,786,3.599999905,0.02,152648,179.99,0.26,1,179.99,176.39,45.86,Central America,CLOSED,,786,35,,http://images.acmesports.sports/TaylorMade+2014+Purelite+Stand+Bag,179.99,0,42896.22153,Same Day,TaylorMade 2014 Purelite Stand Bag,972
PAYMENT,2,1,-5.15,18.74,Late delivery,1,35,Golf Gloves,Bronx,EE. UU.,XXXXXXXXX,Karen,956,Smith,XXXXXXXXX,Corporate,NY,5407 Hazy Hills Point,10473,6,Outdoors,40.91,-73.85,LATAM,Merida,Mexico,956,,57415,778,6.25,0.25,143619,24.99,-0.28,1,24.99,18.74,-5.15,Central America,PENDING_PAYMENT,,778,35,,http://images.acmesports.sports/Bag+Boy+Beverage+Holder,24.99,0,42845.11111,First Class,Bag Boy Beverage Holder,973
DEBIT,2,1,40.61,124.95,Late delivery,1,35,Golf Gloves,San Jose,EE. UU.,XXXXXXXXX,Adam,7269,Hodges,XXXXXXXXX,Consumer,CA,5808 Silver Rise Circuit,95111,6,Outdoors,37.26,-121.81,LATAM,Merida,Mexico,7269,42128,6446,778,0,0,16133,24.99,0.33,5,124.95,124.95,40.61,Central America,COMPLETE,,778,35,,http://images.acmesports.sports/Bag+Boy+Beverage+Holder,24.99,0,42101.08194,First Class,Bag Boy Beverage Holder,974
DEBIT,3,4,13.43,47.95,Advance shipping,0,35,Golf Gloves,Meridian,EE. UU.,XXXXXXXXX,Carl,7123,Smith,XXXXXXXXX,Consumer,ID,4502 Hazy Run,83642,6,Outdoors,43.56,-116.39,LATAM,Merida,Mexico,7123,42039,6257,775,2,0.04,15655,9.99,0.28,5,49.95,47.95,13.43,Central America,ON_HOLD,,775,35,,http://images.acmesports.sports/Clicgear+8.0+Shoe+Brush,9.99,0,42099.32292,Standard Class,Clicgear 8.0 Shoe Brush,975
CASH,4,4,82.21,283.48,Shipping on time,0,43,Camping & Hiking,Taylor,EE. UU.,XXXXXXXXX,Mary,17,Robinson,XXXXXXXXX,Consumer,MI,1325 Noble Pike,48180,7,Fan Shop,42.2,-83.24,LATAM,Merida,Mexico,17,,57733,957,16.5,0.06,144433,299.98,0.29,1,299.98,283.48,82.21,Central America,CLOSED,,957,43,,http://images.acmesports.sports/Diamondback+Women%27s+Serene+Classic+Comfort+Bike+2014,299.98,0,42851.75347,Standard Class,Diamondback Women's Serene Classic Comfort Bi,976
CASH,4,4,73.37,278.98,Shipping on time,0,43,Camping & Hiking,Taylor,EE. UU.,XXXXXXXXX,Mary,17,Robinson,XXXXXXXXX,Consumer,MI,1325 Noble Pike,48180,7,Fan Shop,42.2,-83.24,LATAM,Merida,Mexico,17,,57733,957,21,0.07,144431,299.98,0.26,1,299.98,278.98,73.37,Central America,CLOSED,,957,43,,http://images.acmesports.sports/Diamondback+Women%27s+Serene+Classic+Comfort+Bike+2014,299.98,0,42851.75347,Standard Class,Diamondback Women's Serene Classic Comfort Bi,977
CASH,4,4,54.6,272.98,Shipping on time,0,43,Camping & Hiking,Taylor,EE. UU.,XXXXXXXXX,Mary,17,Robinson,XXXXXXXXX,Consumer,MI,1325 Noble Pike,48180,7,Fan Shop,42.2,-83.24,LATAM,Merida,Mexico,17,,57733,957,27,0.09,144429,299.98,0.2,1,299.98,272.98,54.6,Central America,CLOSED,,957,43,,http://images.acmesports.sports/Diamondback+Women%27s+Serene+Classic+Comfort+Bike+2014,299.98,0,42851.75347,Standard Class,Diamondback Women's Serene Classic Comfort Bi,978
CASH,6,4,-2.91,116.37,Late delivery,1,29,Shop By Sport,Provo,EE. UU.,XXXXXXXXX,Jesse,9378,Crane,XXXXXXXXX,Consumer,UT,7620 Thunder Gate,84604,5,Golf,40.4,-111.55,LATAM,Merida,Mexico,9378,,56030,627,3.599999905,0.03,140082,39.99,-0.03,3,119.97,116.37,-2.91,Central America,CLOSED,,627,29,,http://images.acmesports.sports/Under+Armour+Girls%27+Toddler+Spine+Surge+Running+Shoe,39.99,0,42828.89375,Standard Class,Under Armour Girls' Toddler Spine Surge Runni,979
CASH,3,4,161.26,335.97,Advance shipping,0,9,Cardio Equipment,West Orange,EE. UU.,XXXXXXXXX,Benjamin,4242,Arroyo,XXXXXXXXX,Consumer,NJ,5408 Hidden Cider Forest,7052,3,Footwear,40.78,-74.24,LATAM,Merida,Mexico,4242,43045,61152,191,63.99000168,0.16,152960,99.99,0.48,4,399.96,335.97,161.26,Central America,CLOSED,,191,9,,http://images.acmesports.sports/Nike+Men%27s+Free+5.0%2B+Running+Shoe,99.99,0,42900.66319,Standard Class,Nike Men's Free 5.0+ Running Shoe,980
CASH,4,4,25.29,155.16,Shipping on time,0,29,Shop By Sport,Taylor,EE. UU.,XXXXXXXXX,Mary,17,Robinson,XXXXXXXXX,Consumer,MI,1325 Noble Pike,48180,5,Golf,42.2,-83.24,LATAM,Merida,Mexico,17,,57733,627,4.800000191,0.03,144430,39.99,0.16,4,159.96,155.16,25.29,Central America,CLOSED,,627,29,,http://images.acmesports.sports/Under+Armour+Girls%27+Toddler+Spine+Surge+Running+Shoe,39.99,0,42851.75347,Standard Class,Under Armour Girls' Toddler Spine Surge Runni,981
DEBIT,1,0,-1.27,98,Late delivery,1,24,Women's Apparel,Caguas,Puerto Rico,XXXXXXXXX,Mary,8893,Smith,XXXXXXXXX,Corporate,PR,9494 Thunder Inlet,725,5,Golf,18.22,-66.37,LATAM,Merida,Mexico,8893,,55736,502,2,0.02,139396,50,-0.01,2,100,98,-1.27,Central America,COMPLETE,,502,24,,http://images.acmesports.sports/Nike+Men%27s+Dri-FIT+Victory+Golf+Polo,50,0,42819.10208,Same Day,Nike Men's Dri-FIT Victory Golf Polo,982
DEBIT,1,0,56.33,179.97,Late delivery,1,17,Cleats,Caguas,Puerto Rico,XXXXXXXXX,Mary,8893,Smith,XXXXXXXXX,Corporate,PR,9494 Thunder Inlet,725,4,Apparel,18.22,-66.37,LATAM,Merida,Mexico,8893,,55736,365,59.99000168,0.25,139395,59.99,0.31,4,239.96,179.97,56.33,Central America,COMPLETE,,365,17,,http://images.acmesports.sports/Perfect+Fitness+Perfect+Rip+Deck,59.99,0,42819.10208,Same Day,Perfect Fitness Perfect Rip Deck,983
DEBIT,6,4,134.99,299.98,Late delivery,1,43,Camping & Hiking,Caguas,Puerto Rico,XXXXXXXXX,Barbara,10933,Smith,XXXXXXXXX,Corporate,PR,5594 Jagged Embers By-pass,725,7,Fan Shop,18.26,-66.37,LATAM,Merida,Mexico,10933,43075,61215,957,0,0,153126,299.98,0.45,1,299.98,299.98,134.99,Central America,COMPLETE,,957,43,,http://images.acmesports.sports/Diamondback+Women%27s+Serene+Classic+Comfort+Bike+2014,299.98,0,42904.58264,Standard Class,Diamondback Women's Serene Classic Comfort Bi,984
DEBIT,2,1,36.61,114.39,Late delivery,1,18,Men's Footwear,Carmichael,EE. UU.,XXXXXXXXX,Mary,9826,Gonzalez,XXXXXXXXX,Consumer,CA,1799 Cinder Estates,95608,4,Apparel,38.61,-121.34,LATAM,Merida,Mexico,9826,,57414,403,15.60000038,0.12,143617,129.99,0.32,1,129.99,114.39,36.61,Central America,COMPLETE,,403,18,,http://images.acmesports.sports/Nike+Men%27s+CJ+Elite+2+TD+Football+Cleat,129.99,0,42845.09653,First Class,Nike Men's CJ Elite 2 TD Football Cleat,985
DEBIT,2,1,38.22,113.09,Late delivery,1,18,Men's Footwear,Carmichael,EE. UU.,XXXXXXXXX,Mary,9826,Gonzalez,XXXXXXXXX,Consumer,CA,1799 Cinder Estates,95608,4,Apparel,38.61,-121.34,LATAM,Merida,Mexico,9826,,57414,403,16.89999962,0.13,143616,129.99,0.34,1,129.99,113.09,38.22,Central America,COMPLETE,,403,18,,http://images.acmesports.sports/Nike+Men%27s+CJ+Elite+2+TD+Football+Cleat,129.99,0,42845.09653,First Class,Nike Men's CJ Elite 2 TD Football Cleat,986
DEBIT,2,1,85.49,284.98,Late delivery,1,43,Camping & Hiking,San Jose,EE. UU.,XXXXXXXXX,Adam,7269,Hodges,XXXXXXXXX,Consumer,CA,5808 Silver Rise Circuit,95111,7,Fan Shop,37.26,-121.81,LATAM,Merida,Mexico,7269,42128,6446,957,15,0.05,16132,299.98,0.3,1,299.98,284.98,85.49,Central America,COMPLETE,,957,43,,http://images.acmesports.sports/Diamondback+Women%27s+Serene+Classic+Comfort+Bike+2014,299.98,0,42101.08194,First Class,Diamondback Women's Serene Classic Comfort Bi,987
DEBIT,2,1,102.95,263.98,Late delivery,1,43,Camping & Hiking,Carmichael,EE. UU.,XXXXXXXXX,Mary,9826,Gonzalez,XXXXXXXXX,Consumer,CA,1799 Cinder Estates,95608,7,Fan Shop,38.61,-121.34,LATAM,Merida,Mexico,9826,,57414,957,36,0.12,143614,299.98,0.39,1,299.98,263.98,102.95,Central America,COMPLETE,,957,43,,http://images.acmesports.sports/Diamondback+Women%27s+Serene+Classic+Comfort+Bike+2014,299.98,0,42845.09653,First Class,Diamondback Women's Serene Classic Comfort Bi,988
DEBIT,2,1,57.74,122.84,Late delivery,1,18,Men's Footwear,Newark,EE. UU.,XXXXXXXXX,Mary,4599,Smith,XXXXXXXXX,Consumer,NJ,3752 Red Rise,7104,4,Apparel,40.75,-74.17,LATAM,Merida,Mexico,4599,42278,680,403,7.150000095,0.06,1668,129.99,0.47,1,129.99,122.84,57.74,Central America,ON_HOLD,,403,18,,http://images.acmesports.sports/Nike+Men%27s+CJ+Elite+2+TD+Football+Cleat,129.99,0,42016.91181,First Class,Nike Men's CJ Elite 2 TD Football Cleat,989
DEBIT,2,1,29.99,59.99,Late delivery,1,29,Shop By Sport,New Orleans,EE. UU.,XXXXXXXXX,James,1072,Smith,XXXXXXXXX,Consumer,LA,5452 Jagged Green,70122,5,Golf,30.01,-90.06,LATAM,Merida,Mexico,1072,,5144,627,20,0.25,12846,39.99,0.5,2,79.98,59.99,29.99,Central America,COMPLETE,,627,29,,http://images.acmesports.sports/Under+Armour+Girls%27+Toddler+Spine+Surge+Running+Shoe,39.99,0,42082.07569,First Class,Under Armour Girls' Toddler Spine Surge Runni,990
DEBIT,2,1,17.66,38.38,Late delivery,1,36,Golf Balls,New Orleans,EE. UU.,XXXXXXXXX,James,1072,Smith,XXXXXXXXX,Consumer,LA,5452 Jagged Green,70122,6,Outdoors,30.01,-90.06,LATAM,Merida,Mexico,1072,,5144,804,1.600000024,0.04,12845,19.99,0.46,2,39.98,38.38,17.66,Central America,COMPLETE,,804,36,,http://images.acmesports.sports/Glove+It+Women%27s+Imperial+Golf+Glove,19.99,0,42082.07569,First Class,Glove It Women's Imperial Golf Glove,991
DEBIT,2,1,12.6,126,Late delivery,1,24,Women's Apparel,Carmichael,EE. UU.,XXXXXXXXX,Mary,9826,Gonzalez,XXXXXXXXX,Consumer,CA,1799 Cinder Estates,95608,5,Golf,38.61,-121.34,LATAM,Merida,Mexico,9826,,57414,502,24,0.16,143618,50,0.1,3,150,126,12.6,Central America,COMPLETE,,502,24,,http://images.acmesports.sports/Nike+Men%27s+Dri-FIT+Victory+Golf+Polo,50,0,42845.09653,First Class,Nike Men's Dri-FIT Victory Golf Polo,992
DEBIT,2,1,84.6,180,Late delivery,1,24,Women's Apparel,San Jose,EE. UU.,XXXXXXXXX,Adam,7269,Hodges,XXXXXXXXX,Consumer,CA,5808 Silver Rise Circuit,95111,5,Golf,37.26,-121.81,LATAM,Merida,Mexico,7269,42128,6446,502,20,0.1,16134,50,0.47,4,200,180,84.6,Central America,COMPLETE,,502,24,,http://images.acmesports.sports/Nike+Men%27s+Dri-FIT+Victory+Golf+Polo,50,0,42101.08194,First Class,Nike Men's Dri-FIT Victory Golf Polo,993
DEBIT,2,1,48.99,195.95,Late delivery,1,29,Shop By Sport,San Jose,EE. UU.,XXXXXXXXX,Adam,7269,Hodges,XXXXXXXXX,Consumer,CA,5808 Silver Rise Circuit,95111,5,Golf,37.26,-121.81,LATAM,Merida,Mexico,7269,42128,6446,627,4,0.02,16135,39.99,0.25,5,199.95,195.95,48.99,Central America,COMPLETE,,627,29,,http://images.acmesports.sports/Under+Armour+Girls%27+Toddler+Spine+Surge+Running+Shoe,39.99,0,42101.08194,First Class,Under Armour Girls' Toddler Spine Surge Runni,994
DEBIT,2,1,68.88,237.5,Late delivery,1,24,Women's Apparel,Carmichael,EE. UU.,XXXXXXXXX,Mary,9826,Gonzalez,XXXXXXXXX,Consumer,CA,1799 Cinder Estates,95608,5,Golf,38.61,-121.34,LATAM,Merida,Mexico,9826,,57414,502,12.5,0.05,143615,50,0.29,5,250,237.5,68.88,Central America,COMPLETE,,502,24,,http://images.acmesports.sports/Nike+Men%27s+Dri-FIT+Victory+Golf+Polo,50,0,42845.09653,First Class,Nike Men's Dri-FIT Victory Golf Polo,995
PAYMENT,4,4,0,57.59,Shipping on time,0,17,Cleats,Potomac,EE. UU.,XXXXXXXXX,Terry,3739,Long,XXXXXXXXX,Corporate,MD,1082 Grand Treasure Row,20854,4,Apparel,39.06,-77.16,LATAM,Merida,Mexico,3739,42039,6258,365,2.400000095,0.04,15657,59.99,0,1,59.99,57.59,0,Central America,PENDING_PAYMENT,,365,17,,http://images.acmesports.sports/Perfect+Fitness+Perfect+Rip+Deck,59.99,0,42100.3375,Standard Class,Perfect Fitness Perfect Rip Deck,996
PAYMENT,2,4,109.88,296.98,Advance shipping,0,43,Camping & Hiking,Cleveland,EE. UU.,XXXXXXXXX,Charles,8746,Stout,XXXXXXXXX,Corporate,OH,72 Noble Path,44120,7,Fan Shop,41.48,-81.59,LATAM,Merida,Mexico,8746,,6126,957,3,0.01,15311,299.98,0.37,1,299.98,296.98,109.88,Central America,PENDING_PAYMENT,,957,43,,http://images.acmesports.sports/Diamondback+Women%27s+Serene+Classic+Comfort+Bike+2014,299.98,0,42096.41042,Standard Class,Diamondback Women's Serene Classic Comfort Bi,997
PAYMENT,4,4,111.74,387.98,Shipping on time,0,45,Fishing,Potomac,EE. UU.,XXXXXXXXX,Terry,3739,Long,XXXXXXXXX,Corporate,MD,1082 Grand Treasure Row,20854,7,Fan Shop,39.06,-77.16,LATAM,Merida,Mexico,3739,42039,6258,1004,12,0.03,15656,399.98,0.29,1,399.98,387.98,111.74,Central America,PENDING_PAYMENT,,1004,45,,http://images.acmesports.sports/Field+%26+Stream+Sportsman+16+Gun+Fire+Safe,399.98,0,42100.3375,Standard Class,Field & Stream Sportsman 16 Gun Fire Safe,998
